Pais;Compania;Sucursal;Fecha;Modulo;Cliente;Producto;Tipo;Mensaje
EC;0090;03;2026-06-05;84;106594;524188;error;(Database.Error[getFields=(Producto__c);getMessage=No puede agregar un producto inactivo.;getStatusCode=FIELD_CUSTOM_VALIDATION_EXCEPTION;])
EC;0090;03;2026-06-05;84;106594;524188;error;(Database.Error[getFields=(Producto__c);getMessage=No puede agregar un producto inactivo.;getStatusCode=FIELD_CUSTOM_VALIDATION_EXCEPTION;])
EC;0090;03;2026-06-05;84;106594;524188;error;(Database.Error[getFields=(Producto__c);getMessage=No puede agregar un producto inactivo.;getStatusCode=FIELD_CUSTOM_VALIDATION_EXCEPTION;])
EC;0090;03;2026-06-05;84;106594;524188;error;(Database.Error[getFields=(Producto__c);getMessage=No puede agregar un producto inactivo.;getStatusCode=FIELD_CUSTOM_VALIDATION_EXCEPTION;])
EC;0090;03;2026-06-05;84;106594;524188;error;(Database.Error[getFields=(Producto__c);getMessage=No puede agregar un producto inactivo.;getStatusCode=FIELD_CUSTOM_VALIDATION_EXCEPTION;])
EC;0090;03;2026-06-05;84;106594;524188;error;(Database.Error[getFields=(Producto__c);getMessage=No puede agregar un producto inactivo.;getStatusCode=FIELD_CUSTOM_VALIDATION_EXCEPTION;])
EC;0090;03;2026-06-05;84;106594;524188;error;(Database.Error[getFields=(Producto__c);getMessage=No puede agregar un producto inactivo.;getStatusCode=FIELD_CUSTOM_VALIDATION_EXCEPTION;])
EC;0090;03;2026-06-05;84;106594;524188;error;(Database.Error[getFields=(Producto__c);getMessage=No puede agregar un producto inactivo.;getStatusCode=FIELD_CUSTOM_VALIDATION_EXCEPTION;])
EC;0090;03;2026-06-05;113;123941;524188;error;(Database.Error[getFields=(Producto__c);getMessage=No puede agregar un producto inactivo.;getStatusCode=FIELD_CUSTOM_VALIDATION_EXCEPTION;])
EC;0090;03;2026-06-05;113;123941;524188;error;(Database.Error[getFields=(Producto__c);getMessage=No puede agregar un producto inactivo.;getStatusCode=FIELD_CUSTOM_VALIDATION_EXCEPTION;])
EC;0090;03;2026-06-05;113;123941;524188;error;(Database.Error[getFields=(Producto__c);getMessage=No puede agregar un producto inactivo.;getStatusCode=FIELD_CUSTOM_VALIDATION_EXCEPTION;])
EC;0090;03;2026-06-05;113;123941;524188;error;(Database.Error[getFields=(Producto__c);getMessage=No puede agregar un producto inactivo.;getStatusCode=FIELD_CUSTOM_VALIDATION_EXCEPTION;])
EC;0090;03;2026-06-05;113;123941;524188;error;(Database.Error[getFields=(Producto__c);getMessage=No puede agregar un producto inactivo.;getStatusCode=FIELD_CUSTOM_VALIDATION_EXCEPTION;])
EC;0090;03;2026-06-05;113;123941;524188;error;(Database.Error[getFields=(Producto__c);getMessage=No puede agregar un producto inactivo.;getStatusCode=FIELD_CUSTOM_VALIDATION_EXCEPTION;])
EC;0090;03;2026-06-05;113;123941;524188;error;(Database.Error[getFields=(Producto__c);getMessage=No puede agregar un producto inactivo.;getStatusCode=FIELD_CUSTOM_VALIDATION_EXCEPTION;])
EC;0090;03;2026-06-05;113;123941;524188;error;(Database.Error[getFields=(Producto__c);getMessage=No puede agregar un producto inactivo.;getStatusCode=FIELD_CUSTOM_VALIDATION_EXCEPTION;])
EC;0090;03;2026-06-05;113;123941;524188;error;(Database.Error[getFields=(Producto__c);getMessage=No puede agregar un producto inactivo.;getStatusCode=FIELD_CUSTOM_VALIDATION_EXCEPTION;])
EC;0090;03;2026-06-05;113;123941;524188;error;(Database.Error[getFields=(Producto__c);getMessage=No puede agregar un producto inactivo.;getStatusCode=FIELD_CUSTOM_VALIDATION_EXCEPTION;])
EC;0090;03;2026-06-05;113;123941;524188;error;(Database.Error[getFields=(Producto__c);getMessage=No puede agregar un producto inactivo.;getStatusCode=FIELD_CUSTOM_VALIDATION_EXCEPTION;])
EC;0090;03;2026-06-05;56;144344;524188;error;(Database.Error[getFields=(Producto__c);getMessage=No puede agregar un producto inactivo.;getStatusCode=FIELD_CUSTOM_VALIDATION_EXCEPTION;])
EC;0090;03;2026-06-05;56;144344;524188;error;(Database.Error[getFields=(Producto__c);getMessage=No puede agregar un producto inactivo.;getStatusCode=FIELD_CUSTOM_VALIDATION_EXCEPTION;])
EC;0090;03;2026-06-05;56;144344;524188;error;(Database.Error[getFields=(Producto__c);getMessage=No puede agregar un producto inactivo.;getStatusCode=FIELD_CUSTOM_VALIDATION_EXCEPTION;])
EC;0090;03;2026-06-05;56;144344;524188;error;(Database.Error[getFields=(Producto__c);getMessage=No puede agregar un producto inactivo.;getStatusCode=FIELD_CUSTOM_VALIDATION_EXCEPTION;])
EC;0090;03;2026-06-05;56;144344;524188;error;(Database.Error[getFields=(Producto__c);getMessage=No puede agregar un producto inactivo.;getStatusCode=FIELD_CUSTOM_VALIDATION_EXCEPTION;])
EC;0090;03;2026-06-05;58;208354;524188;error;(Database.Error[getFields=(Producto__c);getMessage=No puede agregar un producto inactivo.;getStatusCode=FIELD_CUSTOM_VALIDATION_EXCEPTION;])
EC;0090;03;2026-06-05;58;208354;524188;error;(Database.Error[getFields=(Producto__c);getMessage=No puede agregar un producto inactivo.;getStatusCode=FIELD_CUSTOM_VALIDATION_EXCEPTION;])
EC;0090;03;2026-06-05;58;208354;524188;error;(Database.Error[getFields=(Producto__c);getMessage=No puede agregar un producto inactivo.;getStatusCode=FIELD_CUSTOM_VALIDATION_EXCEPTION;])
EC;0090;03;2026-06-05;58;208354;524188;error;(Database.Error[getFields=(Producto__c);getMessage=No puede agregar un producto inactivo.;getStatusCode=FIELD_CUSTOM_VALIDATION_EXCEPTION;])
EC;0090;03;2026-06-05;58;208354;524188;error;(Database.Error[getFields=(Producto__c);getMessage=No puede agregar un producto inactivo.;getStatusCode=FIELD_CUSTOM_VALIDATION_EXCEPTION;])
EC;0090;03;2026-06-05;58;208354;524188;error;(Database.Error[getFields=(Producto__c);getMessage=No puede agregar un producto inactivo.;getStatusCode=FIELD_CUSTOM_VALIDATION_EXCEPTION;])
EC;0090;03;2026-06-05;58;208354;524188;error;(Database.Error[getFields=(Producto__c);getMessage=No puede agregar un producto inactivo.;getStatusCode=FIELD_CUSTOM_VALIDATION_EXCEPTION;])
EC;0090;03;2026-06-05;58;208354;524188;error;(Database.Error[getFields=(Producto__c);getMessage=No puede agregar un producto inactivo.;getStatusCode=FIELD_CUSTOM_VALIDATION_EXCEPTION;])
EC;0090;03;2026-06-05;58;208354;524188;error;(Database.Error[getFields=(Producto__c);getMessage=No puede agregar un producto inactivo.;getStatusCode=FIELD_CUSTOM_VALIDATION_EXCEPTION;])
EC;0090;03;2026-06-05;113;227032;524188;error;(Database.Error[getFields=(Producto__c);getMessage=No puede agregar un producto inactivo.;getStatusCode=FIELD_CUSTOM_VALIDATION_EXCEPTION;])
EC;0090;03;2026-06-05;113;227032;524188;error;(Database.Error[getFields=(Producto__c);getMessage=No puede agregar un producto inactivo.;getStatusCode=FIELD_CUSTOM_VALIDATION_EXCEPTION;])
EC;0090;03;2026-06-05;123;249213;524188;error;(Database.Error[getFields=(Producto__c);getMessage=No puede agregar un producto inactivo.;getStatusCode=FIELD_CUSTOM_VALIDATION_EXCEPTION;])
EC;0090;03;2026-06-05;123;249213;524188;error;(Database.Error[getFields=(Producto__c);getMessage=No puede agregar un producto inactivo.;getStatusCode=FIELD_CUSTOM_VALIDATION_EXCEPTION;])
EC;0090;03;2026-06-05;123;249213;524188;error;(Database.Error[getFields=(Producto__c);getMessage=No puede agregar un producto inactivo.;getStatusCode=FIELD_CUSTOM_VALIDATION_EXCEPTION;])
EC;0090;03;2026-06-05;123;249213;524188;error;(Database.Error[getFields=(Producto__c);getMessage=No puede agregar un producto inactivo.;getStatusCode=FIELD_CUSTOM_VALIDATION_EXCEPTION;])
EC;0090;03;2026-06-05;123;249213;524188;error;(Database.Error[getFields=(Producto__c);getMessage=No puede agregar un producto inactivo.;getStatusCode=FIELD_CUSTOM_VALIDATION_EXCEPTION;])
EC;0090;03;2026-06-05;60;28618;524188;error;(Database.Error[getFields=(Producto__c);getMessage=No puede agregar un producto inactivo.;getStatusCode=FIELD_CUSTOM_VALIDATION_EXCEPTION;])
EC;0090;03;2026-06-05;60;28618;524188;error;(Database.Error[getFields=(Producto__c);getMessage=No puede agregar un producto inactivo.;getStatusCode=FIELD_CUSTOM_VALIDATION_EXCEPTION;])
EC;0090;03;2026-06-05;60;28618;524188;error;(Database.Error[getFields=(Producto__c);getMessage=No puede agregar un producto inactivo.;getStatusCode=FIELD_CUSTOM_VALIDATION_EXCEPTION;])
EC;0090;03;2026-06-05;121;329357;524188;error;(Database.Error[getFields=(Producto__c);getMessage=No puede agregar un producto inactivo.;getStatusCode=FIELD_CUSTOM_VALIDATION_EXCEPTION;])
EC;0090;03;2026-06-05;121;329357;524188;error;(Database.Error[getFields=(Producto__c);getMessage=No puede agregar un producto inactivo.;getStatusCode=FIELD_CUSTOM_VALIDATION_EXCEPTION;])
EC;0090;03;2026-06-05;121;329357;524188;error;(Database.Error[getFields=(Producto__c);getMessage=No puede agregar un producto inactivo.;getStatusCode=FIELD_CUSTOM_VALIDATION_EXCEPTION;])
EC;0090;03;2026-06-05;121;329357;524188;error;(Database.Error[getFields=(Producto__c);getMessage=No puede agregar un producto inactivo.;getStatusCode=FIELD_CUSTOM_VALIDATION_EXCEPTION;])
EC;0090;03;2026-06-05;121;329357;524188;error;(Database.Error[getFields=(Producto__c);getMessage=No puede agregar un producto inactivo.;getStatusCode=FIELD_CUSTOM_VALIDATION_EXCEPTION;])
EC;0090;03;2026-06-05;121;329357;524188;error;(Database.Error[getFields=(Producto__c);getMessage=No puede agregar un producto inactivo.;getStatusCode=FIELD_CUSTOM_VALIDATION_EXCEPTION;])
EC;0090;03;2026-06-05;121;329357;524188;error;(Database.Error[getFields=(Producto__c);getMessage=No puede agregar un producto inactivo.;getStatusCode=FIELD_CUSTOM_VALIDATION_EXCEPTION;])
EC;0090;03;2026-06-05;80;374562;524188;error;(Database.Error[getFields=(Producto__c);getMessage=No puede agregar un producto inactivo.;getStatusCode=FIELD_CUSTOM_VALIDATION_EXCEPTION;])
EC;0090;03;2026-06-05;80;374562;524188;error;(Database.Error[getFields=(Producto__c);getMessage=No puede agregar un producto inactivo.;getStatusCode=FIELD_CUSTOM_VALIDATION_EXCEPTION;])
EC;0090;03;2026-06-05;114;386877;524188;error;(Database.Error[getFields=(Producto__c);getMessage=No puede agregar un producto inactivo.;getStatusCode=FIELD_CUSTOM_VALIDATION_EXCEPTION;])
EC;0090;03;2026-06-05;114;386877;524188;error;(Database.Error[getFields=(Producto__c);getMessage=No puede agregar un producto inactivo.;getStatusCode=FIELD_CUSTOM_VALIDATION_EXCEPTION;])
EC;0090;03;2026-06-05;114;386877;524188;error;(Database.Error[getFields=(Producto__c);getMessage=No puede agregar un producto inactivo.;getStatusCode=FIELD_CUSTOM_VALIDATION_EXCEPTION;])
EC;0090;03;2026-06-05;114;386877;524188;error;(Database.Error[getFields=(Producto__c);getMessage=No puede agregar un producto inactivo.;getStatusCode=FIELD_CUSTOM_VALIDATION_EXCEPTION;])
EC;0090;03;2026-06-05;121;413510;524188;error;(Database.Error[getFields=(Producto__c);getMessage=No puede agregar un producto inactivo.;getStatusCode=FIELD_CUSTOM_VALIDATION_EXCEPTION;])
EC;0090;03;2026-06-05;121;413510;524188;error;(Database.Error[getFields=(Producto__c);getMessage=No puede agregar un producto inactivo.;getStatusCode=FIELD_CUSTOM_VALIDATION_EXCEPTION;])
EC;0090;03;2026-06-05;121;413510;524188;error;(Database.Error[getFields=(Producto__c);getMessage=No puede agregar un producto inactivo.;getStatusCode=FIELD_CUSTOM_VALIDATION_EXCEPTION;])
EC;0090;03;2026-06-05;121;413510;524188;error;(Database.Error[getFields=(Producto__c);getMessage=No puede agregar un producto inactivo.;getStatusCode=FIELD_CUSTOM_VALIDATION_EXCEPTION;])
EC;0090;03;2026-06-05;121;413510;524188;error;(Database.Error[getFields=(Producto__c);getMessage=No puede agregar un producto inactivo.;getStatusCode=FIELD_CUSTOM_VALIDATION_EXCEPTION;])
EC;0090;03;2026-06-05;121;413510;524188;error;(Database.Error[getFields=(Producto__c);getMessage=No puede agregar un producto inactivo.;getStatusCode=FIELD_CUSTOM_VALIDATION_EXCEPTION;])
EC;0090;03;2026-06-05;121;413510;524188;error;(Database.Error[getFields=(Producto__c);getMessage=No puede agregar un producto inactivo.;getStatusCode=FIELD_CUSTOM_VALIDATION_EXCEPTION;])
EC;0090;03;2026-06-05;121;413510;524188;error;(Database.Error[getFields=(Producto__c);getMessage=No puede agregar un producto inactivo.;getStatusCode=FIELD_CUSTOM_VALIDATION_EXCEPTION;])
EC;0090;03;2026-06-05;121;413510;524188;error;(Database.Error[getFields=(Producto__c);getMessage=No puede agregar un producto inactivo.;getStatusCode=FIELD_CUSTOM_VALIDATION_EXCEPTION;])
EC;0090;03;2026-06-05;121;413510;524188;error;(Database.Error[getFields=(Producto__c);getMessage=No puede agregar un producto inactivo.;getStatusCode=FIELD_CUSTOM_VALIDATION_EXCEPTION;])
EC;0090;03;2026-06-05;75;428044;524188;error;(Database.Error[getFields=(Producto__c);getMessage=No puede agregar un producto inactivo.;getStatusCode=FIELD_CUSTOM_VALIDATION_EXCEPTION;])
EC;0090;03;2026-06-05;75;428044;524188;error;(Database.Error[getFields=(Producto__c);getMessage=No puede agregar un producto inactivo.;getStatusCode=FIELD_CUSTOM_VALIDATION_EXCEPTION;])
EC;0090;03;2026-06-05;75;428044;524188;error;(Database.Error[getFields=(Producto__c);getMessage=No puede agregar un producto inactivo.;getStatusCode=FIELD_CUSTOM_VALIDATION_EXCEPTION;])
EC;0090;03;2026-06-05;96;435554;524188;error;(Database.Error[getFields=(Producto__c);getMessage=No puede agregar un producto inactivo.;getStatusCode=FIELD_CUSTOM_VALIDATION_EXCEPTION;])
EC;0090;03;2026-06-05;96;435554;524188;error;(Database.Error[getFields=(Producto__c);getMessage=No puede agregar un producto inactivo.;getStatusCode=FIELD_CUSTOM_VALIDATION_EXCEPTION;])
EC;0090;03;2026-06-05;96;435554;524188;error;(Database.Error[getFields=(Producto__c);getMessage=No puede agregar un producto inactivo.;getStatusCode=FIELD_CUSTOM_VALIDATION_EXCEPTION;])
EC;0090;03;2026-06-05;121;443953;524188;error;(Database.Error[getFields=(Producto__c);getMessage=No puede agregar un producto inactivo.;getStatusCode=FIELD_CUSTOM_VALIDATION_EXCEPTION;])
EC;0090;03;2026-06-05;121;443953;524188;error;(Database.Error[getFields=(Producto__c);getMessage=No puede agregar un producto inactivo.;getStatusCode=FIELD_CUSTOM_VALIDATION_EXCEPTION;])
EC;0090;03;2026-06-05;121;443953;524188;error;(Database.Error[getFields=(Producto__c);getMessage=No puede agregar un producto inactivo.;getStatusCode=FIELD_CUSTOM_VALIDATION_EXCEPTION;])
EC;0090;03;2026-06-05;121;443953;524188;error;(Database.Error[getFields=(Producto__c);getMessage=No puede agregar un producto inactivo.;getStatusCode=FIELD_CUSTOM_VALIDATION_EXCEPTION;])
EC;0090;03;2026-06-05;121;443953;524188;error;(Database.Error[getFields=(Producto__c);getMessage=No puede agregar un producto inactivo.;getStatusCode=FIELD_CUSTOM_VALIDATION_EXCEPTION;])
EC;0090;03;2026-06-05;121;443953;524188;error;(Database.Error[getFields=(Producto__c);getMessage=No puede agregar un producto inactivo.;getStatusCode=FIELD_CUSTOM_VALIDATION_EXCEPTION;])
EC;0090;03;2026-06-05;74;453454;524188;error;(Database.Error[getFields=(Producto__c);getMessage=No puede agregar un producto inactivo.;getStatusCode=FIELD_CUSTOM_VALIDATION_EXCEPTION;])
EC;0090;03;2026-06-05;121;459125;524188;error;(Database.Error[getFields=(Producto__c);getMessage=No puede agregar un producto inactivo.;getStatusCode=FIELD_CUSTOM_VALIDATION_EXCEPTION;])
EC;0090;03;2026-06-05;121;459125;524188;error;(Database.Error[getFields=(Producto__c);getMessage=No puede agregar un producto inactivo.;getStatusCode=FIELD_CUSTOM_VALIDATION_EXCEPTION;])
EC;0090;03;2026-06-05;121;459125;524188;error;(Database.Error[getFields=(Producto__c);getMessage=No puede agregar un producto inactivo.;getStatusCode=FIELD_CUSTOM_VALIDATION_EXCEPTION;])
EC;0090;03;2026-06-05;121;459125;524188;error;(Database.Error[getFields=(Producto__c);getMessage=No puede agregar un producto inactivo.;getStatusCode=FIELD_CUSTOM_VALIDATION_EXCEPTION;])
EC;0090;03;2026-06-05;121;459125;524188;error;(Database.Error[getFields=(Producto__c);getMessage=No puede agregar un producto inactivo.;getStatusCode=FIELD_CUSTOM_VALIDATION_EXCEPTION;])
EC;0090;03;2026-06-05;121;459125;524188;error;(Database.Error[getFields=(Producto__c);getMessage=No puede agregar un producto inactivo.;getStatusCode=FIELD_CUSTOM_VALIDATION_EXCEPTION;])
EC;0090;03;2026-06-05;90323;467830;524188;error;(Database.Error[getFields=(Producto__c);getMessage=No puede agregar un producto inactivo.;getStatusCode=FIELD_CUSTOM_VALIDATION_EXCEPTION;])
EC;0090;03;2026-06-05;90323;467830;524188;error;(Database.Error[getFields=(Producto__c);getMessage=No puede agregar un producto inactivo.;getStatusCode=FIELD_CUSTOM_VALIDATION_EXCEPTION;])
EC;0090;03;2026-06-05;90323;467830;524188;error;(Database.Error[getFields=(Producto__c);getMessage=No puede agregar un producto inactivo.;getStatusCode=FIELD_CUSTOM_VALIDATION_EXCEPTION;])
EC;0090;03;2026-06-05;90323;467830;524188;error;(Database.Error[getFields=(Producto__c);getMessage=No puede agregar un producto inactivo.;getStatusCode=FIELD_CUSTOM_VALIDATION_EXCEPTION;])
EC;0090;03;2026-06-05;90323;467830;524188;error;(Database.Error[getFields=(Producto__c);getMessage=No puede agregar un producto inactivo.;getStatusCode=FIELD_CUSTOM_VALIDATION_EXCEPTION;])
EC;0090;03;2026-06-05;90323;467830;524188;error;(Database.Error[getFields=(Producto__c);getMessage=No puede agregar un producto inactivo.;getStatusCode=FIELD_CUSTOM_VALIDATION_EXCEPTION;])
EC;0090;03;2026-06-05;90323;467830;524188;error;(Database.Error[getFields=(Producto__c);getMessage=No puede agregar un producto inactivo.;getStatusCode=FIELD_CUSTOM_VALIDATION_EXCEPTION;])
EC;0090;03;2026-06-05;90323;467830;524188;error;(Database.Error[getFields=(Producto__c);getMessage=No puede agregar un producto inactivo.;getStatusCode=FIELD_CUSTOM_VALIDATION_EXCEPTION;])
EC;0090;03;2026-06-05;90323;467830;524188;error;(Database.Error[getFields=(Producto__c);getMessage=No puede agregar un producto inactivo.;getStatusCode=FIELD_CUSTOM_VALIDATION_EXCEPTION;])
EC;0090;03;2026-06-05;121;472707;524188;error;(Database.Error[getFields=(Producto__c);getMessage=No puede agregar un producto inactivo.;getStatusCode=FIELD_CUSTOM_VALIDATION_EXCEPTION;])
EC;0090;03;2026-06-05;121;472707;524188;error;(Database.Error[getFields=(Producto__c);getMessage=No puede agregar un producto inactivo.;getStatusCode=FIELD_CUSTOM_VALIDATION_EXCEPTION;])
EC;0090;03;2026-06-05;121;472707;524188;error;(Database.Error[getFields=(Producto__c);getMessage=No puede agregar un producto inactivo.;getStatusCode=FIELD_CUSTOM_VALIDATION_EXCEPTION;])
EC;0090;03;2026-06-05;121;472707;524188;error;(Database.Error[getFields=(Producto__c);getMessage=No puede agregar un producto inactivo.;getStatusCode=FIELD_CUSTOM_VALIDATION_EXCEPTION;])
EC;0090;03;2026-06-05;121;472707;524188;error;(Database.Error[getFields=(Producto__c);getMessage=No puede agregar un producto inactivo.;getStatusCode=FIELD_CUSTOM_VALIDATION_EXCEPTION;])
EC;0090;03;2026-06-05;121;472707;524188;error;(Database.Error[getFields=(Producto__c);getMessage=No puede agregar un producto inactivo.;getStatusCode=FIELD_CUSTOM_VALIDATION_EXCEPTION;])
EC;0090;03;2026-06-05;121;472707;524188;error;(Database.Error[getFields=(Producto__c);getMessage=No puede agregar un producto inactivo.;getStatusCode=FIELD_CUSTOM_VALIDATION_EXCEPTION;])
EC;0090;03;2026-06-05;121;472707;524188;error;(Database.Error[getFields=(Producto__c);getMessage=No puede agregar un producto inactivo.;getStatusCode=FIELD_CUSTOM_VALIDATION_EXCEPTION;])
EC;0090;03;2026-06-05;121;472707;524188;error;(Database.Error[getFields=(Producto__c);getMessage=No puede agregar un producto inactivo.;getStatusCode=FIELD_CUSTOM_VALIDATION_EXCEPTION;])
EC;0090;03;2026-06-05;121;472707;524188;error;(Database.Error[getFields=(Producto__c);getMessage=No puede agregar un producto inactivo.;getStatusCode=FIELD_CUSTOM_VALIDATION_EXCEPTION;])
EC;0090;03;2026-06-05;108;477720;524188;error;(Database.Error[getFields=(Producto__c);getMessage=No puede agregar un producto inactivo.;getStatusCode=FIELD_CUSTOM_VALIDATION_EXCEPTION;])
EC;0090;03;2026-06-05;108;477720;524188;error;(Database.Error[getFields=(Producto__c);getMessage=No puede agregar un producto inactivo.;getStatusCode=FIELD_CUSTOM_VALIDATION_EXCEPTION;])
EC;0090;03;2026-06-05;108;477720;524188;error;(Database.Error[getFields=(Producto__c);getMessage=No puede agregar un producto inactivo.;getStatusCode=FIELD_CUSTOM_VALIDATION_EXCEPTION;])
EC;0090;03;2026-06-05;108;477720;524188;error;(Database.Error[getFields=(Producto__c);getMessage=No puede agregar un producto inactivo.;getStatusCode=FIELD_CUSTOM_VALIDATION_EXCEPTION;])
EC;0090;03;2026-06-05;108;477720;524188;error;(Database.Error[getFields=(Producto__c);getMessage=No puede agregar un producto inactivo.;getStatusCode=FIELD_CUSTOM_VALIDATION_EXCEPTION;])
EC;0090;03;2026-06-05;108;477720;524188;error;(Database.Error[getFields=(Producto__c);getMessage=No puede agregar un producto inactivo.;getStatusCode=FIELD_CUSTOM_VALIDATION_EXCEPTION;])
EC;0090;03;2026-06-05;76;482619;524188;error;(Database.Error[getFields=(Producto__c);getMessage=No puede agregar un producto inactivo.;getStatusCode=FIELD_CUSTOM_VALIDATION_EXCEPTION;])
EC;0090;03;2026-06-05;76;482619;524188;error;(Database.Error[getFields=(Producto__c);getMessage=No puede agregar un producto inactivo.;getStatusCode=FIELD_CUSTOM_VALIDATION_EXCEPTION;])
EC;0090;03;2026-06-05;76;482619;524188;error;(Database.Error[getFields=(Producto__c);getMessage=No puede agregar un producto inactivo.;getStatusCode=FIELD_CUSTOM_VALIDATION_EXCEPTION;])
EC;0090;03;2026-06-05;74;486021;524188;error;(Database.Error[getFields=(Producto__c);getMessage=No puede agregar un producto inactivo.;getStatusCode=FIELD_CUSTOM_VALIDATION_EXCEPTION;])
EC;0090;03;2026-06-05;74;486021;524188;error;(Database.Error[getFields=(Producto__c);getMessage=No puede agregar un producto inactivo.;getStatusCode=FIELD_CUSTOM_VALIDATION_EXCEPTION;])
EC;0090;03;2026-06-05;74;486021;524188;error;(Database.Error[getFields=(Producto__c);getMessage=No puede agregar un producto inactivo.;getStatusCode=FIELD_CUSTOM_VALIDATION_EXCEPTION;])
EC;0090;03;2026-06-05;74;486021;524188;error;(Database.Error[getFields=(Producto__c);getMessage=No puede agregar un producto inactivo.;getStatusCode=FIELD_CUSTOM_VALIDATION_EXCEPTION;])
EC;0090;03;2026-06-05;74;486021;524188;error;(Database.Error[getFields=(Producto__c);getMessage=No puede agregar un producto inactivo.;getStatusCode=FIELD_CUSTOM_VALIDATION_EXCEPTION;])
EC;0090;03;2026-06-05;74;486021;524188;error;(Database.Error[getFields=(Producto__c);getMessage=No puede agregar un producto inactivo.;getStatusCode=FIELD_CUSTOM_VALIDATION_EXCEPTION;])
EC;0090;03;2026-06-05;74;486021;524188;error;(Database.Error[getFields=(Producto__c);getMessage=No puede agregar un producto inactivo.;getStatusCode=FIELD_CUSTOM_VALIDATION_EXCEPTION;])
EC;0090;03;2026-06-05;74;486021;524188;error;(Database.Error[getFields=(Producto__c);getMessage=No puede agregar un producto inactivo.;getStatusCode=FIELD_CUSTOM_VALIDATION_EXCEPTION;])
EC;0090;03;2026-06-05;74;486021;524188;error;(Database.Error[getFields=(Producto__c);getMessage=No puede agregar un producto inactivo.;getStatusCode=FIELD_CUSTOM_VALIDATION_EXCEPTION;])
EC;0090;03;2026-06-05;74;486021;524188;error;(Database.Error[getFields=(Producto__c);getMessage=No puede agregar un producto inactivo.;getStatusCode=FIELD_CUSTOM_VALIDATION_EXCEPTION;])
EC;0090;03;2026-06-05;74;486021;524188;error;(Database.Error[getFields=(Producto__c);getMessage=No puede agregar un producto inactivo.;getStatusCode=FIELD_CUSTOM_VALIDATION_EXCEPTION;])
EC;0090;03;2026-06-05;74;486021;524188;error;(Database.Error[getFields=(Producto__c);getMessage=No puede agregar un producto inactivo.;getStatusCode=FIELD_CUSTOM_VALIDATION_EXCEPTION;])
EC;0090;03;2026-06-05;74;486021;524188;error;(Database.Error[getFields=(Producto__c);getMessage=No puede agregar un producto inactivo.;getStatusCode=FIELD_CUSTOM_VALIDATION_EXCEPTION;])
EC;0090;03;2026-06-05;74;486021;524188;error;(Database.Error[getFields=(Producto__c);getMessage=No puede agregar un producto inactivo.;getStatusCode=FIELD_CUSTOM_VALIDATION_EXCEPTION;])
EC;0090;03;2026-06-05;74;486021;524188;error;(Database.Error[getFields=(Producto__c);getMessage=No puede agregar un producto inactivo.;getStatusCode=FIELD_CUSTOM_VALIDATION_EXCEPTION;])
EC;0090;03;2026-06-05;89;5500;524188;error;(Database.Error[getFields=(Producto__c);getMessage=No puede agregar un producto inactivo.;getStatusCode=FIELD_CUSTOM_VALIDATION_EXCEPTION;])
EC;0090;03;2026-06-05;89;5500;524188;error;(Database.Error[getFields=(Producto__c);getMessage=No puede agregar un producto inactivo.;getStatusCode=FIELD_CUSTOM_VALIDATION_EXCEPTION;])
EC;0090;03;2026-06-05;89;5500;524188;error;(Database.Error[getFields=(Producto__c);getMessage=No puede agregar un producto inactivo.;getStatusCode=FIELD_CUSTOM_VALIDATION_EXCEPTION;])
EC;0090;03;2026-06-05;89;5500;524188;error;(Database.Error[getFields=(Producto__c);getMessage=No puede agregar un producto inactivo.;getStatusCode=FIELD_CUSTOM_VALIDATION_EXCEPTION;])
EC;0090;03;2026-06-05;89;5500;524188;error;(Database.Error[getFields=(Producto__c);getMessage=No puede agregar un producto inactivo.;getStatusCode=FIELD_CUSTOM_VALIDATION_EXCEPTION;])
EC;0090;03;2026-06-05;89;5500;524188;error;(Database.Error[getFields=(Producto__c);getMessage=No puede agregar un producto inactivo.;getStatusCode=FIELD_CUSTOM_VALIDATION_EXCEPTION;])
EC;0090;03;2026-06-05;89;5500;524188;error;(Database.Error[getFields=(Producto__c);getMessage=No puede agregar un producto inactivo.;getStatusCode=FIELD_CUSTOM_VALIDATION_EXCEPTION;])
EC;0090;03;2026-06-05;89;5500;524188;error;(Database.Error[getFields=(Producto__c);getMessage=No puede agregar un producto inactivo.;getStatusCode=FIELD_CUSTOM_VALIDATION_EXCEPTION;])
EC;0090;07;2026-06-05;362;118812;524188;error;(Database.Error[getFields=(Producto__c);getMessage=No puede agregar un producto inactivo.;getStatusCode=FIELD_CUSTOM_VALIDATION_EXCEPTION;])
EC;0090;07;2026-06-05;362;118812;524188;error;(Database.Error[getFields=(Producto__c);getMessage=No puede agregar un producto inactivo.;getStatusCode=FIELD_CUSTOM_VALIDATION_EXCEPTION;])
EC;0090;07;2026-06-05;362;118812;524188;error;(Database.Error[getFields=(Producto__c);getMessage=No puede agregar un producto inactivo.;getStatusCode=FIELD_CUSTOM_VALIDATION_EXCEPTION;])
EC;0090;07;2026-06-05;362;118812;524188;error;(Database.Error[getFields=(Producto__c);getMessage=No puede agregar un producto inactivo.;getStatusCode=FIELD_CUSTOM_VALIDATION_EXCEPTION;])
EC;0090;07;2026-06-05;362;118812;524188;error;(Database.Error[getFields=(Producto__c);getMessage=No puede agregar un producto inactivo.;getStatusCode=FIELD_CUSTOM_VALIDATION_EXCEPTION;])
EC;0090;07;2026-06-05;362;118812;524188;error;(Database.Error[getFields=(Producto__c);getMessage=No puede agregar un producto inactivo.;getStatusCode=FIELD_CUSTOM_VALIDATION_EXCEPTION;])
EC;0090;07;2026-06-05;362;118812;524188;error;(Database.Error[getFields=(Producto__c);getMessage=No puede agregar un producto inactivo.;getStatusCode=FIELD_CUSTOM_VALIDATION_EXCEPTION;])
EC;0090;07;2026-06-05;362;118812;524188;error;(Database.Error[getFields=(Producto__c);getMessage=No puede agregar un producto inactivo.;getStatusCode=FIELD_CUSTOM_VALIDATION_EXCEPTION;])
EC;0090;07;2026-06-05;362;118812;524188;error;(Database.Error[getFields=(Producto__c);getMessage=No puede agregar un producto inactivo.;getStatusCode=FIELD_CUSTOM_VALIDATION_EXCEPTION;])
EC;0090;07;2026-06-05;362;118812;524188;error;(Database.Error[getFields=(Producto__c);getMessage=No puede agregar un producto inactivo.;getStatusCode=FIELD_CUSTOM_VALIDATION_EXCEPTION;])
EC;0090;07;2026-06-05;362;118812;524188;error;(Database.Error[getFields=(Producto__c);getMessage=No puede agregar un producto inactivo.;getStatusCode=FIELD_CUSTOM_VALIDATION_EXCEPTION;])
EC;0090;07;2026-06-05;362;118812;524188;error;(Database.Error[getFields=(Producto__c);getMessage=No puede agregar un producto inactivo.;getStatusCode=FIELD_CUSTOM_VALIDATION_EXCEPTION;])
EC;0090;07;2026-06-05;362;118812;524188;error;(Database.Error[getFields=(Producto__c);getMessage=No puede agregar un producto inactivo.;getStatusCode=FIELD_CUSTOM_VALIDATION_EXCEPTION;])
EC;0090;07;2026-06-05;362;118812;524188;error;(Database.Error[getFields=(Producto__c);getMessage=No puede agregar un producto inactivo.;getStatusCode=FIELD_CUSTOM_VALIDATION_EXCEPTION;])
EC;0090;07;2026-06-05;362;118812;524188;error;(Database.Error[getFields=(Producto__c);getMessage=No puede agregar un producto inactivo.;getStatusCode=FIELD_CUSTOM_VALIDATION_EXCEPTION;])
EC;0090;07;2026-06-05;362;118812;524188;error;(Database.Error[getFields=(Producto__c);getMessage=No puede agregar un producto inactivo.;getStatusCode=FIELD_CUSTOM_VALIDATION_EXCEPTION;])
EC;0090;07;2026-06-05;362;118812;524188;error;(Database.Error[getFields=(Producto__c);getMessage=No puede agregar un producto inactivo.;getStatusCode=FIELD_CUSTOM_VALIDATION_EXCEPTION;])
EC;0090;07;2026-06-05;362;118812;524188;error;(Database.Error[getFields=(Producto__c);getMessage=No puede agregar un producto inactivo.;getStatusCode=FIELD_CUSTOM_VALIDATION_EXCEPTION;])
EC;0090;07;2026-06-05;362;118812;524188;error;(Database.Error[getFields=(Producto__c);getMessage=No puede agregar un producto inactivo.;getStatusCode=FIELD_CUSTOM_VALIDATION_EXCEPTION;])
EC;0090;07;2026-06-05;362;118812;524188;error;(Database.Error[getFields=(Producto__c);getMessage=No puede agregar un producto inactivo.;getStatusCode=FIELD_CUSTOM_VALIDATION_EXCEPTION;])
EC;0090;07;2026-06-05;362;118812;524188;error;(Database.Error[getFields=(Producto__c);getMessage=No puede agregar un producto inactivo.;getStatusCode=FIELD_CUSTOM_VALIDATION_EXCEPTION;])
EC;0090;07;2026-06-05;362;118812;524188;error;(Database.Error[getFields=(Producto__c);getMessage=No puede agregar un producto inactivo.;getStatusCode=FIELD_CUSTOM_VALIDATION_EXCEPTION;])
EC;0090;07;2026-06-05;362;118812;524188;error;(Database.Error[getFields=(Producto__c);getMessage=No puede agregar un producto inactivo.;getStatusCode=FIELD_CUSTOM_VALIDATION_EXCEPTION;])
EC;0090;07;2026-06-05;362;118812;524188;error;(Database.Error[getFields=(Producto__c);getMessage=No puede agregar un producto inactivo.;getStatusCode=FIELD_CUSTOM_VALIDATION_EXCEPTION;])
EC;0090;07;2026-06-05;362;118812;524188;error;(Database.Error[getFields=(Producto__c);getMessage=No puede agregar un producto inactivo.;getStatusCode=FIELD_CUSTOM_VALIDATION_EXCEPTION;])
EC;0090;07;2026-06-05;362;118812;524188;error;(Database.Error[getFields=(Producto__c);getMessage=No puede agregar un producto inactivo.;getStatusCode=FIELD_CUSTOM_VALIDATION_EXCEPTION;])
EC;0090;07;2026-06-05;362;118812;524188;error;(Database.Error[getFields=(Producto__c);getMessage=No puede agregar un producto inactivo.;getStatusCode=FIELD_CUSTOM_VALIDATION_EXCEPTION;])
EC;0090;07;2026-06-05;362;118812;524188;error;(Database.Error[getFields=(Producto__c);getMessage=No puede agregar un producto inactivo.;getStatusCode=FIELD_CUSTOM_VALIDATION_EXCEPTION;])
EC;0090;07;2026-06-05;362;118812;524188;error;(Database.Error[getFields=(Producto__c);getMessage=No puede agregar un producto inactivo.;getStatusCode=FIELD_CUSTOM_VALIDATION_EXCEPTION;])
EC;0090;07;2026-06-05;362;118812;524188;error;(Database.Error[getFields=(Producto__c);getMessage=No puede agregar un producto inactivo.;getStatusCode=FIELD_CUSTOM_VALIDATION_EXCEPTION;])
EC;0090;07;2026-06-05;362;118812;524188;error;(Database.Error[getFields=(Producto__c);getMessage=No puede agregar un producto inactivo.;getStatusCode=FIELD_CUSTOM_VALIDATION_EXCEPTION;])
EC;0090;07;2026-06-05;362;118812;524188;error;(Database.Error[getFields=(Producto__c);getMessage=No puede agregar un producto inactivo.;getStatusCode=FIELD_CUSTOM_VALIDATION_EXCEPTION;])
EC;0090;07;2026-06-05;362;118812;524188;error;(Database.Error[getFields=(Producto__c);getMessage=No puede agregar un producto inactivo.;getStatusCode=FIELD_CUSTOM_VALIDATION_EXCEPTION;])
EC;0090;07;2026-06-05;362;118812;524188;error;(Database.Error[getFields=(Producto__c);getMessage=No puede agregar un producto inactivo.;getStatusCode=FIELD_CUSTOM_VALIDATION_EXCEPTION;])
EC;0090;07;2026-06-05;362;118812;524188;error;(Database.Error[getFields=(Producto__c);getMessage=No puede agregar un producto inactivo.;getStatusCode=FIELD_CUSTOM_VALIDATION_EXCEPTION;])
EC;0090;07;2026-06-05;362;118812;524188;error;(Database.Error[getFields=(Producto__c);getMessage=No puede agregar un producto inactivo.;getStatusCode=FIELD_CUSTOM_VALIDATION_EXCEPTION;])
EC;0090;07;2026-06-05;362;118812;524188;error;(Database.Error[getFields=(Producto__c);getMessage=No puede agregar un producto inactivo.;getStatusCode=FIELD_CUSTOM_VALIDATION_EXCEPTION;])
EC;0090;07;2026-06-05;362;118812;524188;error;(Database.Error[getFields=(Producto__c);getMessage=No puede agregar un producto inactivo.;getStatusCode=FIELD_CUSTOM_VALIDATION_EXCEPTION;])
EC;0090;07;2026-06-05;362;118812;524188;error;(Database.Error[getFields=(Producto__c);getMessage=No puede agregar un producto inactivo.;getStatusCode=FIELD_CUSTOM_VALIDATION_EXCEPTION;])
EC;0090;07;2026-06-05;362;118812;524188;error;(Database.Error[getFields=(Producto__c);getMessage=No puede agregar un producto inactivo.;getStatusCode=FIELD_CUSTOM_VALIDATION_EXCEPTION;])
EC;0090;07;2026-06-05;362;118812;524188;error;(Database.Error[getFields=(Producto__c);getMessage=No puede agregar un producto inactivo.;getStatusCode=FIELD_CUSTOM_VALIDATION_EXCEPTION;])
EC;0090;07;2026-06-05;362;118812;524188;error;(Database.Error[getFields=(Producto__c);getMessage=No puede agregar un producto inactivo.;getStatusCode=FIELD_CUSTOM_VALIDATION_EXCEPTION;])
EC;0090;07;2026-06-05;362;118812;524188;error;(Database.Error[getFields=(Producto__c);getMessage=No puede agregar un producto inactivo.;getStatusCode=FIELD_CUSTOM_VALIDATION_EXCEPTION;])
EC;0090;07;2026-06-05;362;118812;524188;error;(Database.Error[getFields=(Producto__c);getMessage=No puede agregar un producto inactivo.;getStatusCode=FIELD_CUSTOM_VALIDATION_EXCEPTION;])
EC;0090;07;2026-06-05;362;118812;524188;error;(Database.Error[getFields=(Producto__c);getMessage=No puede agregar un producto inactivo.;getStatusCode=FIELD_CUSTOM_VALIDATION_EXCEPTION;])
EC;0090;07;2026-06-05;362;118812;524188;error;(Database.Error[getFields=(Producto__c);getMessage=No puede agregar un producto inactivo.;getStatusCode=FIELD_CUSTOM_VALIDATION_EXCEPTION;])
EC;0090;07;2026-06-05;362;118812;524188;error;(Database.Error[getFields=(Producto__c);getMessage=No puede agregar un producto inactivo.;getStatusCode=FIELD_CUSTOM_VALIDATION_EXCEPTION;])
EC;0090;07;2026-06-05;362;118812;524188;error;(Database.Error[getFields=(Producto__c);getMessage=No puede agregar un producto inactivo.;getStatusCode=FIELD_CUSTOM_VALIDATION_EXCEPTION;])
EC;0090;07;2026-06-05;362;118812;524188;error;(Database.Error[getFields=(Producto__c);getMessage=No puede agregar un producto inactivo.;getStatusCode=FIELD_CUSTOM_VALIDATION_EXCEPTION;])
EC;0090;07;2026-06-05;362;118812;524188;error;(Database.Error[getFields=(Producto__c);getMessage=No puede agregar un producto inactivo.;getStatusCode=FIELD_CUSTOM_VALIDATION_EXCEPTION;])
EC;0090;07;2026-06-05;362;118812;524188;error;(Database.Error[getFields=(Producto__c);getMessage=No puede agregar un producto inactivo.;getStatusCode=FIELD_CUSTOM_VALIDATION_EXCEPTION;])
EC;0090;07;2026-06-05;362;118812;524188;error;(Database.Error[getFields=(Producto__c);getMessage=No puede agregar un producto inactivo.;getStatusCode=FIELD_CUSTOM_VALIDATION_EXCEPTION;])
EC;0090;07;2026-06-05;362;118812;524188;error;(Database.Error[getFields=(Producto__c);getMessage=No puede agregar un producto inactivo.;getStatusCode=FIELD_CUSTOM_VALIDATION_EXCEPTION;])
EC;0090;07;2026-06-05;362;118812;524188;error;(Database.Error[getFields=(Producto__c);getMessage=No puede agregar un producto inactivo.;getStatusCode=FIELD_CUSTOM_VALIDATION_EXCEPTION;])
EC;0090;07;2026-06-05;362;118812;524188;error;(Database.Error[getFields=(Producto__c);getMessage=No puede agregar un producto inactivo.;getStatusCode=FIELD_CUSTOM_VALIDATION_EXCEPTION;])
EC;0090;07;2026-06-05;362;118812;524188;error;(Database.Error[getFields=(Producto__c);getMessage=No puede agregar un producto inactivo.;getStatusCode=FIELD_CUSTOM_VALIDATION_EXCEPTION;])
EC;0090;07;2026-06-05;362;118812;524188;error;(Database.Error[getFields=(Producto__c);getMessage=No puede agregar un producto inactivo.;getStatusCode=FIELD_CUSTOM_VALIDATION_EXCEPTION;])
EC;0090;07;2026-06-05;362;118812;524188;error;(Database.Error[getFields=(Producto__c);getMessage=No puede agregar un producto inactivo.;getStatusCode=FIELD_CUSTOM_VALIDATION_EXCEPTION;])
EC;0090;07;2026-06-05;362;118812;524188;error;(Database.Error[getFields=(Producto__c);getMessage=No puede agregar un producto inactivo.;getStatusCode=FIELD_CUSTOM_VALIDATION_EXCEPTION;])
EC;0090;07;2026-06-05;362;118812;524188;error;(Database.Error[getFields=(Producto__c);getMessage=No puede agregar un producto inactivo.;getStatusCode=FIELD_CUSTOM_VALIDATION_EXCEPTION;])
EC;0090;07;2026-06-05;362;118812;524188;error;(Database.Error[getFields=(Producto__c);getMessage=No puede agregar un producto inactivo.;getStatusCode=FIELD_CUSTOM_VALIDATION_EXCEPTION;])
EC;0090;07;2026-06-05;362;118812;524188;error;(Database.Error[getFields=(Producto__c);getMessage=No puede agregar un producto inactivo.;getStatusCode=FIELD_CUSTOM_VALIDATION_EXCEPTION;])
EC;0090;07;2026-06-05;362;118812;524188;error;(Database.Error[getFields=(Producto__c);getMessage=No puede agregar un producto inactivo.;getStatusCode=FIELD_CUSTOM_VALIDATION_EXCEPTION;])
EC;0090;07;2026-06-05;362;118812;524188;error;(Database.Error[getFields=(Producto__c);getMessage=No puede agregar un producto inactivo.;getStatusCode=FIELD_CUSTOM_VALIDATION_EXCEPTION;])
EC;0090;07;2026-06-05;362;118812;524188;error;(Database.Error[getFields=(Producto__c);getMessage=No puede agregar un producto inactivo.;getStatusCode=FIELD_CUSTOM_VALIDATION_EXCEPTION;])
EC;0090;07;2026-06-05;362;118812;524188;error;(Database.Error[getFields=(Producto__c);getMessage=No puede agregar un producto inactivo.;getStatusCode=FIELD_CUSTOM_VALIDATION_EXCEPTION;])
EC;0090;07;2026-06-05;362;118812;524188;error;(Database.Error[getFields=(Producto__c);getMessage=No puede agregar un producto inactivo.;getStatusCode=FIELD_CUSTOM_VALIDATION_EXCEPTION;])
EC;0090;07;2026-06-05;362;118812;524188;error;(Database.Error[getFields=(Producto__c);getMessage=No puede agregar un producto inactivo.;getStatusCode=FIELD_CUSTOM_VALIDATION_EXCEPTION;])
EC;0090;07;2026-06-05;362;118812;524188;error;(Database.Error[getFields=(Producto__c);getMessage=No puede agregar un producto inactivo.;getStatusCode=FIELD_CUSTOM_VALIDATION_EXCEPTION;])
EC;0090;07;2026-06-05;362;118812;524188;error;(Database.Error[getFields=(Producto__c);getMessage=No puede agregar un producto inactivo.;getStatusCode=FIELD_CUSTOM_VALIDATION_EXCEPTION;])
EC;0090;07;2026-06-05;362;118812;524188;error;(Database.Error[getFields=(Producto__c);getMessage=No puede agregar un producto inactivo.;getStatusCode=FIELD_CUSTOM_VALIDATION_EXCEPTION;])
EC;0090;07;2026-06-05;362;118812;524188;error;(Database.Error[getFields=(Producto__c);getMessage=No puede agregar un producto inactivo.;getStatusCode=FIELD_CUSTOM_VALIDATION_EXCEPTION;])
EC;0090;07;2026-06-05;362;118812;524188;error;(Database.Error[getFields=(Producto__c);getMessage=No puede agregar un producto inactivo.;getStatusCode=FIELD_CUSTOM_VALIDATION_EXCEPTION;])
EC;0090;07;2026-06-05;362;118812;524188;error;(Database.Error[getFields=(Producto__c);getMessage=No puede agregar un producto inactivo.;getStatusCode=FIELD_CUSTOM_VALIDATION_EXCEPTION;])
EC;0090;07;2026-06-05;362;118812;524188;error;(Database.Error[getFields=(Producto__c);getMessage=No puede agregar un producto inactivo.;getStatusCode=FIELD_CUSTOM_VALIDATION_EXCEPTION;])
EC;0090;07;2026-06-05;362;118812;524188;error;(Database.Error[getFields=(Producto__c);getMessage=No puede agregar un producto inactivo.;getStatusCode=FIELD_CUSTOM_VALIDATION_EXCEPTION;])
EC;0090;07;2026-06-05;362;118812;524188;error;(Database.Error[getFields=(Producto__c);getMessage=No puede agregar un producto inactivo.;getStatusCode=FIELD_CUSTOM_VALIDATION_EXCEPTION;])
EC;0090;07;2026-06-05;362;118812;524188;error;(Database.Error[getFields=(Producto__c);getMessage=No puede agregar un producto inactivo.;getStatusCode=FIELD_CUSTOM_VALIDATION_EXCEPTION;])
EC;0090;07;2026-06-05;362;118812;524188;error;(Database.Error[getFields=(Producto__c);getMessage=No puede agregar un producto inactivo.;getStatusCode=FIELD_CUSTOM_VALIDATION_EXCEPTION;])
EC;0090;07;2026-06-05;362;118812;524188;error;(Database.Error[getFields=(Producto__c);getMessage=No puede agregar un producto inactivo.;getStatusCode=FIELD_CUSTOM_VALIDATION_EXCEPTION;])
EC;0090;07;2026-06-05;362;118812;524188;error;(Database.Error[getFields=(Producto__c);getMessage=No puede agregar un producto inactivo.;getStatusCode=FIELD_CUSTOM_VALIDATION_EXCEPTION;])
EC;0090;07;2026-06-05;362;118812;524188;error;(Database.Error[getFields=(Producto__c);getMessage=No puede agregar un producto inactivo.;getStatusCode=FIELD_CUSTOM_VALIDATION_EXCEPTION;])
EC;0090;07;2026-06-05;362;118812;524188;error;(Database.Error[getFields=(Producto__c);getMessage=No puede agregar un producto inactivo.;getStatusCode=FIELD_CUSTOM_VALIDATION_EXCEPTION;])
EC;0090;07;2026-06-05;362;118812;524188;error;(Database.Error[getFields=(Producto__c);getMessage=No puede agregar un producto inactivo.;getStatusCode=FIELD_CUSTOM_VALIDATION_EXCEPTION;])
EC;0090;07;2026-06-05;362;118812;524188;error;(Database.Error[getFields=(Producto__c);getMessage=No puede agregar un producto inactivo.;getStatusCode=FIELD_CUSTOM_VALIDATION_EXCEPTION;])
EC;0090;07;2026-06-05;362;118812;524188;error;(Database.Error[getFields=(Producto__c);getMessage=No puede agregar un producto inactivo.;getStatusCode=FIELD_CUSTOM_VALIDATION_EXCEPTION;])
EC;0090;07;2026-06-05;362;118812;524188;error;(Database.Error[getFields=(Producto__c);getMessage=No puede agregar un producto inactivo.;getStatusCode=FIELD_CUSTOM_VALIDATION_EXCEPTION;])
EC;0090;07;2026-06-05;362;118812;524188;error;(Database.Error[getFields=(Producto__c);getMessage=No puede agregar un producto inactivo.;getStatusCode=FIELD_CUSTOM_VALIDATION_EXCEPTION;])
EC;0090;07;2026-06-05;362;118812;524188;error;(Database.Error[getFields=(Producto__c);getMessage=No puede agregar un producto inactivo.;getStatusCode=FIELD_CUSTOM_VALIDATION_EXCEPTION;])
EC;0090;07;2026-06-05;362;118812;524188;error;(Database.Error[getFields=(Producto__c);getMessage=No puede agregar un producto inactivo.;getStatusCode=FIELD_CUSTOM_VALIDATION_EXCEPTION;])
EC;0090;07;2026-06-05;362;118812;524188;error;(Database.Error[getFields=(Producto__c);getMessage=No puede agregar un producto inactivo.;getStatusCode=FIELD_CUSTOM_VALIDATION_EXCEPTION;])
EC;0090;07;2026-06-05;362;118812;524188;error;(Database.Error[getFields=(Producto__c);getMessage=No puede agregar un producto inactivo.;getStatusCode=FIELD_CUSTOM_VALIDATION_EXCEPTION;])
EC;0090;07;2026-06-05;362;118812;524188;error;(Database.Error[getFields=(Producto__c);getMessage=No puede agregar un producto inactivo.;getStatusCode=FIELD_CUSTOM_VALIDATION_EXCEPTION;])
EC;0090;07;2026-06-05;362;118812;524188;error;(Database.Error[getFields=(Producto__c);getMessage=No puede agregar un producto inactivo.;getStatusCode=FIELD_CUSTOM_VALIDATION_EXCEPTION;])
EC;0090;07;2026-06-05;362;118812;524188;error;(Database.Error[getFields=(Producto__c);getMessage=No puede agregar un producto inactivo.;getStatusCode=FIELD_CUSTOM_VALIDATION_EXCEPTION;])
EC;0090;07;2026-06-05;362;118812;524188;error;(Database.Error[getFields=(Producto__c);getMessage=No puede agregar un producto inactivo.;getStatusCode=FIELD_CUSTOM_VALIDATION_EXCEPTION;])
EC;0090;07;2026-06-05;362;118812;524188;error;(Database.Error[getFields=(Producto__c);getMessage=No puede agregar un producto inactivo.;getStatusCode=FIELD_CUSTOM_VALIDATION_EXCEPTION;])
EC;0090;07;2026-06-05;362;118812;524188;error;(Database.Error[getFields=(Producto__c);getMessage=No puede agregar un producto inactivo.;getStatusCode=FIELD_CUSTOM_VALIDATION_EXCEPTION;])
EC;0090;07;2026-06-05;362;118812;524188;error;(Database.Error[getFields=(Producto__c);getMessage=No puede agregar un producto inactivo.;getStatusCode=FIELD_CUSTOM_VALIDATION_EXCEPTION;])
EC;0090;07;2026-06-05;359;236615;524188;error;(Database.Error[getFields=(Producto__c);getMessage=No puede agregar un producto inactivo.;getStatusCode=FIELD_CUSTOM_VALIDATION_EXCEPTION;])
EC;0090;07;2026-06-05;359;236615;524188;error;(Database.Error[getFields=(Producto__c);getMessage=No puede agregar un producto inactivo.;getStatusCode=FIELD_CUSTOM_VALIDATION_EXCEPTION;])
EC;0090;07;2026-06-05;359;236615;524188;error;(Database.Error[getFields=(Producto__c);getMessage=No puede agregar un producto inactivo.;getStatusCode=FIELD_CUSTOM_VALIDATION_EXCEPTION;])
EC;0090;07;2026-06-05;359;236615;524188;error;(Database.Error[getFields=(Producto__c);getMessage=No puede agregar un producto inactivo.;getStatusCode=FIELD_CUSTOM_VALIDATION_EXCEPTION;])
EC;0090;07;2026-06-05;359;236615;524188;error;(Database.Error[getFields=(Producto__c);getMessage=No puede agregar un producto inactivo.;getStatusCode=FIELD_CUSTOM_VALIDATION_EXCEPTION;])
EC;0090;07;2026-06-05;359;236615;524188;error;(Database.Error[getFields=(Producto__c);getMessage=No puede agregar un producto inactivo.;getStatusCode=FIELD_CUSTOM_VALIDATION_EXCEPTION;])
EC;0090;07;2026-06-05;359;236615;524188;error;(Database.Error[getFields=(Producto__c);getMessage=No puede agregar un producto inactivo.;getStatusCode=FIELD_CUSTOM_VALIDATION_EXCEPTION;])
EC;0090;07;2026-06-05;359;236615;524188;error;(Database.Error[getFields=(Producto__c);getMessage=No puede agregar un producto inactivo.;getStatusCode=FIELD_CUSTOM_VALIDATION_EXCEPTION;])
EC;0090;07;2026-06-05;359;236615;524188;error;(Database.Error[getFields=(Producto__c);getMessage=No puede agregar un producto inactivo.;getStatusCode=FIELD_CUSTOM_VALIDATION_EXCEPTION;])
EC;0090;07;2026-06-05;359;236615;524188;error;(Database.Error[getFields=(Producto__c);getMessage=No puede agregar un producto inactivo.;getStatusCode=FIELD_CUSTOM_VALIDATION_EXCEPTION;])
EC;0090;07;2026-06-05;359;236615;524188;error;(Database.Error[getFields=(Producto__c);getMessage=No puede agregar un producto inactivo.;getStatusCode=FIELD_CUSTOM_VALIDATION_EXCEPTION;])
EC;0090;07;2026-06-05;359;236615;524188;error;(Database.Error[getFields=(Producto__c);getMessage=No puede agregar un producto inactivo.;getStatusCode=FIELD_CUSTOM_VALIDATION_EXCEPTION;])
EC;0090;07;2026-06-05;359;236615;524188;error;(Database.Error[getFields=(Producto__c);getMessage=No puede agregar un producto inactivo.;getStatusCode=FIELD_CUSTOM_VALIDATION_EXCEPTION;])
EC;0090;07;2026-06-05;359;236615;524188;error;(Database.Error[getFields=(Producto__c);getMessage=No puede agregar un producto inactivo.;getStatusCode=FIELD_CUSTOM_VALIDATION_EXCEPTION;])
EC;0090;07;2026-06-05;359;236615;524188;error;(Database.Error[getFields=(Producto__c);getMessage=No puede agregar un producto inactivo.;getStatusCode=FIELD_CUSTOM_VALIDATION_EXCEPTION;])
EC;0090;07;2026-06-05;359;236615;524188;error;(Database.Error[getFields=(Producto__c);getMessage=No puede agregar un producto inactivo.;getStatusCode=FIELD_CUSTOM_VALIDATION_EXCEPTION;])
EC;0090;07;2026-06-05;359;236615;524188;error;(Database.Error[getFields=(Producto__c);getMessage=No puede agregar un producto inactivo.;getStatusCode=FIELD_CUSTOM_VALIDATION_EXCEPTION;])
EC;0090;07;2026-06-05;359;236615;524188;error;(Database.Error[getFields=(Producto__c);getMessage=No puede agregar un producto inactivo.;getStatusCode=FIELD_CUSTOM_VALIDATION_EXCEPTION;])
EC;0090;07;2026-06-05;359;236615;524188;error;(Database.Error[getFields=(Producto__c);getMessage=No puede agregar un producto inactivo.;getStatusCode=FIELD_CUSTOM_VALIDATION_EXCEPTION;])
EC;0090;07;2026-06-05;359;236615;524188;error;(Database.Error[getFields=(Producto__c);getMessage=No puede agregar un producto inactivo.;getStatusCode=FIELD_CUSTOM_VALIDATION_EXCEPTION;])
EC;0090;07;2026-06-05;359;236615;524188;error;(Database.Error[getFields=(Producto__c);getMessage=No puede agregar un producto inactivo.;getStatusCode=FIELD_CUSTOM_VALIDATION_EXCEPTION;])
EC;0090;07;2026-06-05;359;236615;524188;error;(Database.Error[getFields=(Producto__c);getMessage=No puede agregar un producto inactivo.;getStatusCode=FIELD_CUSTOM_VALIDATION_EXCEPTION;])
EC;0090;07;2026-06-05;359;236615;524188;error;(Database.Error[getFields=(Producto__c);getMessage=No puede agregar un producto inactivo.;getStatusCode=FIELD_CUSTOM_VALIDATION_EXCEPTION;])
EC;0090;07;2026-06-05;359;236615;524188;error;(Database.Error[getFields=(Producto__c);getMessage=No puede agregar un producto inactivo.;getStatusCode=FIELD_CUSTOM_VALIDATION_EXCEPTION;])
EC;0090;07;2026-06-05;359;236615;524188;error;(Database.Error[getFields=(Producto__c);getMessage=No puede agregar un producto inactivo.;getStatusCode=FIELD_CUSTOM_VALIDATION_EXCEPTION;])
EC;0090;07;2026-06-05;359;236615;524188;error;(Database.Error[getFields=(Producto__c);getMessage=No puede agregar un producto inactivo.;getStatusCode=FIELD_CUSTOM_VALIDATION_EXCEPTION;])
EC;0090;07;2026-06-05;359;236615;524188;error;(Database.Error[getFields=(Producto__c);getMessage=No puede agregar un producto inactivo.;getStatusCode=FIELD_CUSTOM_VALIDATION_EXCEPTION;])
EC;0090;07;2026-06-05;359;236615;524188;error;(Database.Error[getFields=(Producto__c);getMessage=No puede agregar un producto inactivo.;getStatusCode=FIELD_CUSTOM_VALIDATION_EXCEPTION;])
EC;0090;07;2026-06-05;359;236615;524188;error;(Database.Error[getFields=(Producto__c);getMessage=No puede agregar un producto inactivo.;getStatusCode=FIELD_CUSTOM_VALIDATION_EXCEPTION;])
EC;0090;07;2026-06-05;359;236615;524188;error;(Database.Error[getFields=(Producto__c);getMessage=No puede agregar un producto inactivo.;getStatusCode=FIELD_CUSTOM_VALIDATION_EXCEPTION;])
EC;0090;07;2026-06-05;359;236615;524188;error;(Database.Error[getFields=(Producto__c);getMessage=No puede agregar un producto inactivo.;getStatusCode=FIELD_CUSTOM_VALIDATION_EXCEPTION;])
EC;0090;07;2026-06-05;359;236615;524188;error;(Database.Error[getFields=(Producto__c);getMessage=No puede agregar un producto inactivo.;getStatusCode=FIELD_CUSTOM_VALIDATION_EXCEPTION;])
EC;0090;07;2026-06-05;359;236615;524188;error;(Database.Error[getFields=(Producto__c);getMessage=No puede agregar un producto inactivo.;getStatusCode=FIELD_CUSTOM_VALIDATION_EXCEPTION;])
EC;0090;07;2026-06-05;359;236615;524188;error;(Database.Error[getFields=(Producto__c);getMessage=No puede agregar un producto inactivo.;getStatusCode=FIELD_CUSTOM_VALIDATION_EXCEPTION;])
EC;0090;07;2026-06-05;359;236615;524188;error;(Database.Error[getFields=(Producto__c);getMessage=No puede agregar un producto inactivo.;getStatusCode=FIELD_CUSTOM_VALIDATION_EXCEPTION;])
EC;0090;07;2026-06-05;359;236615;524188;error;(Database.Error[getFields=(Producto__c);getMessage=No puede agregar un producto inactivo.;getStatusCode=FIELD_CUSTOM_VALIDATION_EXCEPTION;])
EC;0090;07;2026-06-05;359;236615;524188;error;(Database.Error[getFields=(Producto__c);getMessage=No puede agregar un producto inactivo.;getStatusCode=FIELD_CUSTOM_VALIDATION_EXCEPTION;])
EC;0090;07;2026-06-05;359;236615;524188;error;(Database.Error[getFields=(Producto__c);getMessage=No puede agregar un producto inactivo.;getStatusCode=FIELD_CUSTOM_VALIDATION_EXCEPTION;])
EC;0090;07;2026-06-05;359;236615;524188;error;(Database.Error[getFields=(Producto__c);getMessage=No puede agregar un producto inactivo.;getStatusCode=FIELD_CUSTOM_VALIDATION_EXCEPTION;])
EC;0090;07;2026-06-05;359;236615;524188;error;(Database.Error[getFields=(Producto__c);getMessage=No puede agregar un producto inactivo.;getStatusCode=FIELD_CUSTOM_VALIDATION_EXCEPTION;])
EC;0090;07;2026-06-05;359;236615;524188;error;(Database.Error[getFields=(Producto__c);getMessage=No puede agregar un producto inactivo.;getStatusCode=FIELD_CUSTOM_VALIDATION_EXCEPTION;])
EC;0090;07;2026-06-05;359;236615;524188;error;(Database.Error[getFields=(Producto__c);getMessage=No puede agregar un producto inactivo.;getStatusCode=FIELD_CUSTOM_VALIDATION_EXCEPTION;])
EC;0090;07;2026-06-05;359;236615;524188;error;(Database.Error[getFields=(Producto__c);getMessage=No puede agregar un producto inactivo.;getStatusCode=FIELD_CUSTOM_VALIDATION_EXCEPTION;])
EC;0090;07;2026-06-05;359;236615;524188;error;(Database.Error[getFields=(Producto__c);getMessage=No puede agregar un producto inactivo.;getStatusCode=FIELD_CUSTOM_VALIDATION_EXCEPTION;])
EC;0090;07;2026-06-05;359;236615;524188;error;(Database.Error[getFields=(Producto__c);getMessage=No puede agregar un producto inactivo.;getStatusCode=FIELD_CUSTOM_VALIDATION_EXCEPTION;])
EC;0090;07;2026-06-05;359;236615;524188;error;(Database.Error[getFields=(Producto__c);getMessage=No puede agregar un producto inactivo.;getStatusCode=FIELD_CUSTOM_VALIDATION_EXCEPTION;])
EC;0090;07;2026-06-05;359;236615;524188;error;(Database.Error[getFields=(Producto__c);getMessage=No puede agregar un producto inactivo.;getStatusCode=FIELD_CUSTOM_VALIDATION_EXCEPTION;])
EC;0090;07;2026-06-05;359;236615;524188;error;(Database.Error[getFields=(Producto__c);getMessage=No puede agregar un producto inactivo.;getStatusCode=FIELD_CUSTOM_VALIDATION_EXCEPTION;])
EC;0090;07;2026-06-05;359;236615;524188;error;(Database.Error[getFields=(Producto__c);getMessage=No puede agregar un producto inactivo.;getStatusCode=FIELD_CUSTOM_VALIDATION_EXCEPTION;])
EC;0090;07;2026-06-05;359;236615;524188;error;(Database.Error[getFields=(Producto__c);getMessage=No puede agregar un producto inactivo.;getStatusCode=FIELD_CUSTOM_VALIDATION_EXCEPTION;])
EC;0090;07;2026-06-05;359;236615;524188;error;(Database.Error[getFields=(Producto__c);getMessage=No puede agregar un producto inactivo.;getStatusCode=FIELD_CUSTOM_VALIDATION_EXCEPTION;])
EC;0090;07;2026-06-05;359;236615;524188;error;(Database.Error[getFields=(Producto__c);getMessage=No puede agregar un producto inactivo.;getStatusCode=FIELD_CUSTOM_VALIDATION_EXCEPTION;])
EC;0090;07;2026-06-05;359;236615;524188;error;(Database.Error[getFields=(Producto__c);getMessage=No puede agregar un producto inactivo.;getStatusCode=FIELD_CUSTOM_VALIDATION_EXCEPTION;])
EC;0090;07;2026-06-05;359;236615;524188;error;(Database.Error[getFields=(Producto__c);getMessage=No puede agregar un producto inactivo.;getStatusCode=FIELD_CUSTOM_VALIDATION_EXCEPTION;])
EC;0090;07;2026-06-05;359;236615;524188;error;(Database.Error[getFields=(Producto__c);getMessage=No puede agregar un producto inactivo.;getStatusCode=FIELD_CUSTOM_VALIDATION_EXCEPTION;])
EC;0090;07;2026-06-05;359;236615;524188;error;(Database.Error[getFields=(Producto__c);getMessage=No puede agregar un producto inactivo.;getStatusCode=FIELD_CUSTOM_VALIDATION_EXCEPTION;])
EC;0090;07;2026-06-05;359;236615;524188;error;(Database.Error[getFields=(Producto__c);getMessage=No puede agregar un producto inactivo.;getStatusCode=FIELD_CUSTOM_VALIDATION_EXCEPTION;])
EC;0090;07;2026-06-05;359;236615;524188;error;(Database.Error[getFields=(Producto__c);getMessage=No puede agregar un producto inactivo.;getStatusCode=FIELD_CUSTOM_VALIDATION_EXCEPTION;])
EC;0090;07;2026-06-05;359;236615;524188;error;(Database.Error[getFields=(Producto__c);getMessage=No puede agregar un producto inactivo.;getStatusCode=FIELD_CUSTOM_VALIDATION_EXCEPTION;])
EC;0090;07;2026-06-05;359;236615;524188;error;(Database.Error[getFields=(Producto__c);getMessage=No puede agregar un producto inactivo.;getStatusCode=FIELD_CUSTOM_VALIDATION_EXCEPTION;])
EC;0090;07;2026-06-05;359;236615;524188;error;(Database.Error[getFields=(Producto__c);getMessage=No puede agregar un producto inactivo.;getStatusCode=FIELD_CUSTOM_VALIDATION_EXCEPTION;])
EC;0090;07;2026-06-05;359;236615;524188;error;(Database.Error[getFields=(Producto__c);getMessage=No puede agregar un producto inactivo.;getStatusCode=FIELD_CUSTOM_VALIDATION_EXCEPTION;])
EC;0090;07;2026-06-05;359;236615;524188;error;(Database.Error[getFields=(Producto__c);getMessage=No puede agregar un producto inactivo.;getStatusCode=FIELD_CUSTOM_VALIDATION_EXCEPTION;])
EC;0090;07;2026-06-05;359;236615;524188;error;(Database.Error[getFields=(Producto__c);getMessage=No puede agregar un producto inactivo.;getStatusCode=FIELD_CUSTOM_VALIDATION_EXCEPTION;])
EC;0090;07;2026-06-05;359;236615;524188;error;(Database.Error[getFields=(Producto__c);getMessage=No puede agregar un producto inactivo.;getStatusCode=FIELD_CUSTOM_VALIDATION_EXCEPTION;])
EC;0090;07;2026-06-05;359;236615;524188;error;(Database.Error[getFields=(Producto__c);getMessage=No puede agregar un producto inactivo.;getStatusCode=FIELD_CUSTOM_VALIDATION_EXCEPTION;])
EC;0090;07;2026-06-05;359;236615;524188;error;(Database.Error[getFields=(Producto__c);getMessage=No puede agregar un producto inactivo.;getStatusCode=FIELD_CUSTOM_VALIDATION_EXCEPTION;])
EC;0090;07;2026-06-05;359;236615;524188;error;(Database.Error[getFields=(Producto__c);getMessage=No puede agregar un producto inactivo.;getStatusCode=FIELD_CUSTOM_VALIDATION_EXCEPTION;])
EC;0090;07;2026-06-05;359;236615;524188;error;(Database.Error[getFields=(Producto__c);getMessage=No puede agregar un producto inactivo.;getStatusCode=FIELD_CUSTOM_VALIDATION_EXCEPTION;])
EC;0090;07;2026-06-05;359;236615;524188;error;(Database.Error[getFields=(Producto__c);getMessage=No puede agregar un producto inactivo.;getStatusCode=FIELD_CUSTOM_VALIDATION_EXCEPTION;])
EC;0090;07;2026-06-05;359;236615;524188;error;(Database.Error[getFields=(Producto__c);getMessage=No puede agregar un producto inactivo.;getStatusCode=FIELD_CUSTOM_VALIDATION_EXCEPTION;])
EC;0090;07;2026-06-05;359;236615;524188;error;(Database.Error[getFields=(Producto__c);getMessage=No puede agregar un producto inactivo.;getStatusCode=FIELD_CUSTOM_VALIDATION_EXCEPTION;])
EC;0090;07;2026-06-05;359;236615;524188;error;(Database.Error[getFields=(Producto__c);getMessage=No puede agregar un producto inactivo.;getStatusCode=FIELD_CUSTOM_VALIDATION_EXCEPTION;])
EC;0090;07;2026-06-05;359;236615;524188;error;(Database.Error[getFields=(Producto__c);getMessage=No puede agregar un producto inactivo.;getStatusCode=FIELD_CUSTOM_VALIDATION_EXCEPTION;])
EC;0090;07;2026-06-05;359;236615;524188;error;(Database.Error[getFields=(Producto__c);getMessage=No puede agregar un producto inactivo.;getStatusCode=FIELD_CUSTOM_VALIDATION_EXCEPTION;])
EC;0090;07;2026-06-05;359;236615;524188;error;(Database.Error[getFields=(Producto__c);getMessage=No puede agregar un producto inactivo.;getStatusCode=FIELD_CUSTOM_VALIDATION_EXCEPTION;])
EC;0090;07;2026-06-05;359;236615;524188;error;(Database.Error[getFields=(Producto__c);getMessage=No puede agregar un producto inactivo.;getStatusCode=FIELD_CUSTOM_VALIDATION_EXCEPTION;])
EC;0090;07;2026-06-05;359;236615;524188;error;(Database.Error[getFields=(Producto__c);getMessage=No puede agregar un producto inactivo.;getStatusCode=FIELD_CUSTOM_VALIDATION_EXCEPTION;])
EC;0090;07;2026-06-05;359;236615;524188;error;(Database.Error[getFields=(Producto__c);getMessage=No puede agregar un producto inactivo.;getStatusCode=FIELD_CUSTOM_VALIDATION_EXCEPTION;])
EC;0090;07;2026-06-05;359;236615;524188;error;(Database.Error[getFields=(Producto__c);getMessage=No puede agregar un producto inactivo.;getStatusCode=FIELD_CUSTOM_VALIDATION_EXCEPTION;])
EC;0090;07;2026-06-05;359;236615;524188;error;(Database.Error[getFields=(Producto__c);getMessage=No puede agregar un producto inactivo.;getStatusCode=FIELD_CUSTOM_VALIDATION_EXCEPTION;])
EC;0090;07;2026-06-05;359;236615;524188;error;(Database.Error[getFields=(Producto__c);getMessage=No puede agregar un producto inactivo.;getStatusCode=FIELD_CUSTOM_VALIDATION_EXCEPTION;])
EC;0090;07;2026-06-05;359;236615;524188;error;(Database.Error[getFields=(Producto__c);getMessage=No puede agregar un producto inactivo.;getStatusCode=FIELD_CUSTOM_VALIDATION_EXCEPTION;])
EC;0090;07;2026-06-05;359;236615;524188;error;(Database.Error[getFields=(Producto__c);getMessage=No puede agregar un producto inactivo.;getStatusCode=FIELD_CUSTOM_VALIDATION_EXCEPTION;])
EC;0090;07;2026-06-05;359;236615;524188;error;(Database.Error[getFields=(Producto__c);getMessage=No puede agregar un producto inactivo.;getStatusCode=FIELD_CUSTOM_VALIDATION_EXCEPTION;])
EC;0090;07;2026-06-05;359;236615;524188;error;(Database.Error[getFields=(Producto__c);getMessage=No puede agregar un producto inactivo.;getStatusCode=FIELD_CUSTOM_VALIDATION_EXCEPTION;])
EC;0090;07;2026-06-05;359;236615;524188;error;(Database.Error[getFields=(Producto__c);getMessage=No puede agregar un producto inactivo.;getStatusCode=FIELD_CUSTOM_VALIDATION_EXCEPTION;])
EC;0090;07;2026-06-05;359;236615;524188;error;(Database.Error[getFields=(Producto__c);getMessage=No puede agregar un producto inactivo.;getStatusCode=FIELD_CUSTOM_VALIDATION_EXCEPTION;])
EC;0090;07;2026-06-05;359;236615;524188;error;(Database.Error[getFields=(Producto__c);getMessage=No puede agregar un producto inactivo.;getStatusCode=FIELD_CUSTOM_VALIDATION_EXCEPTION;])
EC;0090;07;2026-06-05;359;236615;524188;error;(Database.Error[getFields=(Producto__c);getMessage=No puede agregar un producto inactivo.;getStatusCode=FIELD_CUSTOM_VALIDATION_EXCEPTION;])
EC;0090;07;2026-06-05;359;236615;524188;error;(Database.Error[getFields=(Producto__c);getMessage=No puede agregar un producto inactivo.;getStatusCode=FIELD_CUSTOM_VALIDATION_EXCEPTION;])
EC;0090;07;2026-06-05;359;236615;524188;error;(Database.Error[getFields=(Producto__c);getMessage=No puede agregar un producto inactivo.;getStatusCode=FIELD_CUSTOM_VALIDATION_EXCEPTION;])
EC;0090;07;2026-06-05;359;236615;524188;error;(Database.Error[getFields=(Producto__c);getMessage=No puede agregar un producto inactivo.;getStatusCode=FIELD_CUSTOM_VALIDATION_EXCEPTION;])
EC;0090;07;2026-06-05;359;236615;524188;error;(Database.Error[getFields=(Producto__c);getMessage=No puede agregar un producto inactivo.;getStatusCode=FIELD_CUSTOM_VALIDATION_EXCEPTION;])
EC;0090;07;2026-06-05;359;236615;524188;error;(Database.Error[getFields=(Producto__c);getMessage=No puede agregar un producto inactivo.;getStatusCode=FIELD_CUSTOM_VALIDATION_EXCEPTION;])
EC;0090;07;2026-06-05;359;236615;524188;error;(Database.Error[getFields=(Producto__c);getMessage=No puede agregar un producto inactivo.;getStatusCode=FIELD_CUSTOM_VALIDATION_EXCEPTION;])
EC;0090;07;2026-06-05;359;236615;524188;error;(Database.Error[getFields=(Producto__c);getMessage=No puede agregar un producto inactivo.;getStatusCode=FIELD_CUSTOM_VALIDATION_EXCEPTION;])
EC;0090;07;2026-06-05;359;236615;524188;error;(Database.Error[getFields=(Producto__c);getMessage=No puede agregar un producto inactivo.;getStatusCode=FIELD_CUSTOM_VALIDATION_EXCEPTION;])
EC;0090;07;2026-06-05;359;236615;524188;error;(Database.Error[getFields=(Producto__c);getMessage=No puede agregar un producto inactivo.;getStatusCode=FIELD_CUSTOM_VALIDATION_EXCEPTION;])
EC;0090;07;2026-06-05;359;236615;524188;error;(Database.Error[getFields=(Producto__c);getMessage=No puede agregar un producto inactivo.;getStatusCode=FIELD_CUSTOM_VALIDATION_EXCEPTION;])
EC;0090;07;2026-06-05;337;361593;524188;error;(Database.Error[getFields=(Producto__c);getMessage=No puede agregar un producto inactivo.;getStatusCode=FIELD_CUSTOM_VALIDATION_EXCEPTION;])
EC;0090;07;2026-06-05;337;361593;524188;error;(Database.Error[getFields=(Producto__c);getMessage=No puede agregar un producto inactivo.;getStatusCode=FIELD_CUSTOM_VALIDATION_EXCEPTION;])
EC;0090;07;2026-06-05;337;361593;524188;error;(Database.Error[getFields=(Producto__c);getMessage=No puede agregar un producto inactivo.;getStatusCode=FIELD_CUSTOM_VALIDATION_EXCEPTION;])
EC;0090;07;2026-06-05;337;361593;524188;error;(Database.Error[getFields=(Producto__c);getMessage=No puede agregar un producto inactivo.;getStatusCode=FIELD_CUSTOM_VALIDATION_EXCEPTION;])
EC;0090;07;2026-06-05;337;361593;524188;error;(Database.Error[getFields=(Producto__c);getMessage=No puede agregar un producto inactivo.;getStatusCode=FIELD_CUSTOM_VALIDATION_EXCEPTION;])
EC;0090;07;2026-06-05;337;361593;524188;error;(Database.Error[getFields=(Producto__c);getMessage=No puede agregar un producto inactivo.;getStatusCode=FIELD_CUSTOM_VALIDATION_EXCEPTION;])
EC;0090;07;2026-06-05;337;361593;524188;error;(Database.Error[getFields=(Producto__c);getMessage=No puede agregar un producto inactivo.;getStatusCode=FIELD_CUSTOM_VALIDATION_EXCEPTION;])
EC;0090;07;2026-06-05;337;361593;524188;error;(Database.Error[getFields=(Producto__c);getMessage=No puede agregar un producto inactivo.;getStatusCode=FIELD_CUSTOM_VALIDATION_EXCEPTION;])
EC;0090;07;2026-06-05;337;361593;524188;error;(Database.Error[getFields=(Producto__c);getMessage=No puede agregar un producto inactivo.;getStatusCode=FIELD_CUSTOM_VALIDATION_EXCEPTION;])
EC;0090;07;2026-06-05;337;361593;524188;error;(Database.Error[getFields=(Producto__c);getMessage=No puede agregar un producto inactivo.;getStatusCode=FIELD_CUSTOM_VALIDATION_EXCEPTION;])
EC;0090;07;2026-06-05;337;361593;524188;error;(Database.Error[getFields=(Producto__c);getMessage=No puede agregar un producto inactivo.;getStatusCode=FIELD_CUSTOM_VALIDATION_EXCEPTION;])
EC;0090;07;2026-06-05;337;361593;524188;error;(Database.Error[getFields=(Producto__c);getMessage=No puede agregar un producto inactivo.;getStatusCode=FIELD_CUSTOM_VALIDATION_EXCEPTION;])
EC;0090;07;2026-06-05;337;361593;524188;error;(Database.Error[getFields=(Producto__c);getMessage=No puede agregar un producto inactivo.;getStatusCode=FIELD_CUSTOM_VALIDATION_EXCEPTION;])
EC;0090;07;2026-06-05;337;361593;524188;error;(Database.Error[getFields=(Producto__c);getMessage=No puede agregar un producto inactivo.;getStatusCode=FIELD_CUSTOM_VALIDATION_EXCEPTION;])
EC;0090;07;2026-06-05;337;361593;524188;error;(Database.Error[getFields=(Producto__c);getMessage=No puede agregar un producto inactivo.;getStatusCode=FIELD_CUSTOM_VALIDATION_EXCEPTION;])
EC;0090;07;2026-06-05;337;361593;524188;error;(Database.Error[getFields=(Producto__c);getMessage=No puede agregar un producto inactivo.;getStatusCode=FIELD_CUSTOM_VALIDATION_EXCEPTION;])
EC;0090;07;2026-06-05;337;361593;524188;error;(Database.Error[getFields=(Producto__c);getMessage=No puede agregar un producto inactivo.;getStatusCode=FIELD_CUSTOM_VALIDATION_EXCEPTION;])
EC;0090;07;2026-06-05;337;361593;524188;error;(Database.Error[getFields=(Producto__c);getMessage=No puede agregar un producto inactivo.;getStatusCode=FIELD_CUSTOM_VALIDATION_EXCEPTION;])
EC;0090;07;2026-06-05;337;361593;524188;error;(Database.Error[getFields=(Producto__c);getMessage=No puede agregar un producto inactivo.;getStatusCode=FIELD_CUSTOM_VALIDATION_EXCEPTION;])
EC;0090;07;2026-06-05;337;361593;524188;error;(Database.Error[getFields=(Producto__c);getMessage=No puede agregar un producto inactivo.;getStatusCode=FIELD_CUSTOM_VALIDATION_EXCEPTION;])
EC;0090;07;2026-06-05;337;361593;524188;error;(Database.Error[getFields=(Producto__c);getMessage=No puede agregar un producto inactivo.;getStatusCode=FIELD_CUSTOM_VALIDATION_EXCEPTION;])
EC;0090;07;2026-06-05;337;361593;524188;error;(Database.Error[getFields=(Producto__c);getMessage=No puede agregar un producto inactivo.;getStatusCode=FIELD_CUSTOM_VALIDATION_EXCEPTION;])
EC;0090;07;2026-06-05;337;361593;524188;error;(Database.Error[getFields=(Producto__c);getMessage=No puede agregar un producto inactivo.;getStatusCode=FIELD_CUSTOM_VALIDATION_EXCEPTION;])
EC;0090;07;2026-06-05;337;361593;524188;error;(Database.Error[getFields=(Producto__c);getMessage=No puede agregar un producto inactivo.;getStatusCode=FIELD_CUSTOM_VALIDATION_EXCEPTION;])
EC;0090;07;2026-06-05;337;361593;524188;error;(Database.Error[getFields=(Producto__c);getMessage=No puede agregar un producto inactivo.;getStatusCode=FIELD_CUSTOM_VALIDATION_EXCEPTION;])
EC;0090;07;2026-06-05;337;361593;524188;error;(Database.Error[getFields=(Producto__c);getMessage=No puede agregar un producto inactivo.;getStatusCode=FIELD_CUSTOM_VALIDATION_EXCEPTION;])
EC;0090;07;2026-06-05;337;361593;524188;error;(Database.Error[getFields=(Producto__c);getMessage=No puede agregar un producto inactivo.;getStatusCode=FIELD_CUSTOM_VALIDATION_EXCEPTION;])
EC;0090;07;2026-06-05;337;361593;524188;error;(Database.Error[getFields=(Producto__c);getMessage=No puede agregar un producto inactivo.;getStatusCode=FIELD_CUSTOM_VALIDATION_EXCEPTION;])
EC;0090;07;2026-06-05;337;361593;524188;error;(Database.Error[getFields=(Producto__c);getMessage=No puede agregar un producto inactivo.;getStatusCode=FIELD_CUSTOM_VALIDATION_EXCEPTION;])
EC;0090;07;2026-06-05;337;361593;524188;error;(Database.Error[getFields=(Producto__c);getMessage=No puede agregar un producto inactivo.;getStatusCode=FIELD_CUSTOM_VALIDATION_EXCEPTION;])
EC;0090;07;2026-06-05;337;361593;524188;error;(Database.Error[getFields=(Producto__c);getMessage=No puede agregar un producto inactivo.;getStatusCode=FIELD_CUSTOM_VALIDATION_EXCEPTION;])
EC;0090;07;2026-06-05;337;361593;524188;error;(Database.Error[getFields=(Producto__c);getMessage=No puede agregar un producto inactivo.;getStatusCode=FIELD_CUSTOM_VALIDATION_EXCEPTION;])
EC;0090;07;2026-06-05;337;361593;524188;error;(Database.Error[getFields=(Producto__c);getMessage=No puede agregar un producto inactivo.;getStatusCode=FIELD_CUSTOM_VALIDATION_EXCEPTION;])
EC;0090;07;2026-06-05;337;361593;524188;error;(Database.Error[getFields=(Producto__c);getMessage=No puede agregar un producto inactivo.;getStatusCode=FIELD_CUSTOM_VALIDATION_EXCEPTION;])
EC;0090;07;2026-06-05;337;361593;524188;error;(Database.Error[getFields=(Producto__c);getMessage=No puede agregar un producto inactivo.;getStatusCode=FIELD_CUSTOM_VALIDATION_EXCEPTION;])
EC;0090;07;2026-06-05;337;361593;524188;error;(Database.Error[getFields=(Producto__c);getMessage=No puede agregar un producto inactivo.;getStatusCode=FIELD_CUSTOM_VALIDATION_EXCEPTION;])
EC;0090;07;2026-06-05;337;361593;524188;error;(Database.Error[getFields=(Producto__c);getMessage=No puede agregar un producto inactivo.;getStatusCode=FIELD_CUSTOM_VALIDATION_EXCEPTION;])
EC;0090;07;2026-06-05;337;361593;524188;error;(Database.Error[getFields=(Producto__c);getMessage=No puede agregar un producto inactivo.;getStatusCode=FIELD_CUSTOM_VALIDATION_EXCEPTION;])
EC;0090;07;2026-06-05;337;361593;524188;error;(Database.Error[getFields=(Producto__c);getMessage=No puede agregar un producto inactivo.;getStatusCode=FIELD_CUSTOM_VALIDATION_EXCEPTION;])
EC;0090;07;2026-06-05;337;361593;524188;error;(Database.Error[getFields=(Producto__c);getMessage=No puede agregar un producto inactivo.;getStatusCode=FIELD_CUSTOM_VALIDATION_EXCEPTION;])
EC;0090;07;2026-06-05;337;361593;524188;error;(Database.Error[getFields=(Producto__c);getMessage=No puede agregar un producto inactivo.;getStatusCode=FIELD_CUSTOM_VALIDATION_EXCEPTION;])
EC;0090;07;2026-06-05;337;361593;524188;error;(Database.Error[getFields=(Producto__c);getMessage=No puede agregar un producto inactivo.;getStatusCode=FIELD_CUSTOM_VALIDATION_EXCEPTION;])
EC;0090;07;2026-06-05;337;361593;524188;error;(Database.Error[getFields=(Producto__c);getMessage=No puede agregar un producto inactivo.;getStatusCode=FIELD_CUSTOM_VALIDATION_EXCEPTION;])
EC;0090;07;2026-06-05;337;361593;524188;error;(Database.Error[getFields=(Producto__c);getMessage=No puede agregar un producto inactivo.;getStatusCode=FIELD_CUSTOM_VALIDATION_EXCEPTION;])
EC;0090;07;2026-06-05;337;361593;524188;error;(Database.Error[getFields=(Producto__c);getMessage=No puede agregar un producto inactivo.;getStatusCode=FIELD_CUSTOM_VALIDATION_EXCEPTION;])
EC;0090;07;2026-06-05;337;361593;524188;error;(Database.Error[getFields=(Producto__c);getMessage=No puede agregar un producto inactivo.;getStatusCode=FIELD_CUSTOM_VALIDATION_EXCEPTION;])
EC;0090;07;2026-06-05;337;361593;524188;error;(Database.Error[getFields=(Producto__c);getMessage=No puede agregar un producto inactivo.;getStatusCode=FIELD_CUSTOM_VALIDATION_EXCEPTION;])
EC;0090;07;2026-06-05;337;361593;524188;error;(Database.Error[getFields=(Producto__c);getMessage=No puede agregar un producto inactivo.;getStatusCode=FIELD_CUSTOM_VALIDATION_EXCEPTION;])
EC;0090;07;2026-06-05;337;361593;524188;error;(Database.Error[getFields=(Producto__c);getMessage=No puede agregar un producto inactivo.;getStatusCode=FIELD_CUSTOM_VALIDATION_EXCEPTION;])
EC;0090;07;2026-06-05;337;361593;524188;error;(Database.Error[getFields=(Producto__c);getMessage=No puede agregar un producto inactivo.;getStatusCode=FIELD_CUSTOM_VALIDATION_EXCEPTION;])
EC;0090;07;2026-06-05;337;361593;524188;error;(Database.Error[getFields=(Producto__c);getMessage=No puede agregar un producto inactivo.;getStatusCode=FIELD_CUSTOM_VALIDATION_EXCEPTION;])
EC;0090;07;2026-06-05;337;361593;524188;error;(Database.Error[getFields=(Producto__c);getMessage=No puede agregar un producto inactivo.;getStatusCode=FIELD_CUSTOM_VALIDATION_EXCEPTION;])
EC;0090;07;2026-06-05;337;361593;524188;error;(Database.Error[getFields=(Producto__c);getMessage=No puede agregar un producto inactivo.;getStatusCode=FIELD_CUSTOM_VALIDATION_EXCEPTION;])
EC;0090;07;2026-06-05;337;361593;524188;error;(Database.Error[getFields=(Producto__c);getMessage=No puede agregar un producto inactivo.;getStatusCode=FIELD_CUSTOM_VALIDATION_EXCEPTION;])
EC;0090;07;2026-06-05;337;361593;524188;error;(Database.Error[getFields=(Producto__c);getMessage=No puede agregar un producto inactivo.;getStatusCode=FIELD_CUSTOM_VALIDATION_EXCEPTION;])
EC;0090;07;2026-06-05;337;361593;524188;error;(Database.Error[getFields=(Producto__c);getMessage=No puede agregar un producto inactivo.;getStatusCode=FIELD_CUSTOM_VALIDATION_EXCEPTION;])
EC;0090;07;2026-06-05;337;361593;524188;error;(Database.Error[getFields=(Producto__c);getMessage=No puede agregar un producto inactivo.;getStatusCode=FIELD_CUSTOM_VALIDATION_EXCEPTION;])
EC;0090;07;2026-06-05;337;361593;524188;error;(Database.Error[getFields=(Producto__c);getMessage=No puede agregar un producto inactivo.;getStatusCode=FIELD_CUSTOM_VALIDATION_EXCEPTION;])
EC;0090;07;2026-06-05;337;361593;524188;error;(Database.Error[getFields=(Producto__c);getMessage=No puede agregar un producto inactivo.;getStatusCode=FIELD_CUSTOM_VALIDATION_EXCEPTION;])
EC;0090;07;2026-06-05;337;361593;524188;error;(Database.Error[getFields=(Producto__c);getMessage=No puede agregar un producto inactivo.;getStatusCode=FIELD_CUSTOM_VALIDATION_EXCEPTION;])
EC;0090;07;2026-06-05;337;361593;524188;error;(Database.Error[getFields=(Producto__c);getMessage=No puede agregar un producto inactivo.;getStatusCode=FIELD_CUSTOM_VALIDATION_EXCEPTION;])
EC;0090;07;2026-06-05;337;361593;524188;error;(Database.Error[getFields=(Producto__c);getMessage=No puede agregar un producto inactivo.;getStatusCode=FIELD_CUSTOM_VALIDATION_EXCEPTION;])
EC;0090;07;2026-06-05;337;361593;524188;error;(Database.Error[getFields=(Producto__c);getMessage=No puede agregar un producto inactivo.;getStatusCode=FIELD_CUSTOM_VALIDATION_EXCEPTION;])
EC;0090;07;2026-06-05;337;361593;524188;error;(Database.Error[getFields=(Producto__c);getMessage=No puede agregar un producto inactivo.;getStatusCode=FIELD_CUSTOM_VALIDATION_EXCEPTION;])
EC;0090;07;2026-06-05;337;361593;524188;error;(Database.Error[getFields=(Producto__c);getMessage=No puede agregar un producto inactivo.;getStatusCode=FIELD_CUSTOM_VALIDATION_EXCEPTION;])
EC;0090;07;2026-06-05;337;361593;524188;error;(Database.Error[getFields=(Producto__c);getMessage=No puede agregar un producto inactivo.;getStatusCode=FIELD_CUSTOM_VALIDATION_EXCEPTION;])
EC;0090;07;2026-06-05;337;361593;524188;error;(Database.Error[getFields=(Producto__c);getMessage=No puede agregar un producto inactivo.;getStatusCode=FIELD_CUSTOM_VALIDATION_EXCEPTION;])
EC;0090;07;2026-06-05;337;361593;524188;error;(Database.Error[getFields=(Producto__c);getMessage=No puede agregar un producto inactivo.;getStatusCode=FIELD_CUSTOM_VALIDATION_EXCEPTION;])
EC;0090;07;2026-06-05;337;361593;524188;error;(Database.Error[getFields=(Producto__c);getMessage=No puede agregar un producto inactivo.;getStatusCode=FIELD_CUSTOM_VALIDATION_EXCEPTION;])
EC;0090;07;2026-06-05;337;361593;524188;error;(Database.Error[getFields=(Producto__c);getMessage=No puede agregar un producto inactivo.;getStatusCode=FIELD_CUSTOM_VALIDATION_EXCEPTION;])
EC;0090;07;2026-06-05;337;361593;524188;error;(Database.Error[getFields=(Producto__c);getMessage=No puede agregar un producto inactivo.;getStatusCode=FIELD_CUSTOM_VALIDATION_EXCEPTION;])
EC;0090;07;2026-06-05;337;361593;524188;error;(Database.Error[getFields=(Producto__c);getMessage=No puede agregar un producto inactivo.;getStatusCode=FIELD_CUSTOM_VALIDATION_EXCEPTION;])
EC;0090;07;2026-06-05;337;361593;524188;error;(Database.Error[getFields=(Producto__c);getMessage=No puede agregar un producto inactivo.;getStatusCode=FIELD_CUSTOM_VALIDATION_EXCEPTION;])
EC;0090;07;2026-06-05;337;361593;524188;error;(Database.Error[getFields=(Producto__c);getMessage=No puede agregar un producto inactivo.;getStatusCode=FIELD_CUSTOM_VALIDATION_EXCEPTION;])
EC;0090;07;2026-06-05;337;361593;524188;error;(Database.Error[getFields=(Producto__c);getMessage=No puede agregar un producto inactivo.;getStatusCode=FIELD_CUSTOM_VALIDATION_EXCEPTION;])
EC;0090;07;2026-06-05;337;361593;524188;error;(Database.Error[getFields=(Producto__c);getMessage=No puede agregar un producto inactivo.;getStatusCode=FIELD_CUSTOM_VALIDATION_EXCEPTION;])
EC;0090;07;2026-06-05;337;361593;524188;error;(Database.Error[getFields=(Producto__c);getMessage=No puede agregar un producto inactivo.;getStatusCode=FIELD_CUSTOM_VALIDATION_EXCEPTION;])
EC;0090;07;2026-06-05;337;361593;524188;error;(Database.Error[getFields=(Producto__c);getMessage=No puede agregar un producto inactivo.;getStatusCode=FIELD_CUSTOM_VALIDATION_EXCEPTION;])
EC;0090;07;2026-06-05;337;361593;524188;error;(Database.Error[getFields=(Producto__c);getMessage=No puede agregar un producto inactivo.;getStatusCode=FIELD_CUSTOM_VALIDATION_EXCEPTION;])
EC;0090;07;2026-06-05;337;361593;524188;error;(Database.Error[getFields=(Producto__c);getMessage=No puede agregar un producto inactivo.;getStatusCode=FIELD_CUSTOM_VALIDATION_EXCEPTION;])
EC;0090;07;2026-06-05;337;361593;524188;error;(Database.Error[getFields=(Producto__c);getMessage=No puede agregar un producto inactivo.;getStatusCode=FIELD_CUSTOM_VALIDATION_EXCEPTION;])
EC;0090;07;2026-06-05;337;361593;524188;error;(Database.Error[getFields=(Producto__c);getMessage=No puede agregar un producto inactivo.;getStatusCode=FIELD_CUSTOM_VALIDATION_EXCEPTION;])
EC;0090;07;2026-06-05;337;361593;524188;error;(Database.Error[getFields=(Producto__c);getMessage=No puede agregar un producto inactivo.;getStatusCode=FIELD_CUSTOM_VALIDATION_EXCEPTION;])
EC;0090;07;2026-06-05;337;361593;524188;error;(Database.Error[getFields=(Producto__c);getMessage=No puede agregar un producto inactivo.;getStatusCode=FIELD_CUSTOM_VALIDATION_EXCEPTION;])
EC;0090;07;2026-06-05;337;361593;524188;error;(Database.Error[getFields=(Producto__c);getMessage=No puede agregar un producto inactivo.;getStatusCode=FIELD_CUSTOM_VALIDATION_EXCEPTION;])
EC;0090;07;2026-06-05;337;361593;524188;error;(Database.Error[getFields=(Producto__c);getMessage=No puede agregar un producto inactivo.;getStatusCode=FIELD_CUSTOM_VALIDATION_EXCEPTION;])
EC;0090;07;2026-06-05;337;361593;524188;error;(Database.Error[getFields=(Producto__c);getMessage=No puede agregar un producto inactivo.;getStatusCode=FIELD_CUSTOM_VALIDATION_EXCEPTION;])
EC;0090;07;2026-06-05;337;361593;524188;error;(Database.Error[getFields=(Producto__c);getMessage=No puede agregar un producto inactivo.;getStatusCode=FIELD_CUSTOM_VALIDATION_EXCEPTION;])
EC;0090;07;2026-06-05;337;361593;524188;error;(Database.Error[getFields=(Producto__c);getMessage=No puede agregar un producto inactivo.;getStatusCode=FIELD_CUSTOM_VALIDATION_EXCEPTION;])
EC;0090;07;2026-06-05;337;361593;524188;error;(Database.Error[getFields=(Producto__c);getMessage=No puede agregar un producto inactivo.;getStatusCode=FIELD_CUSTOM_VALIDATION_EXCEPTION;])
EC;0090;07;2026-06-05;337;361593;524188;error;(Database.Error[getFields=(Producto__c);getMessage=No puede agregar un producto inactivo.;getStatusCode=FIELD_CUSTOM_VALIDATION_EXCEPTION;])
EC;0090;07;2026-06-05;337;361593;524188;error;(Database.Error[getFields=(Producto__c);getMessage=No puede agregar un producto inactivo.;getStatusCode=FIELD_CUSTOM_VALIDATION_EXCEPTION;])
EC;0090;07;2026-06-05;337;361593;524188;error;(Database.Error[getFields=(Producto__c);getMessage=No puede agregar un producto inactivo.;getStatusCode=FIELD_CUSTOM_VALIDATION_EXCEPTION;])
EC;0090;07;2026-06-05;337;361593;524188;error;(Database.Error[getFields=(Producto__c);getMessage=No puede agregar un producto inactivo.;getStatusCode=FIELD_CUSTOM_VALIDATION_EXCEPTION;])
EC;0090;07;2026-06-05;337;361593;524188;error;(Database.Error[getFields=(Producto__c);getMessage=No puede agregar un producto inactivo.;getStatusCode=FIELD_CUSTOM_VALIDATION_EXCEPTION;])
EC;0090;07;2026-06-05;337;361593;524188;error;(Database.Error[getFields=(Producto__c);getMessage=No puede agregar un producto inactivo.;getStatusCode=FIELD_CUSTOM_VALIDATION_EXCEPTION;])
EC;0090;07;2026-06-05;337;361593;524188;error;(Database.Error[getFields=(Producto__c);getMessage=No puede agregar un producto inactivo.;getStatusCode=FIELD_CUSTOM_VALIDATION_EXCEPTION;])
EC;0090;07;2026-06-05;337;361593;524188;error;(Database.Error[getFields=(Producto__c);getMessage=No puede agregar un producto inactivo.;getStatusCode=FIELD_CUSTOM_VALIDATION_EXCEPTION;])
EC;0090;07;2026-06-05;337;361593;524188;error;(Database.Error[getFields=(Producto__c);getMessage=No puede agregar un producto inactivo.;getStatusCode=FIELD_CUSTOM_VALIDATION_EXCEPTION;])
EC;0090;07;2026-06-05;337;361593;524188;error;(Database.Error[getFields=(Producto__c);getMessage=No puede agregar un producto inactivo.;getStatusCode=FIELD_CUSTOM_VALIDATION_EXCEPTION;])
EC;0090;07;2026-06-05;362;389619;524188;error;(Database.Error[getFields=(Producto__c);getMessage=No puede agregar un producto inactivo.;getStatusCode=FIELD_CUSTOM_VALIDATION_EXCEPTION;])
EC;0090;07;2026-06-05;362;389619;524188;error;(Database.Error[getFields=(Producto__c);getMessage=No puede agregar un producto inactivo.;getStatusCode=FIELD_CUSTOM_VALIDATION_EXCEPTION;])
EC;0090;07;2026-06-05;362;389619;524188;error;(Database.Error[getFields=(Producto__c);getMessage=No puede agregar un producto inactivo.;getStatusCode=FIELD_CUSTOM_VALIDATION_EXCEPTION;])
EC;0090;07;2026-06-05;362;389619;524188;error;(Database.Error[getFields=(Producto__c);getMessage=No puede agregar un producto inactivo.;getStatusCode=FIELD_CUSTOM_VALIDATION_EXCEPTION;])
EC;0090;07;2026-06-05;362;389619;524188;error;(Database.Error[getFields=(Producto__c);getMessage=No puede agregar un producto inactivo.;getStatusCode=FIELD_CUSTOM_VALIDATION_EXCEPTION;])
EC;0090;07;2026-06-05;362;389619;524188;error;(Database.Error[getFields=(Producto__c);getMessage=No puede agregar un producto inactivo.;getStatusCode=FIELD_CUSTOM_VALIDATION_EXCEPTION;])
EC;0090;07;2026-06-05;362;389619;524188;error;(Database.Error[getFields=(Producto__c);getMessage=No puede agregar un producto inactivo.;getStatusCode=FIELD_CUSTOM_VALIDATION_EXCEPTION;])
EC;0090;07;2026-06-05;362;389619;524188;error;(Database.Error[getFields=(Producto__c);getMessage=No puede agregar un producto inactivo.;getStatusCode=FIELD_CUSTOM_VALIDATION_EXCEPTION;])
EC;0090;07;2026-06-05;362;389619;524188;error;(Database.Error[getFields=(Producto__c);getMessage=No puede agregar un producto inactivo.;getStatusCode=FIELD_CUSTOM_VALIDATION_EXCEPTION;])
EC;0090;07;2026-06-05;362;389619;524188;error;(Database.Error[getFields=(Producto__c);getMessage=No puede agregar un producto inactivo.;getStatusCode=FIELD_CUSTOM_VALIDATION_EXCEPTION;])
EC;0090;07;2026-06-05;362;389619;524188;error;(Database.Error[getFields=(Producto__c);getMessage=No puede agregar un producto inactivo.;getStatusCode=FIELD_CUSTOM_VALIDATION_EXCEPTION;])
EC;0090;07;2026-06-05;362;389619;524188;error;(Database.Error[getFields=(Producto__c);getMessage=No puede agregar un producto inactivo.;getStatusCode=FIELD_CUSTOM_VALIDATION_EXCEPTION;])
EC;0090;07;2026-06-05;362;389619;524188;error;(Database.Error[getFields=(Producto__c);getMessage=No puede agregar un producto inactivo.;getStatusCode=FIELD_CUSTOM_VALIDATION_EXCEPTION;])
EC;0090;07;2026-06-05;362;389619;524188;error;(Database.Error[getFields=(Producto__c);getMessage=No puede agregar un producto inactivo.;getStatusCode=FIELD_CUSTOM_VALIDATION_EXCEPTION;])
EC;0090;07;2026-06-05;362;389619;524188;error;(Database.Error[getFields=(Producto__c);getMessage=No puede agregar un producto inactivo.;getStatusCode=FIELD_CUSTOM_VALIDATION_EXCEPTION;])
EC;0090;07;2026-06-05;362;389619;524188;error;(Database.Error[getFields=(Producto__c);getMessage=No puede agregar un producto inactivo.;getStatusCode=FIELD_CUSTOM_VALIDATION_EXCEPTION;])
EC;0090;07;2026-06-05;362;389619;524188;error;(Database.Error[getFields=(Producto__c);getMessage=No puede agregar un producto inactivo.;getStatusCode=FIELD_CUSTOM_VALIDATION_EXCEPTION;])
EC;0090;07;2026-06-05;362;389619;524188;error;(Database.Error[getFields=(Producto__c);getMessage=No puede agregar un producto inactivo.;getStatusCode=FIELD_CUSTOM_VALIDATION_EXCEPTION;])
EC;0090;07;2026-06-05;362;389619;524188;error;(Database.Error[getFields=(Producto__c);getMessage=No puede agregar un producto inactivo.;getStatusCode=FIELD_CUSTOM_VALIDATION_EXCEPTION;])
EC;0090;07;2026-06-05;362;389619;524188;error;(Database.Error[getFields=(Producto__c);getMessage=No puede agregar un producto inactivo.;getStatusCode=FIELD_CUSTOM_VALIDATION_EXCEPTION;])
EC;0090;07;2026-06-05;362;389619;524188;error;(Database.Error[getFields=(Producto__c);getMessage=No puede agregar un producto inactivo.;getStatusCode=FIELD_CUSTOM_VALIDATION_EXCEPTION;])
EC;0090;07;2026-06-05;362;389619;524188;error;(Database.Error[getFields=(Producto__c);getMessage=No puede agregar un producto inactivo.;getStatusCode=FIELD_CUSTOM_VALIDATION_EXCEPTION;])
EC;0090;07;2026-06-05;362;389619;524188;error;(Database.Error[getFields=(Producto__c);getMessage=No puede agregar un producto inactivo.;getStatusCode=FIELD_CUSTOM_VALIDATION_EXCEPTION;])
EC;0090;07;2026-06-05;362;389619;524188;error;(Database.Error[getFields=(Producto__c);getMessage=No puede agregar un producto inactivo.;getStatusCode=FIELD_CUSTOM_VALIDATION_EXCEPTION;])
EC;0090;07;2026-06-05;362;389619;524188;error;(Database.Error[getFields=(Producto__c);getMessage=No puede agregar un producto inactivo.;getStatusCode=FIELD_CUSTOM_VALIDATION_EXCEPTION;])
EC;0090;07;2026-06-05;362;389619;524188;error;(Database.Error[getFields=(Producto__c);getMessage=No puede agregar un producto inactivo.;getStatusCode=FIELD_CUSTOM_VALIDATION_EXCEPTION;])
EC;0090;07;2026-06-05;362;389619;524188;error;(Database.Error[getFields=(Producto__c);getMessage=No puede agregar un producto inactivo.;getStatusCode=FIELD_CUSTOM_VALIDATION_EXCEPTION;])
EC;0090;07;2026-06-05;362;389619;524188;error;(Database.Error[getFields=(Producto__c);getMessage=No puede agregar un producto inactivo.;getStatusCode=FIELD_CUSTOM_VALIDATION_EXCEPTION;])
EC;0090;07;2026-06-05;362;389619;524188;error;(Database.Error[getFields=(Producto__c);getMessage=No puede agregar un producto inactivo.;getStatusCode=FIELD_CUSTOM_VALIDATION_EXCEPTION;])
EC;0090;07;2026-06-05;362;389619;524188;error;(Database.Error[getFields=(Producto__c);getMessage=No puede agregar un producto inactivo.;getStatusCode=FIELD_CUSTOM_VALIDATION_EXCEPTION;])
EC;0090;07;2026-06-05;362;389619;524188;error;(Database.Error[getFields=(Producto__c);getMessage=No puede agregar un producto inactivo.;getStatusCode=FIELD_CUSTOM_VALIDATION_EXCEPTION;])
EC;0090;07;2026-06-05;362;389619;524188;error;(Database.Error[getFields=(Producto__c);getMessage=No puede agregar un producto inactivo.;getStatusCode=FIELD_CUSTOM_VALIDATION_EXCEPTION;])
EC;0090;07;2026-06-05;362;389619;524188;error;(Database.Error[getFields=(Producto__c);getMessage=No puede agregar un producto inactivo.;getStatusCode=FIELD_CUSTOM_VALIDATION_EXCEPTION;])
EC;0090;07;2026-06-05;362;389619;524188;error;(Database.Error[getFields=(Producto__c);getMessage=No puede agregar un producto inactivo.;getStatusCode=FIELD_CUSTOM_VALIDATION_EXCEPTION;])
EC;0090;07;2026-06-05;362;389619;524188;error;(Database.Error[getFields=(Producto__c);getMessage=No puede agregar un producto inactivo.;getStatusCode=FIELD_CUSTOM_VALIDATION_EXCEPTION;])
EC;0090;07;2026-06-05;362;389619;524188;error;(Database.Error[getFields=(Producto__c);getMessage=No puede agregar un producto inactivo.;getStatusCode=FIELD_CUSTOM_VALIDATION_EXCEPTION;])
EC;0090;07;2026-06-05;362;389619;524188;error;(Database.Error[getFields=(Producto__c);getMessage=No puede agregar un producto inactivo.;getStatusCode=FIELD_CUSTOM_VALIDATION_EXCEPTION;])
EC;0090;07;2026-06-05;362;389619;524188;error;(Database.Error[getFields=(Producto__c);getMessage=No puede agregar un producto inactivo.;getStatusCode=FIELD_CUSTOM_VALIDATION_EXCEPTION;])
EC;0090;07;2026-06-05;362;389619;524188;error;(Database.Error[getFields=(Producto__c);getMessage=No puede agregar un producto inactivo.;getStatusCode=FIELD_CUSTOM_VALIDATION_EXCEPTION;])
EC;0090;07;2026-06-05;362;389619;524188;error;(Database.Error[getFields=(Producto__c);getMessage=No puede agregar un producto inactivo.;getStatusCode=FIELD_CUSTOM_VALIDATION_EXCEPTION;])
EC;0090;07;2026-06-05;362;389619;524188;error;(Database.Error[getFields=(Producto__c);getMessage=No puede agregar un producto inactivo.;getStatusCode=FIELD_CUSTOM_VALIDATION_EXCEPTION;])
EC;0090;07;2026-06-05;362;389619;524188;error;(Database.Error[getFields=(Producto__c);getMessage=No puede agregar un producto inactivo.;getStatusCode=FIELD_CUSTOM_VALIDATION_EXCEPTION;])
EC;0090;07;2026-06-05;362;389619;524188;error;(Database.Error[getFields=(Producto__c);getMessage=No puede agregar un producto inactivo.;getStatusCode=FIELD_CUSTOM_VALIDATION_EXCEPTION;])
EC;0090;07;2026-06-05;362;389619;524188;error;(Database.Error[getFields=(Producto__c);getMessage=No puede agregar un producto inactivo.;getStatusCode=FIELD_CUSTOM_VALIDATION_EXCEPTION;])
EC;0090;07;2026-06-05;362;389619;524188;error;(Database.Error[getFields=(Producto__c);getMessage=No puede agregar un producto inactivo.;getStatusCode=FIELD_CUSTOM_VALIDATION_EXCEPTION;])
EC;0090;07;2026-06-05;362;389619;524188;error;(Database.Error[getFields=(Producto__c);getMessage=No puede agregar un producto inactivo.;getStatusCode=FIELD_CUSTOM_VALIDATION_EXCEPTION;])
EC;0090;07;2026-06-05;362;389619;524188;error;(Database.Error[getFields=(Producto__c);getMessage=No puede agregar un producto inactivo.;getStatusCode=FIELD_CUSTOM_VALIDATION_EXCEPTION;])
EC;0090;07;2026-06-05;362;389619;524188;error;(Database.Error[getFields=(Producto__c);getMessage=No puede agregar un producto inactivo.;getStatusCode=FIELD_CUSTOM_VALIDATION_EXCEPTION;])
EC;0090;07;2026-06-05;362;389619;524188;error;(Database.Error[getFields=(Producto__c);getMessage=No puede agregar un producto inactivo.;getStatusCode=FIELD_CUSTOM_VALIDATION_EXCEPTION;])
EC;0090;07;2026-06-05;362;389619;524188;error;(Database.Error[getFields=(Producto__c);getMessage=No puede agregar un producto inactivo.;getStatusCode=FIELD_CUSTOM_VALIDATION_EXCEPTION;])
EC;0090;07;2026-06-05;362;389619;524188;error;(Database.Error[getFields=(Producto__c);getMessage=No puede agregar un producto inactivo.;getStatusCode=FIELD_CUSTOM_VALIDATION_EXCEPTION;])
EC;0090;07;2026-06-05;362;389619;524188;error;(Database.Error[getFields=(Producto__c);getMessage=No puede agregar un producto inactivo.;getStatusCode=FIELD_CUSTOM_VALIDATION_EXCEPTION;])
EC;0090;07;2026-06-05;362;389619;524188;error;(Database.Error[getFields=(Producto__c);getMessage=No puede agregar un producto inactivo.;getStatusCode=FIELD_CUSTOM_VALIDATION_EXCEPTION;])
EC;0090;07;2026-06-05;362;389619;524188;error;(Database.Error[getFields=(Producto__c);getMessage=No puede agregar un producto inactivo.;getStatusCode=FIELD_CUSTOM_VALIDATION_EXCEPTION;])
EC;0090;07;2026-06-05;362;389619;524188;error;(Database.Error[getFields=(Producto__c);getMessage=No puede agregar un producto inactivo.;getStatusCode=FIELD_CUSTOM_VALIDATION_EXCEPTION;])
EC;0090;07;2026-06-05;362;389619;524188;error;(Database.Error[getFields=(Producto__c);getMessage=No puede agregar un producto inactivo.;getStatusCode=FIELD_CUSTOM_VALIDATION_EXCEPTION;])
EC;0090;07;2026-06-05;362;389619;524188;error;(Database.Error[getFields=(Producto__c);getMessage=No puede agregar un producto inactivo.;getStatusCode=FIELD_CUSTOM_VALIDATION_EXCEPTION;])
EC;0090;07;2026-06-05;362;389619;524188;error;(Database.Error[getFields=(Producto__c);getMessage=No puede agregar un producto inactivo.;getStatusCode=FIELD_CUSTOM_VALIDATION_EXCEPTION;])
EC;0090;07;2026-06-05;362;389619;524188;error;(Database.Error[getFields=(Producto__c);getMessage=No puede agregar un producto inactivo.;getStatusCode=FIELD_CUSTOM_VALIDATION_EXCEPTION;])
EC;0090;07;2026-06-05;362;389619;524188;error;(Database.Error[getFields=(Producto__c);getMessage=No puede agregar un producto inactivo.;getStatusCode=FIELD_CUSTOM_VALIDATION_EXCEPTION;])
EC;0090;07;2026-06-05;362;389619;524188;error;(Database.Error[getFields=(Producto__c);getMessage=No puede agregar un producto inactivo.;getStatusCode=FIELD_CUSTOM_VALIDATION_EXCEPTION;])
EC;0090;07;2026-06-05;362;389619;524188;error;(Database.Error[getFields=(Producto__c);getMessage=No puede agregar un producto inactivo.;getStatusCode=FIELD_CUSTOM_VALIDATION_EXCEPTION;])
EC;0090;07;2026-06-05;362;389619;524188;error;(Database.Error[getFields=(Producto__c);getMessage=No puede agregar un producto inactivo.;getStatusCode=FIELD_CUSTOM_VALIDATION_EXCEPTION;])
EC;0090;07;2026-06-05;362;389619;524188;error;(Database.Error[getFields=(Producto__c);getMessage=No puede agregar un producto inactivo.;getStatusCode=FIELD_CUSTOM_VALIDATION_EXCEPTION;])
EC;0090;07;2026-06-05;362;389619;524188;error;(Database.Error[getFields=(Producto__c);getMessage=No puede agregar un producto inactivo.;getStatusCode=FIELD_CUSTOM_VALIDATION_EXCEPTION;])
EC;0090;07;2026-06-05;362;389619;524188;error;(Database.Error[getFields=(Producto__c);getMessage=No puede agregar un producto inactivo.;getStatusCode=FIELD_CUSTOM_VALIDATION_EXCEPTION;])
EC;0090;07;2026-06-05;362;389619;524188;error;(Database.Error[getFields=(Producto__c);getMessage=No puede agregar un producto inactivo.;getStatusCode=FIELD_CUSTOM_VALIDATION_EXCEPTION;])
EC;0090;07;2026-06-05;362;389619;524188;error;(Database.Error[getFields=(Producto__c);getMessage=No puede agregar un producto inactivo.;getStatusCode=FIELD_CUSTOM_VALIDATION_EXCEPTION;])
EC;0090;07;2026-06-05;362;389619;524188;error;(Database.Error[getFields=(Producto__c);getMessage=No puede agregar un producto inactivo.;getStatusCode=FIELD_CUSTOM_VALIDATION_EXCEPTION;])
EC;0090;07;2026-06-05;362;389619;524188;error;(Database.Error[getFields=(Producto__c);getMessage=No puede agregar un producto inactivo.;getStatusCode=FIELD_CUSTOM_VALIDATION_EXCEPTION;])
EC;0090;07;2026-06-05;362;389619;524188;error;(Database.Error[getFields=(Producto__c);getMessage=No puede agregar un producto inactivo.;getStatusCode=FIELD_CUSTOM_VALIDATION_EXCEPTION;])
EC;0090;07;2026-06-05;362;389619;524188;error;(Database.Error[getFields=(Producto__c);getMessage=No puede agregar un producto inactivo.;getStatusCode=FIELD_CUSTOM_VALIDATION_EXCEPTION;])
EC;0090;07;2026-06-05;362;389619;524188;error;(Database.Error[getFields=(Producto__c);getMessage=No puede agregar un producto inactivo.;getStatusCode=FIELD_CUSTOM_VALIDATION_EXCEPTION;])
EC;0090;07;2026-06-05;362;389619;524188;error;(Database.Error[getFields=(Producto__c);getMessage=No puede agregar un producto inactivo.;getStatusCode=FIELD_CUSTOM_VALIDATION_EXCEPTION;])
EC;0090;07;2026-06-05;362;389619;524188;error;(Database.Error[getFields=(Producto__c);getMessage=No puede agregar un producto inactivo.;getStatusCode=FIELD_CUSTOM_VALIDATION_EXCEPTION;])
EC;0090;07;2026-06-05;362;389619;524188;error;(Database.Error[getFields=(Producto__c);getMessage=No puede agregar un producto inactivo.;getStatusCode=FIELD_CUSTOM_VALIDATION_EXCEPTION;])
EC;0090;07;2026-06-05;362;389619;524188;error;(Database.Error[getFields=(Producto__c);getMessage=No puede agregar un producto inactivo.;getStatusCode=FIELD_CUSTOM_VALIDATION_EXCEPTION;])
EC;0090;07;2026-06-05;362;389619;524188;error;(Database.Error[getFields=(Producto__c);getMessage=No puede agregar un producto inactivo.;getStatusCode=FIELD_CUSTOM_VALIDATION_EXCEPTION;])
EC;0090;07;2026-06-05;362;389619;524188;error;(Database.Error[getFields=(Producto__c);getMessage=No puede agregar un producto inactivo.;getStatusCode=FIELD_CUSTOM_VALIDATION_EXCEPTION;])
EC;0090;07;2026-06-05;362;389619;524188;error;(Database.Error[getFields=(Producto__c);getMessage=No puede agregar un producto inactivo.;getStatusCode=FIELD_CUSTOM_VALIDATION_EXCEPTION;])
EC;0090;07;2026-06-05;362;389619;524188;error;(Database.Error[getFields=(Producto__c);getMessage=No puede agregar un producto inactivo.;getStatusCode=FIELD_CUSTOM_VALIDATION_EXCEPTION;])
EC;0090;07;2026-06-05;362;389619;524188;error;(Database.Error[getFields=(Producto__c);getMessage=No puede agregar un producto inactivo.;getStatusCode=FIELD_CUSTOM_VALIDATION_EXCEPTION;])
EC;0090;07;2026-06-05;362;389619;524188;error;(Database.Error[getFields=(Producto__c);getMessage=No puede agregar un producto inactivo.;getStatusCode=FIELD_CUSTOM_VALIDATION_EXCEPTION;])
EC;0090;07;2026-06-05;362;389619;524188;error;(Database.Error[getFields=(Producto__c);getMessage=No puede agregar un producto inactivo.;getStatusCode=FIELD_CUSTOM_VALIDATION_EXCEPTION;])
EC;0090;07;2026-06-05;362;389619;524188;error;(Database.Error[getFields=(Producto__c);getMessage=No puede agregar un producto inactivo.;getStatusCode=FIELD_CUSTOM_VALIDATION_EXCEPTION;])
EC;0090;07;2026-06-05;362;389619;524188;error;(Database.Error[getFields=(Producto__c);getMessage=No puede agregar un producto inactivo.;getStatusCode=FIELD_CUSTOM_VALIDATION_EXCEPTION;])
EC;0090;07;2026-06-05;362;389619;524188;error;(Database.Error[getFields=(Producto__c);getMessage=No puede agregar un producto inactivo.;getStatusCode=FIELD_CUSTOM_VALIDATION_EXCEPTION;])
EC;0090;07;2026-06-05;362;389619;524188;error;(Database.Error[getFields=(Producto__c);getMessage=No puede agregar un producto inactivo.;getStatusCode=FIELD_CUSTOM_VALIDATION_EXCEPTION;])
EC;0090;07;2026-06-05;362;389619;524188;error;(Database.Error[getFields=(Producto__c);getMessage=No puede agregar un producto inactivo.;getStatusCode=FIELD_CUSTOM_VALIDATION_EXCEPTION;])
EC;0090;07;2026-06-05;362;389619;524188;error;(Database.Error[getFields=(Producto__c);getMessage=No puede agregar un producto inactivo.;getStatusCode=FIELD_CUSTOM_VALIDATION_EXCEPTION;])
EC;0090;07;2026-06-05;362;389619;524188;error;(Database.Error[getFields=(Producto__c);getMessage=No puede agregar un producto inactivo.;getStatusCode=FIELD_CUSTOM_VALIDATION_EXCEPTION;])
EC;0090;07;2026-06-05;362;389619;524188;error;(Database.Error[getFields=(Producto__c);getMessage=No puede agregar un producto inactivo.;getStatusCode=FIELD_CUSTOM_VALIDATION_EXCEPTION;])
EC;0090;07;2026-06-05;362;389619;524188;error;(Database.Error[getFields=(Producto__c);getMessage=No puede agregar un producto inactivo.;getStatusCode=FIELD_CUSTOM_VALIDATION_EXCEPTION;])
EC;0090;07;2026-06-05;362;389619;524188;error;(Database.Error[getFields=(Producto__c);getMessage=No puede agregar un producto inactivo.;getStatusCode=FIELD_CUSTOM_VALIDATION_EXCEPTION;])
EC;0090;07;2026-06-05;362;389619;524188;error;(Database.Error[getFields=(Producto__c);getMessage=No puede agregar un producto inactivo.;getStatusCode=FIELD_CUSTOM_VALIDATION_EXCEPTION;])
EC;0090;07;2026-06-05;362;389619;524188;error;(Database.Error[getFields=(Producto__c);getMessage=No puede agregar un producto inactivo.;getStatusCode=FIELD_CUSTOM_VALIDATION_EXCEPTION;])
EC;0090;07;2026-06-05;362;389619;524188;error;(Database.Error[getFields=(Producto__c);getMessage=No puede agregar un producto inactivo.;getStatusCode=FIELD_CUSTOM_VALIDATION_EXCEPTION;])
EC;0090;07;2026-06-05;362;389619;524188;error;(Database.Error[getFields=(Producto__c);getMessage=No puede agregar un producto inactivo.;getStatusCode=FIELD_CUSTOM_VALIDATION_EXCEPTION;])
EC;0090;07;2026-06-05;362;389619;524188;error;(Database.Error[getFields=(Producto__c);getMessage=No puede agregar un producto inactivo.;getStatusCode=FIELD_CUSTOM_VALIDATION_EXCEPTION;])
EC;0090;07;2026-06-05;362;389619;524188;error;(Database.Error[getFields=(Producto__c);getMessage=No puede agregar un producto inactivo.;getStatusCode=FIELD_CUSTOM_VALIDATION_EXCEPTION;])
EC;0090;07;2026-06-05;375;392649;524188;error;(Database.Error[getFields=(Producto__c);getMessage=No puede agregar un producto inactivo.;getStatusCode=FIELD_CUSTOM_VALIDATION_EXCEPTION;])
EC;0090;07;2026-06-05;375;392649;524188;error;(Database.Error[getFields=(Producto__c);getMessage=No puede agregar un producto inactivo.;getStatusCode=FIELD_CUSTOM_VALIDATION_EXCEPTION;])
EC;0090;07;2026-06-05;375;392649;524188;error;(Database.Error[getFields=(Producto__c);getMessage=No puede agregar un producto inactivo.;getStatusCode=FIELD_CUSTOM_VALIDATION_EXCEPTION;])
EC;0090;07;2026-06-05;375;392649;524188;error;(Database.Error[getFields=(Producto__c);getMessage=No puede agregar un producto inactivo.;getStatusCode=FIELD_CUSTOM_VALIDATION_EXCEPTION;])
EC;0090;07;2026-06-05;375;392649;524188;error;(Database.Error[getFields=(Producto__c);getMessage=No puede agregar un producto inactivo.;getStatusCode=FIELD_CUSTOM_VALIDATION_EXCEPTION;])
EC;0090;07;2026-06-05;375;392649;524188;error;(Database.Error[getFields=(Producto__c);getMessage=No puede agregar un producto inactivo.;getStatusCode=FIELD_CUSTOM_VALIDATION_EXCEPTION;])
EC;0090;07;2026-06-05;375;392649;524188;error;(Database.Error[getFields=(Producto__c);getMessage=No puede agregar un producto inactivo.;getStatusCode=FIELD_CUSTOM_VALIDATION_EXCEPTION;])
EC;0090;07;2026-06-05;375;392649;524188;error;(Database.Error[getFields=(Producto__c);getMessage=No puede agregar un producto inactivo.;getStatusCode=FIELD_CUSTOM_VALIDATION_EXCEPTION;])
EC;0090;07;2026-06-05;375;392649;524188;error;(Database.Error[getFields=(Producto__c);getMessage=No puede agregar un producto inactivo.;getStatusCode=FIELD_CUSTOM_VALIDATION_EXCEPTION;])
EC;0090;07;2026-06-05;375;392649;524188;error;(Database.Error[getFields=(Producto__c);getMessage=No puede agregar un producto inactivo.;getStatusCode=FIELD_CUSTOM_VALIDATION_EXCEPTION;])
EC;0090;07;2026-06-05;375;392649;524188;error;(Database.Error[getFields=(Producto__c);getMessage=No puede agregar un producto inactivo.;getStatusCode=FIELD_CUSTOM_VALIDATION_EXCEPTION;])
EC;0090;07;2026-06-05;375;392649;524188;error;(Database.Error[getFields=(Producto__c);getMessage=No puede agregar un producto inactivo.;getStatusCode=FIELD_CUSTOM_VALIDATION_EXCEPTION;])
EC;0090;07;2026-06-05;375;392649;524188;error;(Database.Error[getFields=(Producto__c);getMessage=No puede agregar un producto inactivo.;getStatusCode=FIELD_CUSTOM_VALIDATION_EXCEPTION;])
EC;0090;07;2026-06-05;375;392649;524188;error;(Database.Error[getFields=(Producto__c);getMessage=No puede agregar un producto inactivo.;getStatusCode=FIELD_CUSTOM_VALIDATION_EXCEPTION;])
EC;0090;07;2026-06-05;375;392649;524188;error;(Database.Error[getFields=(Producto__c);getMessage=No puede agregar un producto inactivo.;getStatusCode=FIELD_CUSTOM_VALIDATION_EXCEPTION;])
EC;0090;07;2026-06-05;375;392649;524188;error;(Database.Error[getFields=(Producto__c);getMessage=No puede agregar un producto inactivo.;getStatusCode=FIELD_CUSTOM_VALIDATION_EXCEPTION;])
EC;0090;07;2026-06-05;375;392649;524188;error;(Database.Error[getFields=(Producto__c);getMessage=No puede agregar un producto inactivo.;getStatusCode=FIELD_CUSTOM_VALIDATION_EXCEPTION;])
EC;0090;07;2026-06-05;375;392649;524188;error;(Database.Error[getFields=(Producto__c);getMessage=No puede agregar un producto inactivo.;getStatusCode=FIELD_CUSTOM_VALIDATION_EXCEPTION;])
EC;0090;07;2026-06-05;375;392649;524188;error;(Database.Error[getFields=(Producto__c);getMessage=No puede agregar un producto inactivo.;getStatusCode=FIELD_CUSTOM_VALIDATION_EXCEPTION;])
EC;0090;07;2026-06-05;375;392649;524188;error;(Database.Error[getFields=(Producto__c);getMessage=No puede agregar un producto inactivo.;getStatusCode=FIELD_CUSTOM_VALIDATION_EXCEPTION;])
EC;0090;07;2026-06-05;375;392649;524188;error;(Database.Error[getFields=(Producto__c);getMessage=No puede agregar un producto inactivo.;getStatusCode=FIELD_CUSTOM_VALIDATION_EXCEPTION;])
EC;0090;07;2026-06-05;375;392649;524188;error;(Database.Error[getFields=(Producto__c);getMessage=No puede agregar un producto inactivo.;getStatusCode=FIELD_CUSTOM_VALIDATION_EXCEPTION;])
EC;0090;07;2026-06-05;375;392649;524188;error;(Database.Error[getFields=(Producto__c);getMessage=No puede agregar un producto inactivo.;getStatusCode=FIELD_CUSTOM_VALIDATION_EXCEPTION;])
EC;0090;07;2026-06-05;375;392649;524188;error;(Database.Error[getFields=(Producto__c);getMessage=No puede agregar un producto inactivo.;getStatusCode=FIELD_CUSTOM_VALIDATION_EXCEPTION;])
EC;0090;07;2026-06-05;375;392649;524188;error;(Database.Error[getFields=(Producto__c);getMessage=No puede agregar un producto inactivo.;getStatusCode=FIELD_CUSTOM_VALIDATION_EXCEPTION;])
EC;0090;07;2026-06-05;375;392649;524188;error;(Database.Error[getFields=(Producto__c);getMessage=No puede agregar un producto inactivo.;getStatusCode=FIELD_CUSTOM_VALIDATION_EXCEPTION;])
EC;0090;07;2026-06-05;375;392649;524188;error;(Database.Error[getFields=(Producto__c);getMessage=No puede agregar un producto inactivo.;getStatusCode=FIELD_CUSTOM_VALIDATION_EXCEPTION;])
EC;0090;07;2026-06-05;375;392649;524188;error;(Database.Error[getFields=(Producto__c);getMessage=No puede agregar un producto inactivo.;getStatusCode=FIELD_CUSTOM_VALIDATION_EXCEPTION;])
EC;0090;07;2026-06-05;375;392649;524188;error;(Database.Error[getFields=(Producto__c);getMessage=No puede agregar un producto inactivo.;getStatusCode=FIELD_CUSTOM_VALIDATION_EXCEPTION;])
EC;0090;07;2026-06-05;375;392649;524188;error;(Database.Error[getFields=(Producto__c);getMessage=No puede agregar un producto inactivo.;getStatusCode=FIELD_CUSTOM_VALIDATION_EXCEPTION;])
EC;0090;07;2026-06-05;375;392649;524188;error;(Database.Error[getFields=(Producto__c);getMessage=No puede agregar un producto inactivo.;getStatusCode=FIELD_CUSTOM_VALIDATION_EXCEPTION;])
EC;0090;07;2026-06-05;375;392649;524188;error;(Database.Error[getFields=(Producto__c);getMessage=No puede agregar un producto inactivo.;getStatusCode=FIELD_CUSTOM_VALIDATION_EXCEPTION;])
EC;0090;07;2026-06-05;375;392649;524188;error;(Database.Error[getFields=(Producto__c);getMessage=No puede agregar un producto inactivo.;getStatusCode=FIELD_CUSTOM_VALIDATION_EXCEPTION;])
EC;0090;07;2026-06-05;375;392649;524188;error;(Database.Error[getFields=(Producto__c);getMessage=No puede agregar un producto inactivo.;getStatusCode=FIELD_CUSTOM_VALIDATION_EXCEPTION;])
EC;0090;07;2026-06-05;375;392649;524188;error;(Database.Error[getFields=(Producto__c);getMessage=No puede agregar un producto inactivo.;getStatusCode=FIELD_CUSTOM_VALIDATION_EXCEPTION;])
EC;0090;07;2026-06-05;375;392649;524188;error;(Database.Error[getFields=(Producto__c);getMessage=No puede agregar un producto inactivo.;getStatusCode=FIELD_CUSTOM_VALIDATION_EXCEPTION;])
EC;0090;07;2026-06-05;375;392649;524188;error;(Database.Error[getFields=(Producto__c);getMessage=No puede agregar un producto inactivo.;getStatusCode=FIELD_CUSTOM_VALIDATION_EXCEPTION;])
EC;0090;07;2026-06-05;375;392649;524188;error;(Database.Error[getFields=(Producto__c);getMessage=No puede agregar un producto inactivo.;getStatusCode=FIELD_CUSTOM_VALIDATION_EXCEPTION;])
EC;0090;07;2026-06-05;375;392649;524188;error;(Database.Error[getFields=(Producto__c);getMessage=No puede agregar un producto inactivo.;getStatusCode=FIELD_CUSTOM_VALIDATION_EXCEPTION;])
EC;0090;07;2026-06-05;375;392649;524188;error;(Database.Error[getFields=(Producto__c);getMessage=No puede agregar un producto inactivo.;getStatusCode=FIELD_CUSTOM_VALIDATION_EXCEPTION;])
EC;0090;07;2026-06-05;375;392649;524188;error;(Database.Error[getFields=(Producto__c);getMessage=No puede agregar un producto inactivo.;getStatusCode=FIELD_CUSTOM_VALIDATION_EXCEPTION;])
EC;0090;07;2026-06-05;375;392649;524188;error;(Database.Error[getFields=(Producto__c);getMessage=No puede agregar un producto inactivo.;getStatusCode=FIELD_CUSTOM_VALIDATION_EXCEPTION;])
EC;0090;07;2026-06-05;375;392649;524188;error;(Database.Error[getFields=(Producto__c);getMessage=No puede agregar un producto inactivo.;getStatusCode=FIELD_CUSTOM_VALIDATION_EXCEPTION;])
EC;0090;07;2026-06-05;375;392649;524188;error;(Database.Error[getFields=(Producto__c);getMessage=No puede agregar un producto inactivo.;getStatusCode=FIELD_CUSTOM_VALIDATION_EXCEPTION;])
EC;0090;07;2026-06-05;375;392649;524188;error;(Database.Error[getFields=(Producto__c);getMessage=No puede agregar un producto inactivo.;getStatusCode=FIELD_CUSTOM_VALIDATION_EXCEPTION;])
EC;0090;07;2026-06-05;375;392649;524188;error;(Database.Error[getFields=(Producto__c);getMessage=No puede agregar un producto inactivo.;getStatusCode=FIELD_CUSTOM_VALIDATION_EXCEPTION;])
EC;0090;07;2026-06-05;375;392649;524188;error;(Database.Error[getFields=(Producto__c);getMessage=No puede agregar un producto inactivo.;getStatusCode=FIELD_CUSTOM_VALIDATION_EXCEPTION;])
EC;0090;07;2026-06-05;375;392649;524188;error;(Database.Error[getFields=(Producto__c);getMessage=No puede agregar un producto inactivo.;getStatusCode=FIELD_CUSTOM_VALIDATION_EXCEPTION;])
EC;0090;07;2026-06-05;375;392649;524188;error;(Database.Error[getFields=(Producto__c);getMessage=No puede agregar un producto inactivo.;getStatusCode=FIELD_CUSTOM_VALIDATION_EXCEPTION;])
EC;0090;07;2026-06-05;375;392649;524188;error;(Database.Error[getFields=(Producto__c);getMessage=No puede agregar un producto inactivo.;getStatusCode=FIELD_CUSTOM_VALIDATION_EXCEPTION;])
EC;0090;07;2026-06-05;375;392649;524188;error;(Database.Error[getFields=(Producto__c);getMessage=No puede agregar un producto inactivo.;getStatusCode=FIELD_CUSTOM_VALIDATION_EXCEPTION;])
EC;0090;07;2026-06-05;375;392649;524188;error;(Database.Error[getFields=(Producto__c);getMessage=No puede agregar un producto inactivo.;getStatusCode=FIELD_CUSTOM_VALIDATION_EXCEPTION;])
EC;0090;07;2026-06-05;375;392649;524188;error;(Database.Error[getFields=(Producto__c);getMessage=No puede agregar un producto inactivo.;getStatusCode=FIELD_CUSTOM_VALIDATION_EXCEPTION;])
EC;0090;07;2026-06-05;375;392649;524188;error;(Database.Error[getFields=(Producto__c);getMessage=No puede agregar un producto inactivo.;getStatusCode=FIELD_CUSTOM_VALIDATION_EXCEPTION;])
EC;0090;07;2026-06-05;375;392649;524188;error;(Database.Error[getFields=(Producto__c);getMessage=No puede agregar un producto inactivo.;getStatusCode=FIELD_CUSTOM_VALIDATION_EXCEPTION;])
EC;0090;07;2026-06-05;375;392649;524188;error;(Database.Error[getFields=(Producto__c);getMessage=No puede agregar un producto inactivo.;getStatusCode=FIELD_CUSTOM_VALIDATION_EXCEPTION;])
EC;0090;07;2026-06-05;375;392649;524188;error;(Database.Error[getFields=(Producto__c);getMessage=No puede agregar un producto inactivo.;getStatusCode=FIELD_CUSTOM_VALIDATION_EXCEPTION;])
EC;0090;07;2026-06-05;375;392649;524188;error;(Database.Error[getFields=(Producto__c);getMessage=No puede agregar un producto inactivo.;getStatusCode=FIELD_CUSTOM_VALIDATION_EXCEPTION;])
EC;0090;07;2026-06-05;375;392649;524188;error;(Database.Error[getFields=(Producto__c);getMessage=No puede agregar un producto inactivo.;getStatusCode=FIELD_CUSTOM_VALIDATION_EXCEPTION;])
EC;0090;07;2026-06-05;375;392649;524188;error;(Database.Error[getFields=(Producto__c);getMessage=No puede agregar un producto inactivo.;getStatusCode=FIELD_CUSTOM_VALIDATION_EXCEPTION;])
EC;0090;07;2026-06-05;375;392649;524188;error;(Database.Error[getFields=(Producto__c);getMessage=No puede agregar un producto inactivo.;getStatusCode=FIELD_CUSTOM_VALIDATION_EXCEPTION;])
EC;0090;07;2026-06-05;375;392649;524188;error;(Database.Error[getFields=(Producto__c);getMessage=No puede agregar un producto inactivo.;getStatusCode=FIELD_CUSTOM_VALIDATION_EXCEPTION;])
EC;0090;07;2026-06-05;375;392649;524188;error;(Database.Error[getFields=(Producto__c);getMessage=No puede agregar un producto inactivo.;getStatusCode=FIELD_CUSTOM_VALIDATION_EXCEPTION;])
EC;0090;07;2026-06-05;375;392649;524188;error;(Database.Error[getFields=(Producto__c);getMessage=No puede agregar un producto inactivo.;getStatusCode=FIELD_CUSTOM_VALIDATION_EXCEPTION;])
EC;0090;07;2026-06-05;375;392649;524188;error;(Database.Error[getFields=(Producto__c);getMessage=No puede agregar un producto inactivo.;getStatusCode=FIELD_CUSTOM_VALIDATION_EXCEPTION;])
EC;0090;07;2026-06-05;375;392649;524188;error;(Database.Error[getFields=(Producto__c);getMessage=No puede agregar un producto inactivo.;getStatusCode=FIELD_CUSTOM_VALIDATION_EXCEPTION;])
EC;0090;07;2026-06-05;375;392649;524188;error;(Database.Error[getFields=(Producto__c);getMessage=No puede agregar un producto inactivo.;getStatusCode=FIELD_CUSTOM_VALIDATION_EXCEPTION;])
EC;0090;07;2026-06-05;375;392649;524188;error;(Database.Error[getFields=(Producto__c);getMessage=No puede agregar un producto inactivo.;getStatusCode=FIELD_CUSTOM_VALIDATION_EXCEPTION;])
EC;0090;07;2026-06-05;375;392649;524188;error;(Database.Error[getFields=(Producto__c);getMessage=No puede agregar un producto inactivo.;getStatusCode=FIELD_CUSTOM_VALIDATION_EXCEPTION;])
EC;0090;07;2026-06-05;375;392649;524188;error;(Database.Error[getFields=(Producto__c);getMessage=No puede agregar un producto inactivo.;getStatusCode=FIELD_CUSTOM_VALIDATION_EXCEPTION;])
EC;0090;07;2026-06-05;375;392649;524188;error;(Database.Error[getFields=(Producto__c);getMessage=No puede agregar un producto inactivo.;getStatusCode=FIELD_CUSTOM_VALIDATION_EXCEPTION;])
EC;0090;07;2026-06-05;375;392649;524188;error;(Database.Error[getFields=(Producto__c);getMessage=No puede agregar un producto inactivo.;getStatusCode=FIELD_CUSTOM_VALIDATION_EXCEPTION;])
EC;0090;07;2026-06-05;375;392649;524188;error;(Database.Error[getFields=(Producto__c);getMessage=No puede agregar un producto inactivo.;getStatusCode=FIELD_CUSTOM_VALIDATION_EXCEPTION;])
EC;0090;07;2026-06-05;375;392649;524188;error;(Database.Error[getFields=(Producto__c);getMessage=No puede agregar un producto inactivo.;getStatusCode=FIELD_CUSTOM_VALIDATION_EXCEPTION;])
EC;0090;07;2026-06-05;375;392649;524188;error;(Database.Error[getFields=(Producto__c);getMessage=No puede agregar un producto inactivo.;getStatusCode=FIELD_CUSTOM_VALIDATION_EXCEPTION;])
EC;0090;07;2026-06-05;375;392649;524188;error;(Database.Error[getFields=(Producto__c);getMessage=No puede agregar un producto inactivo.;getStatusCode=FIELD_CUSTOM_VALIDATION_EXCEPTION;])
EC;0090;07;2026-06-05;375;392649;524188;error;(Database.Error[getFields=(Producto__c);getMessage=No puede agregar un producto inactivo.;getStatusCode=FIELD_CUSTOM_VALIDATION_EXCEPTION;])
EC;0090;07;2026-06-05;375;392649;524188;error;(Database.Error[getFields=(Producto__c);getMessage=No puede agregar un producto inactivo.;getStatusCode=FIELD_CUSTOM_VALIDATION_EXCEPTION;])
EC;0090;07;2026-06-05;375;392649;524188;error;(Database.Error[getFields=(Producto__c);getMessage=No puede agregar un producto inactivo.;getStatusCode=FIELD_CUSTOM_VALIDATION_EXCEPTION;])
EC;0090;07;2026-06-05;375;392649;524188;error;(Database.Error[getFields=(Producto__c);getMessage=No puede agregar un producto inactivo.;getStatusCode=FIELD_CUSTOM_VALIDATION_EXCEPTION;])
EC;0090;07;2026-06-05;375;392649;524188;error;(Database.Error[getFields=(Producto__c);getMessage=No puede agregar un producto inactivo.;getStatusCode=FIELD_CUSTOM_VALIDATION_EXCEPTION;])
EC;0090;07;2026-06-05;375;392649;524188;error;(Database.Error[getFields=(Producto__c);getMessage=No puede agregar un producto inactivo.;getStatusCode=FIELD_CUSTOM_VALIDATION_EXCEPTION;])
EC;0090;07;2026-06-05;375;392649;524188;error;(Database.Error[getFields=(Producto__c);getMessage=No puede agregar un producto inactivo.;getStatusCode=FIELD_CUSTOM_VALIDATION_EXCEPTION;])
EC;0090;07;2026-06-05;375;392649;524188;error;(Database.Error[getFields=(Producto__c);getMessage=No puede agregar un producto inactivo.;getStatusCode=FIELD_CUSTOM_VALIDATION_EXCEPTION;])
EC;0090;07;2026-06-05;375;392649;524188;error;(Database.Error[getFields=(Producto__c);getMessage=No puede agregar un producto inactivo.;getStatusCode=FIELD_CUSTOM_VALIDATION_EXCEPTION;])
EC;0090;07;2026-06-05;375;392649;524188;error;(Database.Error[getFields=(Producto__c);getMessage=No puede agregar un producto inactivo.;getStatusCode=FIELD_CUSTOM_VALIDATION_EXCEPTION;])
EC;0090;07;2026-06-05;375;392649;524188;error;(Database.Error[getFields=(Producto__c);getMessage=No puede agregar un producto inactivo.;getStatusCode=FIELD_CUSTOM_VALIDATION_EXCEPTION;])
EC;0090;07;2026-06-05;375;392649;524188;error;(Database.Error[getFields=(Producto__c);getMessage=No puede agregar un producto inactivo.;getStatusCode=FIELD_CUSTOM_VALIDATION_EXCEPTION;])
EC;0090;07;2026-06-05;375;392649;524188;error;(Database.Error[getFields=(Producto__c);getMessage=No puede agregar un producto inactivo.;getStatusCode=FIELD_CUSTOM_VALIDATION_EXCEPTION;])
EC;0090;07;2026-06-05;375;392649;524188;error;(Database.Error[getFields=(Producto__c);getMessage=No puede agregar un producto inactivo.;getStatusCode=FIELD_CUSTOM_VALIDATION_EXCEPTION;])
EC;0090;07;2026-06-05;375;392649;524188;error;(Database.Error[getFields=(Producto__c);getMessage=No puede agregar un producto inactivo.;getStatusCode=FIELD_CUSTOM_VALIDATION_EXCEPTION;])
EC;0090;07;2026-06-05;375;392649;524188;error;(Database.Error[getFields=(Producto__c);getMessage=No puede agregar un producto inactivo.;getStatusCode=FIELD_CUSTOM_VALIDATION_EXCEPTION;])
EC;0090;07;2026-06-05;375;392649;524188;error;(Database.Error[getFields=(Producto__c);getMessage=No puede agregar un producto inactivo.;getStatusCode=FIELD_CUSTOM_VALIDATION_EXCEPTION;])
EC;0090;07;2026-06-05;375;392649;524188;error;(Database.Error[getFields=(Producto__c);getMessage=No puede agregar un producto inactivo.;getStatusCode=FIELD_CUSTOM_VALIDATION_EXCEPTION;])
EC;0090;07;2026-06-05;375;392649;524188;error;(Database.Error[getFields=(Producto__c);getMessage=No puede agregar un producto inactivo.;getStatusCode=FIELD_CUSTOM_VALIDATION_EXCEPTION;])
EC;0090;07;2026-06-05;375;392649;524188;error;(Database.Error[getFields=(Producto__c);getMessage=No puede agregar un producto inactivo.;getStatusCode=FIELD_CUSTOM_VALIDATION_EXCEPTION;])
EC;0090;07;2026-06-05;375;392649;524188;error;(Database.Error[getFields=(Producto__c);getMessage=No puede agregar un producto inactivo.;getStatusCode=FIELD_CUSTOM_VALIDATION_EXCEPTION;])
EC;0090;07;2026-06-05;375;392649;524188;error;(Database.Error[getFields=(Producto__c);getMessage=No puede agregar un producto inactivo.;getStatusCode=FIELD_CUSTOM_VALIDATION_EXCEPTION;])
EC;0090;07;2026-06-05;365;393379;524188;error;(Database.Error[getFields=(Producto__c);getMessage=No puede agregar un producto inactivo.;getStatusCode=FIELD_CUSTOM_VALIDATION_EXCEPTION;])
EC;0090;07;2026-06-05;365;393379;524188;error;(Database.Error[getFields=(Producto__c);getMessage=No puede agregar un producto inactivo.;getStatusCode=FIELD_CUSTOM_VALIDATION_EXCEPTION;])
EC;0090;07;2026-06-05;365;393379;524188;error;(Database.Error[getFields=(Producto__c);getMessage=No puede agregar un producto inactivo.;getStatusCode=FIELD_CUSTOM_VALIDATION_EXCEPTION;])
EC;0090;07;2026-06-05;365;393379;524188;error;(Database.Error[getFields=(Producto__c);getMessage=No puede agregar un producto inactivo.;getStatusCode=FIELD_CUSTOM_VALIDATION_EXCEPTION;])
EC;0090;07;2026-06-05;365;393379;524188;error;(Database.Error[getFields=(Producto__c);getMessage=No puede agregar un producto inactivo.;getStatusCode=FIELD_CUSTOM_VALIDATION_EXCEPTION;])
EC;0090;07;2026-06-05;365;393379;524188;error;(Database.Error[getFields=(Producto__c);getMessage=No puede agregar un producto inactivo.;getStatusCode=FIELD_CUSTOM_VALIDATION_EXCEPTION;])
EC;0090;07;2026-06-05;365;393379;524188;error;(Database.Error[getFields=(Producto__c);getMessage=No puede agregar un producto inactivo.;getStatusCode=FIELD_CUSTOM_VALIDATION_EXCEPTION;])
EC;0090;07;2026-06-05;365;393379;524188;error;(Database.Error[getFields=(Producto__c);getMessage=No puede agregar un producto inactivo.;getStatusCode=FIELD_CUSTOM_VALIDATION_EXCEPTION;])
EC;0090;07;2026-06-05;365;393379;524188;error;(Database.Error[getFields=(Producto__c);getMessage=No puede agregar un producto inactivo.;getStatusCode=FIELD_CUSTOM_VALIDATION_EXCEPTION;])
EC;0090;07;2026-06-05;365;393379;524188;error;(Database.Error[getFields=(Producto__c);getMessage=No puede agregar un producto inactivo.;getStatusCode=FIELD_CUSTOM_VALIDATION_EXCEPTION;])
EC;0090;07;2026-06-05;365;393379;524188;error;(Database.Error[getFields=(Producto__c);getMessage=No puede agregar un producto inactivo.;getStatusCode=FIELD_CUSTOM_VALIDATION_EXCEPTION;])
EC;0090;07;2026-06-05;365;393379;524188;error;(Database.Error[getFields=(Producto__c);getMessage=No puede agregar un producto inactivo.;getStatusCode=FIELD_CUSTOM_VALIDATION_EXCEPTION;])
EC;0090;07;2026-06-05;365;393379;524188;error;(Database.Error[getFields=(Producto__c);getMessage=No puede agregar un producto inactivo.;getStatusCode=FIELD_CUSTOM_VALIDATION_EXCEPTION;])
EC;0090;07;2026-06-05;365;393379;524188;error;(Database.Error[getFields=(Producto__c);getMessage=No puede agregar un producto inactivo.;getStatusCode=FIELD_CUSTOM_VALIDATION_EXCEPTION;])
EC;0090;07;2026-06-05;365;393379;524188;error;(Database.Error[getFields=(Producto__c);getMessage=No puede agregar un producto inactivo.;getStatusCode=FIELD_CUSTOM_VALIDATION_EXCEPTION;])
EC;0090;07;2026-06-05;365;393379;524188;error;(Database.Error[getFields=(Producto__c);getMessage=No puede agregar un producto inactivo.;getStatusCode=FIELD_CUSTOM_VALIDATION_EXCEPTION;])
EC;0090;07;2026-06-05;365;393379;524188;error;(Database.Error[getFields=(Producto__c);getMessage=No puede agregar un producto inactivo.;getStatusCode=FIELD_CUSTOM_VALIDATION_EXCEPTION;])
EC;0090;07;2026-06-05;365;393379;524188;error;(Database.Error[getFields=(Producto__c);getMessage=No puede agregar un producto inactivo.;getStatusCode=FIELD_CUSTOM_VALIDATION_EXCEPTION;])
EC;0090;07;2026-06-05;365;393379;524188;error;(Database.Error[getFields=(Producto__c);getMessage=No puede agregar un producto inactivo.;getStatusCode=FIELD_CUSTOM_VALIDATION_EXCEPTION;])
EC;0090;07;2026-06-05;365;393379;524188;error;(Database.Error[getFields=(Producto__c);getMessage=No puede agregar un producto inactivo.;getStatusCode=FIELD_CUSTOM_VALIDATION_EXCEPTION;])
EC;0090;07;2026-06-05;365;393379;524188;error;(Database.Error[getFields=(Producto__c);getMessage=No puede agregar un producto inactivo.;getStatusCode=FIELD_CUSTOM_VALIDATION_EXCEPTION;])
EC;0090;07;2026-06-05;365;393379;524188;error;(Database.Error[getFields=(Producto__c);getMessage=No puede agregar un producto inactivo.;getStatusCode=FIELD_CUSTOM_VALIDATION_EXCEPTION;])
EC;0090;07;2026-06-05;365;393379;524188;error;(Database.Error[getFields=(Producto__c);getMessage=No puede agregar un producto inactivo.;getStatusCode=FIELD_CUSTOM_VALIDATION_EXCEPTION;])
EC;0090;07;2026-06-05;365;393379;524188;error;(Database.Error[getFields=(Producto__c);getMessage=No puede agregar un producto inactivo.;getStatusCode=FIELD_CUSTOM_VALIDATION_EXCEPTION;])
EC;0090;07;2026-06-05;365;393379;524188;error;(Database.Error[getFields=(Producto__c);getMessage=No puede agregar un producto inactivo.;getStatusCode=FIELD_CUSTOM_VALIDATION_EXCEPTION;])
EC;0090;07;2026-06-05;365;393379;524188;error;(Database.Error[getFields=(Producto__c);getMessage=No puede agregar un producto inactivo.;getStatusCode=FIELD_CUSTOM_VALIDATION_EXCEPTION;])
EC;0090;07;2026-06-05;365;393379;524188;error;(Database.Error[getFields=(Producto__c);getMessage=No puede agregar un producto inactivo.;getStatusCode=FIELD_CUSTOM_VALIDATION_EXCEPTION;])
EC;0090;07;2026-06-05;365;393379;524188;error;(Database.Error[getFields=(Producto__c);getMessage=No puede agregar un producto inactivo.;getStatusCode=FIELD_CUSTOM_VALIDATION_EXCEPTION;])
EC;0090;07;2026-06-05;365;393379;524188;error;(Database.Error[getFields=(Producto__c);getMessage=No puede agregar un producto inactivo.;getStatusCode=FIELD_CUSTOM_VALIDATION_EXCEPTION;])
EC;0090;07;2026-06-05;365;393379;524188;error;(Database.Error[getFields=(Producto__c);getMessage=No puede agregar un producto inactivo.;getStatusCode=FIELD_CUSTOM_VALIDATION_EXCEPTION;])
EC;0090;07;2026-06-05;365;393379;524188;error;(Database.Error[getFields=(Producto__c);getMessage=No puede agregar un producto inactivo.;getStatusCode=FIELD_CUSTOM_VALIDATION_EXCEPTION;])
EC;0090;07;2026-06-05;365;393379;524188;error;(Database.Error[getFields=(Producto__c);getMessage=No puede agregar un producto inactivo.;getStatusCode=FIELD_CUSTOM_VALIDATION_EXCEPTION;])
EC;0090;07;2026-06-05;365;393379;524188;error;(Database.Error[getFields=(Producto__c);getMessage=No puede agregar un producto inactivo.;getStatusCode=FIELD_CUSTOM_VALIDATION_EXCEPTION;])
EC;0090;07;2026-06-05;365;393379;524188;error;(Database.Error[getFields=(Producto__c);getMessage=No puede agregar un producto inactivo.;getStatusCode=FIELD_CUSTOM_VALIDATION_EXCEPTION;])
EC;0090;07;2026-06-05;365;393379;524188;error;(Database.Error[getFields=(Producto__c);getMessage=No puede agregar un producto inactivo.;getStatusCode=FIELD_CUSTOM_VALIDATION_EXCEPTION;])
EC;0090;07;2026-06-05;365;393379;524188;error;(Database.Error[getFields=(Producto__c);getMessage=No puede agregar un producto inactivo.;getStatusCode=FIELD_CUSTOM_VALIDATION_EXCEPTION;])
EC;0090;07;2026-06-05;365;393379;524188;error;(Database.Error[getFields=(Producto__c);getMessage=No puede agregar un producto inactivo.;getStatusCode=FIELD_CUSTOM_VALIDATION_EXCEPTION;])
EC;0090;07;2026-06-05;365;393379;524188;error;(Database.Error[getFields=(Producto__c);getMessage=No puede agregar un producto inactivo.;getStatusCode=FIELD_CUSTOM_VALIDATION_EXCEPTION;])
EC;0090;07;2026-06-05;365;393379;524188;error;(Database.Error[getFields=(Producto__c);getMessage=No puede agregar un producto inactivo.;getStatusCode=FIELD_CUSTOM_VALIDATION_EXCEPTION;])
EC;0090;07;2026-06-05;365;393379;524188;error;(Database.Error[getFields=(Producto__c);getMessage=No puede agregar un producto inactivo.;getStatusCode=FIELD_CUSTOM_VALIDATION_EXCEPTION;])
EC;0090;07;2026-06-05;365;393379;524188;error;(Database.Error[getFields=(Producto__c);getMessage=No puede agregar un producto inactivo.;getStatusCode=FIELD_CUSTOM_VALIDATION_EXCEPTION;])
EC;0090;07;2026-06-05;365;393379;524188;error;(Database.Error[getFields=(Producto__c);getMessage=No puede agregar un producto inactivo.;getStatusCode=FIELD_CUSTOM_VALIDATION_EXCEPTION;])
EC;0090;07;2026-06-05;365;393379;524188;error;(Database.Error[getFields=(Producto__c);getMessage=No puede agregar un producto inactivo.;getStatusCode=FIELD_CUSTOM_VALIDATION_EXCEPTION;])
EC;0090;07;2026-06-05;365;393379;524188;error;(Database.Error[getFields=(Producto__c);getMessage=No puede agregar un producto inactivo.;getStatusCode=FIELD_CUSTOM_VALIDATION_EXCEPTION;])
EC;0090;07;2026-06-05;365;393379;524188;error;(Database.Error[getFields=(Producto__c);getMessage=No puede agregar un producto inactivo.;getStatusCode=FIELD_CUSTOM_VALIDATION_EXCEPTION;])
EC;0090;07;2026-06-05;365;393379;524188;error;(Database.Error[getFields=(Producto__c);getMessage=No puede agregar un producto inactivo.;getStatusCode=FIELD_CUSTOM_VALIDATION_EXCEPTION;])
EC;0090;07;2026-06-05;365;393379;524188;error;(Database.Error[getFields=(Producto__c);getMessage=No puede agregar un producto inactivo.;getStatusCode=FIELD_CUSTOM_VALIDATION_EXCEPTION;])
EC;0090;07;2026-06-05;365;393379;524188;error;(Database.Error[getFields=(Producto__c);getMessage=No puede agregar un producto inactivo.;getStatusCode=FIELD_CUSTOM_VALIDATION_EXCEPTION;])
EC;0090;07;2026-06-05;365;393379;524188;error;(Database.Error[getFields=(Producto__c);getMessage=No puede agregar un producto inactivo.;getStatusCode=FIELD_CUSTOM_VALIDATION_EXCEPTION;])
EC;0090;07;2026-06-05;365;393379;524188;error;(Database.Error[getFields=(Producto__c);getMessage=No puede agregar un producto inactivo.;getStatusCode=FIELD_CUSTOM_VALIDATION_EXCEPTION;])
EC;0090;07;2026-06-05;365;393379;524188;error;(Database.Error[getFields=(Producto__c);getMessage=No puede agregar un producto inactivo.;getStatusCode=FIELD_CUSTOM_VALIDATION_EXCEPTION;])
EC;0090;07;2026-06-05;365;393379;524188;error;(Database.Error[getFields=(Producto__c);getMessage=No puede agregar un producto inactivo.;getStatusCode=FIELD_CUSTOM_VALIDATION_EXCEPTION;])
EC;0090;07;2026-06-05;365;393379;524188;error;(Database.Error[getFields=(Producto__c);getMessage=No puede agregar un producto inactivo.;getStatusCode=FIELD_CUSTOM_VALIDATION_EXCEPTION;])
EC;0090;07;2026-06-05;365;393379;524188;error;(Database.Error[getFields=(Producto__c);getMessage=No puede agregar un producto inactivo.;getStatusCode=FIELD_CUSTOM_VALIDATION_EXCEPTION;])
EC;0090;07;2026-06-05;365;393379;524188;error;(Database.Error[getFields=(Producto__c);getMessage=No puede agregar un producto inactivo.;getStatusCode=FIELD_CUSTOM_VALIDATION_EXCEPTION;])
EC;0090;07;2026-06-05;365;393379;524188;error;(Database.Error[getFields=(Producto__c);getMessage=No puede agregar un producto inactivo.;getStatusCode=FIELD_CUSTOM_VALIDATION_EXCEPTION;])
EC;0090;07;2026-06-05;365;393379;524188;error;(Database.Error[getFields=(Producto__c);getMessage=No puede agregar un producto inactivo.;getStatusCode=FIELD_CUSTOM_VALIDATION_EXCEPTION;])
EC;0090;07;2026-06-05;365;393379;524188;error;(Database.Error[getFields=(Producto__c);getMessage=No puede agregar un producto inactivo.;getStatusCode=FIELD_CUSTOM_VALIDATION_EXCEPTION;])
EC;0090;07;2026-06-05;365;393379;524188;error;(Database.Error[getFields=(Producto__c);getMessage=No puede agregar un producto inactivo.;getStatusCode=FIELD_CUSTOM_VALIDATION_EXCEPTION;])
EC;0090;07;2026-06-05;365;393379;524188;error;(Database.Error[getFields=(Producto__c);getMessage=No puede agregar un producto inactivo.;getStatusCode=FIELD_CUSTOM_VALIDATION_EXCEPTION;])
EC;0090;07;2026-06-05;365;393379;524188;error;(Database.Error[getFields=(Producto__c);getMessage=No puede agregar un producto inactivo.;getStatusCode=FIELD_CUSTOM_VALIDATION_EXCEPTION;])
EC;0090;07;2026-06-05;365;393379;524188;error;(Database.Error[getFields=(Producto__c);getMessage=No puede agregar un producto inactivo.;getStatusCode=FIELD_CUSTOM_VALIDATION_EXCEPTION;])
EC;0090;07;2026-06-05;365;393379;524188;error;(Database.Error[getFields=(Producto__c);getMessage=No puede agregar un producto inactivo.;getStatusCode=FIELD_CUSTOM_VALIDATION_EXCEPTION;])
EC;0090;07;2026-06-05;365;393379;524188;error;(Database.Error[getFields=(Producto__c);getMessage=No puede agregar un producto inactivo.;getStatusCode=FIELD_CUSTOM_VALIDATION_EXCEPTION;])
EC;0090;07;2026-06-05;365;393379;524188;error;(Database.Error[getFields=(Producto__c);getMessage=No puede agregar un producto inactivo.;getStatusCode=FIELD_CUSTOM_VALIDATION_EXCEPTION;])
EC;0090;07;2026-06-05;365;393379;524188;error;(Database.Error[getFields=(Producto__c);getMessage=No puede agregar un producto inactivo.;getStatusCode=FIELD_CUSTOM_VALIDATION_EXCEPTION;])
EC;0090;07;2026-06-05;365;393379;524188;error;(Database.Error[getFields=(Producto__c);getMessage=No puede agregar un producto inactivo.;getStatusCode=FIELD_CUSTOM_VALIDATION_EXCEPTION;])
EC;0090;07;2026-06-05;365;393379;524188;error;(Database.Error[getFields=(Producto__c);getMessage=No puede agregar un producto inactivo.;getStatusCode=FIELD_CUSTOM_VALIDATION_EXCEPTION;])
EC;0090;07;2026-06-05;365;393379;524188;error;(Database.Error[getFields=(Producto__c);getMessage=No puede agregar un producto inactivo.;getStatusCode=FIELD_CUSTOM_VALIDATION_EXCEPTION;])
EC;0090;07;2026-06-05;365;393379;524188;error;(Database.Error[getFields=(Producto__c);getMessage=No puede agregar un producto inactivo.;getStatusCode=FIELD_CUSTOM_VALIDATION_EXCEPTION;])
EC;0090;07;2026-06-05;365;393379;524188;error;(Database.Error[getFields=(Producto__c);getMessage=No puede agregar un producto inactivo.;getStatusCode=FIELD_CUSTOM_VALIDATION_EXCEPTION;])
EC;0090;07;2026-06-05;365;393379;524188;error;(Database.Error[getFields=(Producto__c);getMessage=No puede agregar un producto inactivo.;getStatusCode=FIELD_CUSTOM_VALIDATION_EXCEPTION;])
EC;0090;07;2026-06-05;365;393379;524188;error;(Database.Error[getFields=(Producto__c);getMessage=No puede agregar un producto inactivo.;getStatusCode=FIELD_CUSTOM_VALIDATION_EXCEPTION;])
EC;0090;07;2026-06-05;365;393379;524188;error;(Database.Error[getFields=(Producto__c);getMessage=No puede agregar un producto inactivo.;getStatusCode=FIELD_CUSTOM_VALIDATION_EXCEPTION;])
EC;0090;07;2026-06-05;365;393379;524188;error;(Database.Error[getFields=(Producto__c);getMessage=No puede agregar un producto inactivo.;getStatusCode=FIELD_CUSTOM_VALIDATION_EXCEPTION;])
EC;0090;07;2026-06-05;365;393379;524188;error;(Database.Error[getFields=(Producto__c);getMessage=No puede agregar un producto inactivo.;getStatusCode=FIELD_CUSTOM_VALIDATION_EXCEPTION;])
EC;0090;07;2026-06-05;365;393379;524188;error;(Database.Error[getFields=(Producto__c);getMessage=No puede agregar un producto inactivo.;getStatusCode=FIELD_CUSTOM_VALIDATION_EXCEPTION;])
EC;0090;07;2026-06-05;365;393379;524188;error;(Database.Error[getFields=(Producto__c);getMessage=No puede agregar un producto inactivo.;getStatusCode=FIELD_CUSTOM_VALIDATION_EXCEPTION;])
EC;0090;07;2026-06-05;365;393379;524188;error;(Database.Error[getFields=(Producto__c);getMessage=No puede agregar un producto inactivo.;getStatusCode=FIELD_CUSTOM_VALIDATION_EXCEPTION;])
EC;0090;07;2026-06-05;365;393379;524188;error;(Database.Error[getFields=(Producto__c);getMessage=No puede agregar un producto inactivo.;getStatusCode=FIELD_CUSTOM_VALIDATION_EXCEPTION;])
EC;0090;07;2026-06-05;365;393379;524188;error;(Database.Error[getFields=(Producto__c);getMessage=No puede agregar un producto inactivo.;getStatusCode=FIELD_CUSTOM_VALIDATION_EXCEPTION;])
EC;0090;07;2026-06-05;365;393379;524188;error;(Database.Error[getFields=(Producto__c);getMessage=No puede agregar un producto inactivo.;getStatusCode=FIELD_CUSTOM_VALIDATION_EXCEPTION;])
EC;0090;07;2026-06-05;365;393379;524188;error;(Database.Error[getFields=(Producto__c);getMessage=No puede agregar un producto inactivo.;getStatusCode=FIELD_CUSTOM_VALIDATION_EXCEPTION;])
EC;0090;07;2026-06-05;365;393379;524188;error;(Database.Error[getFields=(Producto__c);getMessage=No puede agregar un producto inactivo.;getStatusCode=FIELD_CUSTOM_VALIDATION_EXCEPTION;])
EC;0090;07;2026-06-05;365;393379;524188;error;(Database.Error[getFields=(Producto__c);getMessage=No puede agregar un producto inactivo.;getStatusCode=FIELD_CUSTOM_VALIDATION_EXCEPTION;])
EC;0090;07;2026-06-05;365;393379;524188;error;(Database.Error[getFields=(Producto__c);getMessage=No puede agregar un producto inactivo.;getStatusCode=FIELD_CUSTOM_VALIDATION_EXCEPTION;])
EC;0090;07;2026-06-05;365;393379;524188;error;(Database.Error[getFields=(Producto__c);getMessage=No puede agregar un producto inactivo.;getStatusCode=FIELD_CUSTOM_VALIDATION_EXCEPTION;])
EC;0090;07;2026-06-05;365;393379;524188;error;(Database.Error[getFields=(Producto__c);getMessage=No puede agregar un producto inactivo.;getStatusCode=FIELD_CUSTOM_VALIDATION_EXCEPTION;])
EC;0090;07;2026-06-05;365;393379;524188;error;(Database.Error[getFields=(Producto__c);getMessage=No puede agregar un producto inactivo.;getStatusCode=FIELD_CUSTOM_VALIDATION_EXCEPTION;])
EC;0090;07;2026-06-05;365;393379;524188;error;(Database.Error[getFields=(Producto__c);getMessage=No puede agregar un producto inactivo.;getStatusCode=FIELD_CUSTOM_VALIDATION_EXCEPTION;])
EC;0090;07;2026-06-05;365;393379;524188;error;(Database.Error[getFields=(Producto__c);getMessage=No puede agregar un producto inactivo.;getStatusCode=FIELD_CUSTOM_VALIDATION_EXCEPTION;])
EC;0090;07;2026-06-05;365;393379;524188;error;(Database.Error[getFields=(Producto__c);getMessage=No puede agregar un producto inactivo.;getStatusCode=FIELD_CUSTOM_VALIDATION_EXCEPTION;])
EC;0090;07;2026-06-05;365;393379;524188;error;(Database.Error[getFields=(Producto__c);getMessage=No puede agregar un producto inactivo.;getStatusCode=FIELD_CUSTOM_VALIDATION_EXCEPTION;])
EC;0090;07;2026-06-05;365;393379;524188;error;(Database.Error[getFields=(Producto__c);getMessage=No puede agregar un producto inactivo.;getStatusCode=FIELD_CUSTOM_VALIDATION_EXCEPTION;])
EC;0090;07;2026-06-05;365;393379;524188;error;(Database.Error[getFields=(Producto__c);getMessage=No puede agregar un producto inactivo.;getStatusCode=FIELD_CUSTOM_VALIDATION_EXCEPTION;])
EC;0090;07;2026-06-05;365;393379;524188;error;(Database.Error[getFields=(Producto__c);getMessage=No puede agregar un producto inactivo.;getStatusCode=FIELD_CUSTOM_VALIDATION_EXCEPTION;])
EC;0090;07;2026-06-05;365;393379;524188;error;(Database.Error[getFields=(Producto__c);getMessage=No puede agregar un producto inactivo.;getStatusCode=FIELD_CUSTOM_VALIDATION_EXCEPTION;])
EC;0090;07;2026-06-05;365;393379;524188;error;(Database.Error[getFields=(Producto__c);getMessage=No puede agregar un producto inactivo.;getStatusCode=FIELD_CUSTOM_VALIDATION_EXCEPTION;])
EC;0090;07;2026-06-05;365;393379;524188;error;(Database.Error[getFields=(Producto__c);getMessage=No puede agregar un producto inactivo.;getStatusCode=FIELD_CUSTOM_VALIDATION_EXCEPTION;])
EC;0090;07;2026-06-05;365;393379;524188;error;(Database.Error[getFields=(Producto__c);getMessage=No puede agregar un producto inactivo.;getStatusCode=FIELD_CUSTOM_VALIDATION_EXCEPTION;])
EC;0090;07;2026-06-05;372;412691;524188;error;(Database.Error[getFields=(Producto__c);getMessage=No puede agregar un producto inactivo.;getStatusCode=FIELD_CUSTOM_VALIDATION_EXCEPTION;])
EC;0090;07;2026-06-05;372;412691;524188;error;(Database.Error[getFields=(Producto__c);getMessage=No puede agregar un producto inactivo.;getStatusCode=FIELD_CUSTOM_VALIDATION_EXCEPTION;])
EC;0090;07;2026-06-05;372;412691;524188;error;(Database.Error[getFields=(Producto__c);getMessage=No puede agregar un producto inactivo.;getStatusCode=FIELD_CUSTOM_VALIDATION_EXCEPTION;])
EC;0090;07;2026-06-05;372;412691;524188;error;(Database.Error[getFields=(Producto__c);getMessage=No puede agregar un producto inactivo.;getStatusCode=FIELD_CUSTOM_VALIDATION_EXCEPTION;])
EC;0090;07;2026-06-05;372;412691;524188;error;(Database.Error[getFields=(Producto__c);getMessage=No puede agregar un producto inactivo.;getStatusCode=FIELD_CUSTOM_VALIDATION_EXCEPTION;])
EC;0090;07;2026-06-05;372;412691;524188;error;(Database.Error[getFields=(Producto__c);getMessage=No puede agregar un producto inactivo.;getStatusCode=FIELD_CUSTOM_VALIDATION_EXCEPTION;])
EC;0090;07;2026-06-05;372;412691;524188;error;(Database.Error[getFields=(Producto__c);getMessage=No puede agregar un producto inactivo.;getStatusCode=FIELD_CUSTOM_VALIDATION_EXCEPTION;])
EC;0090;07;2026-06-05;372;412691;524188;error;(Database.Error[getFields=(Producto__c);getMessage=No puede agregar un producto inactivo.;getStatusCode=FIELD_CUSTOM_VALIDATION_EXCEPTION;])
EC;0090;07;2026-06-05;372;412691;524188;error;(Database.Error[getFields=(Producto__c);getMessage=No puede agregar un producto inactivo.;getStatusCode=FIELD_CUSTOM_VALIDATION_EXCEPTION;])
EC;0090;07;2026-06-05;372;412691;524188;error;(Database.Error[getFields=(Producto__c);getMessage=No puede agregar un producto inactivo.;getStatusCode=FIELD_CUSTOM_VALIDATION_EXCEPTION;])
EC;0090;07;2026-06-05;372;412691;524188;error;(Database.Error[getFields=(Producto__c);getMessage=No puede agregar un producto inactivo.;getStatusCode=FIELD_CUSTOM_VALIDATION_EXCEPTION;])
EC;0090;07;2026-06-05;372;412691;524188;error;(Database.Error[getFields=(Producto__c);getMessage=No puede agregar un producto inactivo.;getStatusCode=FIELD_CUSTOM_VALIDATION_EXCEPTION;])
EC;0090;07;2026-06-05;372;412691;524188;error;(Database.Error[getFields=(Producto__c);getMessage=No puede agregar un producto inactivo.;getStatusCode=FIELD_CUSTOM_VALIDATION_EXCEPTION;])
EC;0090;07;2026-06-05;372;412691;524188;error;(Database.Error[getFields=(Producto__c);getMessage=No puede agregar un producto inactivo.;getStatusCode=FIELD_CUSTOM_VALIDATION_EXCEPTION;])
EC;0090;07;2026-06-05;372;412691;524188;error;(Database.Error[getFields=(Producto__c);getMessage=No puede agregar un producto inactivo.;getStatusCode=FIELD_CUSTOM_VALIDATION_EXCEPTION;])
EC;0090;07;2026-06-05;372;412691;524188;error;(Database.Error[getFields=(Producto__c);getMessage=No puede agregar un producto inactivo.;getStatusCode=FIELD_CUSTOM_VALIDATION_EXCEPTION;])
EC;0090;07;2026-06-05;372;412691;524188;error;(Database.Error[getFields=(Producto__c);getMessage=No puede agregar un producto inactivo.;getStatusCode=FIELD_CUSTOM_VALIDATION_EXCEPTION;])
EC;0090;07;2026-06-05;372;412691;524188;error;(Database.Error[getFields=(Producto__c);getMessage=No puede agregar un producto inactivo.;getStatusCode=FIELD_CUSTOM_VALIDATION_EXCEPTION;])
EC;0090;07;2026-06-05;372;412691;524188;error;(Database.Error[getFields=(Producto__c);getMessage=No puede agregar un producto inactivo.;getStatusCode=FIELD_CUSTOM_VALIDATION_EXCEPTION;])
EC;0090;07;2026-06-05;372;412691;524188;error;(Database.Error[getFields=(Producto__c);getMessage=No puede agregar un producto inactivo.;getStatusCode=FIELD_CUSTOM_VALIDATION_EXCEPTION;])
EC;0090;07;2026-06-05;372;412691;524188;error;(Database.Error[getFields=(Producto__c);getMessage=No puede agregar un producto inactivo.;getStatusCode=FIELD_CUSTOM_VALIDATION_EXCEPTION;])
EC;0090;07;2026-06-05;372;412691;524188;error;(Database.Error[getFields=(Producto__c);getMessage=No puede agregar un producto inactivo.;getStatusCode=FIELD_CUSTOM_VALIDATION_EXCEPTION;])
EC;0090;07;2026-06-05;372;412691;524188;error;(Database.Error[getFields=(Producto__c);getMessage=No puede agregar un producto inactivo.;getStatusCode=FIELD_CUSTOM_VALIDATION_EXCEPTION;])
EC;0090;07;2026-06-05;372;412691;524188;error;(Database.Error[getFields=(Producto__c);getMessage=No puede agregar un producto inactivo.;getStatusCode=FIELD_CUSTOM_VALIDATION_EXCEPTION;])
EC;0090;07;2026-06-05;372;412691;524188;error;(Database.Error[getFields=(Producto__c);getMessage=No puede agregar un producto inactivo.;getStatusCode=FIELD_CUSTOM_VALIDATION_EXCEPTION;])
EC;0090;07;2026-06-05;372;412691;524188;error;(Database.Error[getFields=(Producto__c);getMessage=No puede agregar un producto inactivo.;getStatusCode=FIELD_CUSTOM_VALIDATION_EXCEPTION;])
EC;0090;07;2026-06-05;372;412691;524188;error;(Database.Error[getFields=(Producto__c);getMessage=No puede agregar un producto inactivo.;getStatusCode=FIELD_CUSTOM_VALIDATION_EXCEPTION;])
EC;0090;07;2026-06-05;372;412691;524188;error;(Database.Error[getFields=(Producto__c);getMessage=No puede agregar un producto inactivo.;getStatusCode=FIELD_CUSTOM_VALIDATION_EXCEPTION;])
EC;0090;07;2026-06-05;372;412691;524188;error;(Database.Error[getFields=(Producto__c);getMessage=No puede agregar un producto inactivo.;getStatusCode=FIELD_CUSTOM_VALIDATION_EXCEPTION;])
EC;0090;07;2026-06-05;372;412691;524188;error;(Database.Error[getFields=(Producto__c);getMessage=No puede agregar un producto inactivo.;getStatusCode=FIELD_CUSTOM_VALIDATION_EXCEPTION;])
EC;0090;07;2026-06-05;372;412691;524188;error;(Database.Error[getFields=(Producto__c);getMessage=No puede agregar un producto inactivo.;getStatusCode=FIELD_CUSTOM_VALIDATION_EXCEPTION;])
EC;0090;07;2026-06-05;372;412691;524188;error;(Database.Error[getFields=(Producto__c);getMessage=No puede agregar un producto inactivo.;getStatusCode=FIELD_CUSTOM_VALIDATION_EXCEPTION;])
EC;0090;07;2026-06-05;372;412691;524188;error;(Database.Error[getFields=(Producto__c);getMessage=No puede agregar un producto inactivo.;getStatusCode=FIELD_CUSTOM_VALIDATION_EXCEPTION;])
EC;0090;07;2026-06-05;372;412691;524188;error;(Database.Error[getFields=(Producto__c);getMessage=No puede agregar un producto inactivo.;getStatusCode=FIELD_CUSTOM_VALIDATION_EXCEPTION;])
EC;0090;07;2026-06-05;372;412691;524188;error;(Database.Error[getFields=(Producto__c);getMessage=No puede agregar un producto inactivo.;getStatusCode=FIELD_CUSTOM_VALIDATION_EXCEPTION;])
EC;0090;07;2026-06-05;372;412691;524188;error;(Database.Error[getFields=(Producto__c);getMessage=No puede agregar un producto inactivo.;getStatusCode=FIELD_CUSTOM_VALIDATION_EXCEPTION;])
EC;0090;07;2026-06-05;372;412691;524188;error;(Database.Error[getFields=(Producto__c);getMessage=No puede agregar un producto inactivo.;getStatusCode=FIELD_CUSTOM_VALIDATION_EXCEPTION;])
EC;0090;07;2026-06-05;372;412691;524188;error;(Database.Error[getFields=(Producto__c);getMessage=No puede agregar un producto inactivo.;getStatusCode=FIELD_CUSTOM_VALIDATION_EXCEPTION;])
EC;0090;07;2026-06-05;372;412691;524188;error;(Database.Error[getFields=(Producto__c);getMessage=No puede agregar un producto inactivo.;getStatusCode=FIELD_CUSTOM_VALIDATION_EXCEPTION;])
EC;0090;07;2026-06-05;372;412691;524188;error;(Database.Error[getFields=(Producto__c);getMessage=No puede agregar un producto inactivo.;getStatusCode=FIELD_CUSTOM_VALIDATION_EXCEPTION;])
EC;0090;07;2026-06-05;372;412691;524188;error;(Database.Error[getFields=(Producto__c);getMessage=No puede agregar un producto inactivo.;getStatusCode=FIELD_CUSTOM_VALIDATION_EXCEPTION;])
EC;0090;07;2026-06-05;372;412691;524188;error;(Database.Error[getFields=(Producto__c);getMessage=No puede agregar un producto inactivo.;getStatusCode=FIELD_CUSTOM_VALIDATION_EXCEPTION;])
EC;0090;07;2026-06-05;372;412691;524188;error;(Database.Error[getFields=(Producto__c);getMessage=No puede agregar un producto inactivo.;getStatusCode=FIELD_CUSTOM_VALIDATION_EXCEPTION;])
EC;0090;07;2026-06-05;372;412691;524188;error;(Database.Error[getFields=(Producto__c);getMessage=No puede agregar un producto inactivo.;getStatusCode=FIELD_CUSTOM_VALIDATION_EXCEPTION;])
EC;0090;07;2026-06-05;372;412691;524188;error;(Database.Error[getFields=(Producto__c);getMessage=No puede agregar un producto inactivo.;getStatusCode=FIELD_CUSTOM_VALIDATION_EXCEPTION;])
EC;0090;07;2026-06-05;372;412691;524188;error;(Database.Error[getFields=(Producto__c);getMessage=No puede agregar un producto inactivo.;getStatusCode=FIELD_CUSTOM_VALIDATION_EXCEPTION;])
EC;0090;07;2026-06-05;372;412691;524188;error;(Database.Error[getFields=(Producto__c);getMessage=No puede agregar un producto inactivo.;getStatusCode=FIELD_CUSTOM_VALIDATION_EXCEPTION;])
EC;0090;07;2026-06-05;372;412691;524188;error;(Database.Error[getFields=(Producto__c);getMessage=No puede agregar un producto inactivo.;getStatusCode=FIELD_CUSTOM_VALIDATION_EXCEPTION;])
EC;0090;07;2026-06-05;372;412691;524188;error;(Database.Error[getFields=(Producto__c);getMessage=No puede agregar un producto inactivo.;getStatusCode=FIELD_CUSTOM_VALIDATION_EXCEPTION;])
EC;0090;07;2026-06-05;372;412691;524188;error;(Database.Error[getFields=(Producto__c);getMessage=No puede agregar un producto inactivo.;getStatusCode=FIELD_CUSTOM_VALIDATION_EXCEPTION;])
EC;0090;07;2026-06-05;372;412691;524188;error;(Database.Error[getFields=(Producto__c);getMessage=No puede agregar un producto inactivo.;getStatusCode=FIELD_CUSTOM_VALIDATION_EXCEPTION;])
EC;0090;07;2026-06-05;372;412691;524188;error;(Database.Error[getFields=(Producto__c);getMessage=No puede agregar un producto inactivo.;getStatusCode=FIELD_CUSTOM_VALIDATION_EXCEPTION;])
EC;0090;07;2026-06-05;372;412691;524188;error;(Database.Error[getFields=(Producto__c);getMessage=No puede agregar un producto inactivo.;getStatusCode=FIELD_CUSTOM_VALIDATION_EXCEPTION;])
EC;0090;07;2026-06-05;372;412691;524188;error;(Database.Error[getFields=(Producto__c);getMessage=No puede agregar un producto inactivo.;getStatusCode=FIELD_CUSTOM_VALIDATION_EXCEPTION;])
EC;0090;07;2026-06-05;372;412691;524188;error;(Database.Error[getFields=(Producto__c);getMessage=No puede agregar un producto inactivo.;getStatusCode=FIELD_CUSTOM_VALIDATION_EXCEPTION;])
EC;0090;07;2026-06-05;372;412691;524188;error;(Database.Error[getFields=(Producto__c);getMessage=No puede agregar un producto inactivo.;getStatusCode=FIELD_CUSTOM_VALIDATION_EXCEPTION;])
EC;0090;07;2026-06-05;372;412691;524188;error;(Database.Error[getFields=(Producto__c);getMessage=No puede agregar un producto inactivo.;getStatusCode=FIELD_CUSTOM_VALIDATION_EXCEPTION;])
EC;0090;07;2026-06-05;372;412691;524188;error;(Database.Error[getFields=(Producto__c);getMessage=No puede agregar un producto inactivo.;getStatusCode=FIELD_CUSTOM_VALIDATION_EXCEPTION;])
EC;0090;07;2026-06-05;372;412691;524188;error;(Database.Error[getFields=(Producto__c);getMessage=No puede agregar un producto inactivo.;getStatusCode=FIELD_CUSTOM_VALIDATION_EXCEPTION;])
EC;0090;07;2026-06-05;372;412691;524188;error;(Database.Error[getFields=(Producto__c);getMessage=No puede agregar un producto inactivo.;getStatusCode=FIELD_CUSTOM_VALIDATION_EXCEPTION;])
EC;0090;07;2026-06-05;372;412691;524188;error;(Database.Error[getFields=(Producto__c);getMessage=No puede agregar un producto inactivo.;getStatusCode=FIELD_CUSTOM_VALIDATION_EXCEPTION;])
EC;0090;07;2026-06-05;372;412691;524188;error;(Database.Error[getFields=(Producto__c);getMessage=No puede agregar un producto inactivo.;getStatusCode=FIELD_CUSTOM_VALIDATION_EXCEPTION;])
EC;0090;07;2026-06-05;372;412691;524188;error;(Database.Error[getFields=(Producto__c);getMessage=No puede agregar un producto inactivo.;getStatusCode=FIELD_CUSTOM_VALIDATION_EXCEPTION;])
EC;0090;07;2026-06-05;372;412691;524188;error;(Database.Error[getFields=(Producto__c);getMessage=No puede agregar un producto inactivo.;getStatusCode=FIELD_CUSTOM_VALIDATION_EXCEPTION;])
EC;0090;07;2026-06-05;372;412691;524188;error;(Database.Error[getFields=(Producto__c);getMessage=No puede agregar un producto inactivo.;getStatusCode=FIELD_CUSTOM_VALIDATION_EXCEPTION;])
EC;0090;07;2026-06-05;372;412691;524188;error;(Database.Error[getFields=(Producto__c);getMessage=No puede agregar un producto inactivo.;getStatusCode=FIELD_CUSTOM_VALIDATION_EXCEPTION;])
EC;0090;07;2026-06-05;372;412691;524188;error;(Database.Error[getFields=(Producto__c);getMessage=No puede agregar un producto inactivo.;getStatusCode=FIELD_CUSTOM_VALIDATION_EXCEPTION;])
EC;0090;07;2026-06-05;372;412691;524188;error;(Database.Error[getFields=(Producto__c);getMessage=No puede agregar un producto inactivo.;getStatusCode=FIELD_CUSTOM_VALIDATION_EXCEPTION;])
EC;0090;07;2026-06-05;372;412691;524188;error;(Database.Error[getFields=(Producto__c);getMessage=No puede agregar un producto inactivo.;getStatusCode=FIELD_CUSTOM_VALIDATION_EXCEPTION;])
EC;0090;07;2026-06-05;372;412691;524188;error;(Database.Error[getFields=(Producto__c);getMessage=No puede agregar un producto inactivo.;getStatusCode=FIELD_CUSTOM_VALIDATION_EXCEPTION;])
EC;0090;07;2026-06-05;372;412691;524188;error;(Database.Error[getFields=(Producto__c);getMessage=No puede agregar un producto inactivo.;getStatusCode=FIELD_CUSTOM_VALIDATION_EXCEPTION;])
EC;0090;07;2026-06-05;372;412691;524188;error;(Database.Error[getFields=(Producto__c);getMessage=No puede agregar un producto inactivo.;getStatusCode=FIELD_CUSTOM_VALIDATION_EXCEPTION;])
EC;0090;07;2026-06-05;372;412691;524188;error;(Database.Error[getFields=(Producto__c);getMessage=No puede agregar un producto inactivo.;getStatusCode=FIELD_CUSTOM_VALIDATION_EXCEPTION;])
EC;0090;07;2026-06-05;372;412691;524188;error;(Database.Error[getFields=(Producto__c);getMessage=No puede agregar un producto inactivo.;getStatusCode=FIELD_CUSTOM_VALIDATION_EXCEPTION;])
EC;0090;07;2026-06-05;372;412691;524188;error;(Database.Error[getFields=(Producto__c);getMessage=No puede agregar un producto inactivo.;getStatusCode=FIELD_CUSTOM_VALIDATION_EXCEPTION;])
EC;0090;07;2026-06-05;372;412691;524188;error;(Database.Error[getFields=(Producto__c);getMessage=No puede agregar un producto inactivo.;getStatusCode=FIELD_CUSTOM_VALIDATION_EXCEPTION;])
EC;0090;07;2026-06-05;372;412691;524188;error;(Database.Error[getFields=(Producto__c);getMessage=No puede agregar un producto inactivo.;getStatusCode=FIELD_CUSTOM_VALIDATION_EXCEPTION;])
EC;0090;07;2026-06-05;372;412691;524188;error;(Database.Error[getFields=(Producto__c);getMessage=No puede agregar un producto inactivo.;getStatusCode=FIELD_CUSTOM_VALIDATION_EXCEPTION;])
EC;0090;07;2026-06-05;372;412691;524188;error;(Database.Error[getFields=(Producto__c);getMessage=No puede agregar un producto inactivo.;getStatusCode=FIELD_CUSTOM_VALIDATION_EXCEPTION;])
EC;0090;07;2026-06-05;372;412691;524188;error;(Database.Error[getFields=(Producto__c);getMessage=No puede agregar un producto inactivo.;getStatusCode=FIELD_CUSTOM_VALIDATION_EXCEPTION;])
EC;0090;07;2026-06-05;372;412691;524188;error;(Database.Error[getFields=(Producto__c);getMessage=No puede agregar un producto inactivo.;getStatusCode=FIELD_CUSTOM_VALIDATION_EXCEPTION;])
EC;0090;07;2026-06-05;372;412691;524188;error;(Database.Error[getFields=(Producto__c);getMessage=No puede agregar un producto inactivo.;getStatusCode=FIELD_CUSTOM_VALIDATION_EXCEPTION;])
EC;0090;07;2026-06-05;372;412691;524188;error;(Database.Error[getFields=(Producto__c);getMessage=No puede agregar un producto inactivo.;getStatusCode=FIELD_CUSTOM_VALIDATION_EXCEPTION;])
EC;0090;07;2026-06-05;372;412691;524188;error;(Database.Error[getFields=(Producto__c);getMessage=No puede agregar un producto inactivo.;getStatusCode=FIELD_CUSTOM_VALIDATION_EXCEPTION;])
EC;0090;07;2026-06-05;372;412691;524188;error;(Database.Error[getFields=(Producto__c);getMessage=No puede agregar un producto inactivo.;getStatusCode=FIELD_CUSTOM_VALIDATION_EXCEPTION;])
EC;0090;07;2026-06-05;372;412691;524188;error;(Database.Error[getFields=(Producto__c);getMessage=No puede agregar un producto inactivo.;getStatusCode=FIELD_CUSTOM_VALIDATION_EXCEPTION;])
EC;0090;07;2026-06-05;372;412691;524188;error;(Database.Error[getFields=(Producto__c);getMessage=No puede agregar un producto inactivo.;getStatusCode=FIELD_CUSTOM_VALIDATION_EXCEPTION;])
EC;0090;07;2026-06-05;372;412691;524188;error;(Database.Error[getFields=(Producto__c);getMessage=No puede agregar un producto inactivo.;getStatusCode=FIELD_CUSTOM_VALIDATION_EXCEPTION;])
EC;0090;07;2026-06-05;372;412691;524188;error;(Database.Error[getFields=(Producto__c);getMessage=No puede agregar un producto inactivo.;getStatusCode=FIELD_CUSTOM_VALIDATION_EXCEPTION;])
EC;0090;07;2026-06-05;372;412691;524188;error;(Database.Error[getFields=(Producto__c);getMessage=No puede agregar un producto inactivo.;getStatusCode=FIELD_CUSTOM_VALIDATION_EXCEPTION;])
EC;0090;07;2026-06-05;372;412691;524188;error;(Database.Error[getFields=(Producto__c);getMessage=No puede agregar un producto inactivo.;getStatusCode=FIELD_CUSTOM_VALIDATION_EXCEPTION;])
EC;0090;07;2026-06-05;372;412691;524188;error;(Database.Error[getFields=(Producto__c);getMessage=No puede agregar un producto inactivo.;getStatusCode=FIELD_CUSTOM_VALIDATION_EXCEPTION;])
EC;0090;07;2026-06-05;372;412691;524188;error;(Database.Error[getFields=(Producto__c);getMessage=No puede agregar un producto inactivo.;getStatusCode=FIELD_CUSTOM_VALIDATION_EXCEPTION;])
EC;0090;07;2026-06-05;372;412691;524188;error;(Database.Error[getFields=(Producto__c);getMessage=No puede agregar un producto inactivo.;getStatusCode=FIELD_CUSTOM_VALIDATION_EXCEPTION;])
EC;0090;07;2026-06-05;372;412691;524188;error;(Database.Error[getFields=(Producto__c);getMessage=No puede agregar un producto inactivo.;getStatusCode=FIELD_CUSTOM_VALIDATION_EXCEPTION;])
EC;0090;07;2026-06-05;372;412691;524188;error;(Database.Error[getFields=(Producto__c);getMessage=No puede agregar un producto inactivo.;getStatusCode=FIELD_CUSTOM_VALIDATION_EXCEPTION;])
EC;0090;07;2026-06-05;372;412691;524188;error;(Database.Error[getFields=(Producto__c);getMessage=No puede agregar un producto inactivo.;getStatusCode=FIELD_CUSTOM_VALIDATION_EXCEPTION;])
EC;0090;07;2026-06-05;372;412691;524188;error;(Database.Error[getFields=(Producto__c);getMessage=No puede agregar un producto inactivo.;getStatusCode=FIELD_CUSTOM_VALIDATION_EXCEPTION;])
EC;0090;07;2026-06-05;372;412691;524188;error;(Database.Error[getFields=(Producto__c);getMessage=No puede agregar un producto inactivo.;getStatusCode=FIELD_CUSTOM_VALIDATION_EXCEPTION;])
EC;0090;07;2026-06-05;372;412691;524188;error;(Database.Error[getFields=(Producto__c);getMessage=No puede agregar un producto inactivo.;getStatusCode=FIELD_CUSTOM_VALIDATION_EXCEPTION;])
EC;0090;07;2026-06-05;357;427415;524188;error;(Database.Error[getFields=(Producto__c);getMessage=No puede agregar un producto inactivo.;getStatusCode=FIELD_CUSTOM_VALIDATION_EXCEPTION;])
EC;0090;07;2026-06-05;357;427415;524188;error;(Database.Error[getFields=(Producto__c);getMessage=No puede agregar un producto inactivo.;getStatusCode=FIELD_CUSTOM_VALIDATION_EXCEPTION;])
EC;0090;07;2026-06-05;357;427415;524188;error;(Database.Error[getFields=(Producto__c);getMessage=No puede agregar un producto inactivo.;getStatusCode=FIELD_CUSTOM_VALIDATION_EXCEPTION;])
EC;0090;07;2026-06-05;357;427415;524188;error;(Database.Error[getFields=(Producto__c);getMessage=No puede agregar un producto inactivo.;getStatusCode=FIELD_CUSTOM_VALIDATION_EXCEPTION;])
EC;0090;07;2026-06-05;357;427415;524188;error;(Database.Error[getFields=(Producto__c);getMessage=No puede agregar un producto inactivo.;getStatusCode=FIELD_CUSTOM_VALIDATION_EXCEPTION;])
EC;0090;07;2026-06-05;357;427415;524188;error;(Database.Error[getFields=(Producto__c);getMessage=No puede agregar un producto inactivo.;getStatusCode=FIELD_CUSTOM_VALIDATION_EXCEPTION;])
EC;0090;07;2026-06-05;357;427415;524188;error;(Database.Error[getFields=(Producto__c);getMessage=No puede agregar un producto inactivo.;getStatusCode=FIELD_CUSTOM_VALIDATION_EXCEPTION;])
EC;0090;07;2026-06-05;357;427415;524188;error;(Database.Error[getFields=(Producto__c);getMessage=No puede agregar un producto inactivo.;getStatusCode=FIELD_CUSTOM_VALIDATION_EXCEPTION;])
EC;0090;07;2026-06-05;357;427415;524188;error;(Database.Error[getFields=(Producto__c);getMessage=No puede agregar un producto inactivo.;getStatusCode=FIELD_CUSTOM_VALIDATION_EXCEPTION;])
EC;0090;07;2026-06-05;357;427415;524188;error;(Database.Error[getFields=(Producto__c);getMessage=No puede agregar un producto inactivo.;getStatusCode=FIELD_CUSTOM_VALIDATION_EXCEPTION;])
EC;0090;07;2026-06-05;357;427415;524188;error;(Database.Error[getFields=(Producto__c);getMessage=No puede agregar un producto inactivo.;getStatusCode=FIELD_CUSTOM_VALIDATION_EXCEPTION;])
EC;0090;07;2026-06-05;357;427415;524188;error;(Database.Error[getFields=(Producto__c);getMessage=No puede agregar un producto inactivo.;getStatusCode=FIELD_CUSTOM_VALIDATION_EXCEPTION;])
EC;0090;07;2026-06-05;357;427415;524188;error;(Database.Error[getFields=(Producto__c);getMessage=No puede agregar un producto inactivo.;getStatusCode=FIELD_CUSTOM_VALIDATION_EXCEPTION;])
EC;0090;07;2026-06-05;357;427415;524188;error;(Database.Error[getFields=(Producto__c);getMessage=No puede agregar un producto inactivo.;getStatusCode=FIELD_CUSTOM_VALIDATION_EXCEPTION;])
EC;0090;07;2026-06-05;357;427415;524188;error;(Database.Error[getFields=(Producto__c);getMessage=No puede agregar un producto inactivo.;getStatusCode=FIELD_CUSTOM_VALIDATION_EXCEPTION;])
EC;0090;07;2026-06-05;357;427415;524188;error;(Database.Error[getFields=(Producto__c);getMessage=No puede agregar un producto inactivo.;getStatusCode=FIELD_CUSTOM_VALIDATION_EXCEPTION;])
EC;0090;07;2026-06-05;357;427415;524188;error;(Database.Error[getFields=(Producto__c);getMessage=No puede agregar un producto inactivo.;getStatusCode=FIELD_CUSTOM_VALIDATION_EXCEPTION;])
EC;0090;07;2026-06-05;357;427415;524188;error;(Database.Error[getFields=(Producto__c);getMessage=No puede agregar un producto inactivo.;getStatusCode=FIELD_CUSTOM_VALIDATION_EXCEPTION;])
EC;0090;07;2026-06-05;357;427415;524188;error;(Database.Error[getFields=(Producto__c);getMessage=No puede agregar un producto inactivo.;getStatusCode=FIELD_CUSTOM_VALIDATION_EXCEPTION;])
EC;0090;07;2026-06-05;357;427415;524188;error;(Database.Error[getFields=(Producto__c);getMessage=No puede agregar un producto inactivo.;getStatusCode=FIELD_CUSTOM_VALIDATION_EXCEPTION;])
EC;0090;07;2026-06-05;357;427415;524188;error;(Database.Error[getFields=(Producto__c);getMessage=No puede agregar un producto inactivo.;getStatusCode=FIELD_CUSTOM_VALIDATION_EXCEPTION;])
EC;0090;07;2026-06-05;357;427415;524188;error;(Database.Error[getFields=(Producto__c);getMessage=No puede agregar un producto inactivo.;getStatusCode=FIELD_CUSTOM_VALIDATION_EXCEPTION;])
EC;0090;07;2026-06-05;357;427415;524188;error;(Database.Error[getFields=(Producto__c);getMessage=No puede agregar un producto inactivo.;getStatusCode=FIELD_CUSTOM_VALIDATION_EXCEPTION;])
EC;0090;07;2026-06-05;357;427415;524188;error;(Database.Error[getFields=(Producto__c);getMessage=No puede agregar un producto inactivo.;getStatusCode=FIELD_CUSTOM_VALIDATION_EXCEPTION;])
EC;0090;07;2026-06-05;357;427415;524188;error;(Database.Error[getFields=(Producto__c);getMessage=No puede agregar un producto inactivo.;getStatusCode=FIELD_CUSTOM_VALIDATION_EXCEPTION;])
EC;0090;07;2026-06-05;357;427415;524188;error;(Database.Error[getFields=(Producto__c);getMessage=No puede agregar un producto inactivo.;getStatusCode=FIELD_CUSTOM_VALIDATION_EXCEPTION;])
EC;0090;07;2026-06-05;357;427415;524188;error;(Database.Error[getFields=(Producto__c);getMessage=No puede agregar un producto inactivo.;getStatusCode=FIELD_CUSTOM_VALIDATION_EXCEPTION;])
EC;0090;07;2026-06-05;357;427415;524188;error;(Database.Error[getFields=(Producto__c);getMessage=No puede agregar un producto inactivo.;getStatusCode=FIELD_CUSTOM_VALIDATION_EXCEPTION;])
EC;0090;07;2026-06-05;357;427415;524188;error;(Database.Error[getFields=(Producto__c);getMessage=No puede agregar un producto inactivo.;getStatusCode=FIELD_CUSTOM_VALIDATION_EXCEPTION;])
EC;0090;07;2026-06-05;357;427415;524188;error;(Database.Error[getFields=(Producto__c);getMessage=No puede agregar un producto inactivo.;getStatusCode=FIELD_CUSTOM_VALIDATION_EXCEPTION;])
EC;0090;07;2026-06-05;357;427415;524188;error;(Database.Error[getFields=(Producto__c);getMessage=No puede agregar un producto inactivo.;getStatusCode=FIELD_CUSTOM_VALIDATION_EXCEPTION;])
EC;0090;07;2026-06-05;357;427415;524188;error;(Database.Error[getFields=(Producto__c);getMessage=No puede agregar un producto inactivo.;getStatusCode=FIELD_CUSTOM_VALIDATION_EXCEPTION;])
EC;0090;07;2026-06-05;357;427415;524188;error;(Database.Error[getFields=(Producto__c);getMessage=No puede agregar un producto inactivo.;getStatusCode=FIELD_CUSTOM_VALIDATION_EXCEPTION;])
EC;0090;07;2026-06-05;357;427415;524188;error;(Database.Error[getFields=(Producto__c);getMessage=No puede agregar un producto inactivo.;getStatusCode=FIELD_CUSTOM_VALIDATION_EXCEPTION;])
EC;0090;07;2026-06-05;357;427415;524188;error;(Database.Error[getFields=(Producto__c);getMessage=No puede agregar un producto inactivo.;getStatusCode=FIELD_CUSTOM_VALIDATION_EXCEPTION;])
EC;0090;07;2026-06-05;357;427415;524188;error;(Database.Error[getFields=(Producto__c);getMessage=No puede agregar un producto inactivo.;getStatusCode=FIELD_CUSTOM_VALIDATION_EXCEPTION;])
EC;0090;07;2026-06-05;357;427415;524188;error;(Database.Error[getFields=(Producto__c);getMessage=No puede agregar un producto inactivo.;getStatusCode=FIELD_CUSTOM_VALIDATION_EXCEPTION;])
EC;0090;07;2026-06-05;357;427415;524188;error;(Database.Error[getFields=(Producto__c);getMessage=No puede agregar un producto inactivo.;getStatusCode=FIELD_CUSTOM_VALIDATION_EXCEPTION;])
EC;0090;07;2026-06-05;357;427415;524188;error;(Database.Error[getFields=(Producto__c);getMessage=No puede agregar un producto inactivo.;getStatusCode=FIELD_CUSTOM_VALIDATION_EXCEPTION;])
EC;0090;07;2026-06-05;357;427415;524188;error;(Database.Error[getFields=(Producto__c);getMessage=No puede agregar un producto inactivo.;getStatusCode=FIELD_CUSTOM_VALIDATION_EXCEPTION;])
EC;0090;07;2026-06-05;357;427415;524188;error;(Database.Error[getFields=(Producto__c);getMessage=No puede agregar un producto inactivo.;getStatusCode=FIELD_CUSTOM_VALIDATION_EXCEPTION;])
EC;0090;07;2026-06-05;357;427415;524188;error;(Database.Error[getFields=(Producto__c);getMessage=No puede agregar un producto inactivo.;getStatusCode=FIELD_CUSTOM_VALIDATION_EXCEPTION;])
EC;0090;07;2026-06-05;357;427415;524188;error;(Database.Error[getFields=(Producto__c);getMessage=No puede agregar un producto inactivo.;getStatusCode=FIELD_CUSTOM_VALIDATION_EXCEPTION;])
EC;0090;07;2026-06-05;357;427415;524188;error;(Database.Error[getFields=(Producto__c);getMessage=No puede agregar un producto inactivo.;getStatusCode=FIELD_CUSTOM_VALIDATION_EXCEPTION;])
EC;0090;07;2026-06-05;357;427415;524188;error;(Database.Error[getFields=(Producto__c);getMessage=No puede agregar un producto inactivo.;getStatusCode=FIELD_CUSTOM_VALIDATION_EXCEPTION;])
EC;0090;07;2026-06-05;357;427415;524188;error;(Database.Error[getFields=(Producto__c);getMessage=No puede agregar un producto inactivo.;getStatusCode=FIELD_CUSTOM_VALIDATION_EXCEPTION;])
EC;0090;07;2026-06-05;357;427415;524188;error;(Database.Error[getFields=(Producto__c);getMessage=No puede agregar un producto inactivo.;getStatusCode=FIELD_CUSTOM_VALIDATION_EXCEPTION;])
EC;0090;07;2026-06-05;357;427415;524188;error;(Database.Error[getFields=(Producto__c);getMessage=No puede agregar un producto inactivo.;getStatusCode=FIELD_CUSTOM_VALIDATION_EXCEPTION;])
EC;0090;07;2026-06-05;357;427415;524188;error;(Database.Error[getFields=(Producto__c);getMessage=No puede agregar un producto inactivo.;getStatusCode=FIELD_CUSTOM_VALIDATION_EXCEPTION;])
EC;0090;07;2026-06-05;357;427415;524188;error;(Database.Error[getFields=(Producto__c);getMessage=No puede agregar un producto inactivo.;getStatusCode=FIELD_CUSTOM_VALIDATION_EXCEPTION;])
EC;0090;07;2026-06-05;357;427415;524188;error;(Database.Error[getFields=(Producto__c);getMessage=No puede agregar un producto inactivo.;getStatusCode=FIELD_CUSTOM_VALIDATION_EXCEPTION;])
EC;0090;07;2026-06-05;357;427415;524188;error;(Database.Error[getFields=(Producto__c);getMessage=No puede agregar un producto inactivo.;getStatusCode=FIELD_CUSTOM_VALIDATION_EXCEPTION;])
EC;0090;07;2026-06-05;357;427415;524188;error;(Database.Error[getFields=(Producto__c);getMessage=No puede agregar un producto inactivo.;getStatusCode=FIELD_CUSTOM_VALIDATION_EXCEPTION;])
EC;0090;07;2026-06-05;357;427415;524188;error;(Database.Error[getFields=(Producto__c);getMessage=No puede agregar un producto inactivo.;getStatusCode=FIELD_CUSTOM_VALIDATION_EXCEPTION;])
EC;0090;07;2026-06-05;357;427415;524188;error;(Database.Error[getFields=(Producto__c);getMessage=No puede agregar un producto inactivo.;getStatusCode=FIELD_CUSTOM_VALIDATION_EXCEPTION;])
EC;0090;07;2026-06-05;357;427415;524188;error;(Database.Error[getFields=(Producto__c);getMessage=No puede agregar un producto inactivo.;getStatusCode=FIELD_CUSTOM_VALIDATION_EXCEPTION;])
EC;0090;07;2026-06-05;357;427415;524188;error;(Database.Error[getFields=(Producto__c);getMessage=No puede agregar un producto inactivo.;getStatusCode=FIELD_CUSTOM_VALIDATION_EXCEPTION;])
EC;0090;07;2026-06-05;357;427415;524188;error;(Database.Error[getFields=(Producto__c);getMessage=No puede agregar un producto inactivo.;getStatusCode=FIELD_CUSTOM_VALIDATION_EXCEPTION;])
EC;0090;07;2026-06-05;357;427415;524188;error;(Database.Error[getFields=(Producto__c);getMessage=No puede agregar un producto inactivo.;getStatusCode=FIELD_CUSTOM_VALIDATION_EXCEPTION;])
EC;0090;07;2026-06-05;357;427415;524188;error;(Database.Error[getFields=(Producto__c);getMessage=No puede agregar un producto inactivo.;getStatusCode=FIELD_CUSTOM_VALIDATION_EXCEPTION;])
EC;0090;07;2026-06-05;357;427415;524188;error;(Database.Error[getFields=(Producto__c);getMessage=No puede agregar un producto inactivo.;getStatusCode=FIELD_CUSTOM_VALIDATION_EXCEPTION;])
EC;0090;07;2026-06-05;357;427415;524188;error;(Database.Error[getFields=(Producto__c);getMessage=No puede agregar un producto inactivo.;getStatusCode=FIELD_CUSTOM_VALIDATION_EXCEPTION;])
EC;0090;07;2026-06-05;357;427415;524188;error;(Database.Error[getFields=(Producto__c);getMessage=No puede agregar un producto inactivo.;getStatusCode=FIELD_CUSTOM_VALIDATION_EXCEPTION;])
EC;0090;07;2026-06-05;357;427415;524188;error;(Database.Error[getFields=(Producto__c);getMessage=No puede agregar un producto inactivo.;getStatusCode=FIELD_CUSTOM_VALIDATION_EXCEPTION;])
EC;0090;07;2026-06-05;357;427415;524188;error;(Database.Error[getFields=(Producto__c);getMessage=No puede agregar un producto inactivo.;getStatusCode=FIELD_CUSTOM_VALIDATION_EXCEPTION;])
EC;0090;07;2026-06-05;357;427415;524188;error;(Database.Error[getFields=(Producto__c);getMessage=No puede agregar un producto inactivo.;getStatusCode=FIELD_CUSTOM_VALIDATION_EXCEPTION;])
EC;0090;07;2026-06-05;357;427415;524188;error;(Database.Error[getFields=(Producto__c);getMessage=No puede agregar un producto inactivo.;getStatusCode=FIELD_CUSTOM_VALIDATION_EXCEPTION;])
EC;0090;07;2026-06-05;357;427415;524188;error;(Database.Error[getFields=(Producto__c);getMessage=No puede agregar un producto inactivo.;getStatusCode=FIELD_CUSTOM_VALIDATION_EXCEPTION;])
EC;0090;07;2026-06-05;357;427415;524188;error;(Database.Error[getFields=(Producto__c);getMessage=No puede agregar un producto inactivo.;getStatusCode=FIELD_CUSTOM_VALIDATION_EXCEPTION;])
EC;0090;07;2026-06-05;357;427415;524188;error;(Database.Error[getFields=(Producto__c);getMessage=No puede agregar un producto inactivo.;getStatusCode=FIELD_CUSTOM_VALIDATION_EXCEPTION;])
EC;0090;07;2026-06-05;357;427415;524188;error;(Database.Error[getFields=(Producto__c);getMessage=No puede agregar un producto inactivo.;getStatusCode=FIELD_CUSTOM_VALIDATION_EXCEPTION;])
EC;0090;07;2026-06-05;357;427415;524188;error;(Database.Error[getFields=(Producto__c);getMessage=No puede agregar un producto inactivo.;getStatusCode=FIELD_CUSTOM_VALIDATION_EXCEPTION;])
EC;0090;07;2026-06-05;357;427415;524188;error;(Database.Error[getFields=(Producto__c);getMessage=No puede agregar un producto inactivo.;getStatusCode=FIELD_CUSTOM_VALIDATION_EXCEPTION;])
EC;0090;07;2026-06-05;357;427415;524188;error;(Database.Error[getFields=(Producto__c);getMessage=No puede agregar un producto inactivo.;getStatusCode=FIELD_CUSTOM_VALIDATION_EXCEPTION;])
EC;0090;07;2026-06-05;357;427415;524188;error;(Database.Error[getFields=(Producto__c);getMessage=No puede agregar un producto inactivo.;getStatusCode=FIELD_CUSTOM_VALIDATION_EXCEPTION;])
EC;0090;07;2026-06-05;357;427415;524188;error;(Database.Error[getFields=(Producto__c);getMessage=No puede agregar un producto inactivo.;getStatusCode=FIELD_CUSTOM_VALIDATION_EXCEPTION;])
EC;0090;07;2026-06-05;357;427415;524188;error;(Database.Error[getFields=(Producto__c);getMessage=No puede agregar un producto inactivo.;getStatusCode=FIELD_CUSTOM_VALIDATION_EXCEPTION;])
EC;0090;07;2026-06-05;357;427415;524188;error;(Database.Error[getFields=(Producto__c);getMessage=No puede agregar un producto inactivo.;getStatusCode=FIELD_CUSTOM_VALIDATION_EXCEPTION;])
EC;0090;07;2026-06-05;357;427415;524188;error;(Database.Error[getFields=(Producto__c);getMessage=No puede agregar un producto inactivo.;getStatusCode=FIELD_CUSTOM_VALIDATION_EXCEPTION;])
EC;0090;07;2026-06-05;357;427415;524188;error;(Database.Error[getFields=(Producto__c);getMessage=No puede agregar un producto inactivo.;getStatusCode=FIELD_CUSTOM_VALIDATION_EXCEPTION;])
EC;0090;07;2026-06-05;357;427415;524188;error;(Database.Error[getFields=(Producto__c);getMessage=No puede agregar un producto inactivo.;getStatusCode=FIELD_CUSTOM_VALIDATION_EXCEPTION;])
EC;0090;07;2026-06-05;357;427415;524188;error;(Database.Error[getFields=(Producto__c);getMessage=No puede agregar un producto inactivo.;getStatusCode=FIELD_CUSTOM_VALIDATION_EXCEPTION;])
EC;0090;07;2026-06-05;357;427415;524188;error;(Database.Error[getFields=(Producto__c);getMessage=No puede agregar un producto inactivo.;getStatusCode=FIELD_CUSTOM_VALIDATION_EXCEPTION;])
EC;0090;07;2026-06-05;357;427415;524188;error;(Database.Error[getFields=(Producto__c);getMessage=No puede agregar un producto inactivo.;getStatusCode=FIELD_CUSTOM_VALIDATION_EXCEPTION;])
EC;0090;07;2026-06-05;357;427415;524188;error;(Database.Error[getFields=(Producto__c);getMessage=No puede agregar un producto inactivo.;getStatusCode=FIELD_CUSTOM_VALIDATION_EXCEPTION;])
EC;0090;07;2026-06-05;357;427415;524188;error;(Database.Error[getFields=(Producto__c);getMessage=No puede agregar un producto inactivo.;getStatusCode=FIELD_CUSTOM_VALIDATION_EXCEPTION;])
EC;0090;07;2026-06-05;357;427415;524188;error;(Database.Error[getFields=(Producto__c);getMessage=No puede agregar un producto inactivo.;getStatusCode=FIELD_CUSTOM_VALIDATION_EXCEPTION;])
EC;0090;07;2026-06-05;357;427415;524188;error;(Database.Error[getFields=(Producto__c);getMessage=No puede agregar un producto inactivo.;getStatusCode=FIELD_CUSTOM_VALIDATION_EXCEPTION;])
EC;0090;07;2026-06-05;357;427415;524188;error;(Database.Error[getFields=(Producto__c);getMessage=No puede agregar un producto inactivo.;getStatusCode=FIELD_CUSTOM_VALIDATION_EXCEPTION;])
EC;0090;07;2026-06-05;357;427415;524188;error;(Database.Error[getFields=(Producto__c);getMessage=No puede agregar un producto inactivo.;getStatusCode=FIELD_CUSTOM_VALIDATION_EXCEPTION;])
EC;0090;07;2026-06-05;357;427415;524188;error;(Database.Error[getFields=(Producto__c);getMessage=No puede agregar un producto inactivo.;getStatusCode=FIELD_CUSTOM_VALIDATION_EXCEPTION;])
EC;0090;07;2026-06-05;357;427415;524188;error;(Database.Error[getFields=(Producto__c);getMessage=No puede agregar un producto inactivo.;getStatusCode=FIELD_CUSTOM_VALIDATION_EXCEPTION;])
EC;0090;07;2026-06-05;357;427415;524188;error;(Database.Error[getFields=(Producto__c);getMessage=No puede agregar un producto inactivo.;getStatusCode=FIELD_CUSTOM_VALIDATION_EXCEPTION;])
EC;0090;07;2026-06-05;357;427415;524188;error;(Database.Error[getFields=(Producto__c);getMessage=No puede agregar un producto inactivo.;getStatusCode=FIELD_CUSTOM_VALIDATION_EXCEPTION;])
EC;0090;07;2026-06-05;357;427415;524188;error;(Database.Error[getFields=(Producto__c);getMessage=No puede agregar un producto inactivo.;getStatusCode=FIELD_CUSTOM_VALIDATION_EXCEPTION;])
EC;0090;07;2026-06-05;357;427415;524188;error;(Database.Error[getFields=(Producto__c);getMessage=No puede agregar un producto inactivo.;getStatusCode=FIELD_CUSTOM_VALIDATION_EXCEPTION;])
EC;0090;07;2026-06-05;357;427415;524188;error;(Database.Error[getFields=(Producto__c);getMessage=No puede agregar un producto inactivo.;getStatusCode=FIELD_CUSTOM_VALIDATION_EXCEPTION;])
EC;0090;07;2026-06-05;357;427415;524188;error;(Database.Error[getFields=(Producto__c);getMessage=No puede agregar un producto inactivo.;getStatusCode=FIELD_CUSTOM_VALIDATION_EXCEPTION;])
EC;0090;07;2026-06-05;357;427415;524188;error;(Database.Error[getFields=(Producto__c);getMessage=No puede agregar un producto inactivo.;getStatusCode=FIELD_CUSTOM_VALIDATION_EXCEPTION;])
EC;0090;07;2026-06-05;361;441077;524188;error;(Database.Error[getFields=(Producto__c);getMessage=No puede agregar un producto inactivo.;getStatusCode=FIELD_CUSTOM_VALIDATION_EXCEPTION;])
EC;0090;07;2026-06-05;361;441077;524188;error;(Database.Error[getFields=(Producto__c);getMessage=No puede agregar un producto inactivo.;getStatusCode=FIELD_CUSTOM_VALIDATION_EXCEPTION;])
EC;0090;07;2026-06-05;361;441077;524188;error;(Database.Error[getFields=(Producto__c);getMessage=No puede agregar un producto inactivo.;getStatusCode=FIELD_CUSTOM_VALIDATION_EXCEPTION;])
EC;0090;07;2026-06-05;361;441077;524188;error;(Database.Error[getFields=(Producto__c);getMessage=No puede agregar un producto inactivo.;getStatusCode=FIELD_CUSTOM_VALIDATION_EXCEPTION;])
EC;0090;07;2026-06-05;361;441077;524188;error;(Database.Error[getFields=(Producto__c);getMessage=No puede agregar un producto inactivo.;getStatusCode=FIELD_CUSTOM_VALIDATION_EXCEPTION;])
EC;0090;07;2026-06-05;361;441077;524188;error;(Database.Error[getFields=(Producto__c);getMessage=No puede agregar un producto inactivo.;getStatusCode=FIELD_CUSTOM_VALIDATION_EXCEPTION;])
EC;0090;07;2026-06-05;361;441077;524188;error;(Database.Error[getFields=(Producto__c);getMessage=No puede agregar un producto inactivo.;getStatusCode=FIELD_CUSTOM_VALIDATION_EXCEPTION;])
EC;0090;07;2026-06-05;361;441077;524188;error;(Database.Error[getFields=(Producto__c);getMessage=No puede agregar un producto inactivo.;getStatusCode=FIELD_CUSTOM_VALIDATION_EXCEPTION;])
EC;0090;07;2026-06-05;361;441077;524188;error;(Database.Error[getFields=(Producto__c);getMessage=No puede agregar un producto inactivo.;getStatusCode=FIELD_CUSTOM_VALIDATION_EXCEPTION;])
EC;0090;07;2026-06-05;361;441077;524188;error;(Database.Error[getFields=(Producto__c);getMessage=No puede agregar un producto inactivo.;getStatusCode=FIELD_CUSTOM_VALIDATION_EXCEPTION;])
EC;0090;07;2026-06-05;361;441077;524188;error;(Database.Error[getFields=(Producto__c);getMessage=No puede agregar un producto inactivo.;getStatusCode=FIELD_CUSTOM_VALIDATION_EXCEPTION;])
EC;0090;07;2026-06-05;361;441077;524188;error;(Database.Error[getFields=(Producto__c);getMessage=No puede agregar un producto inactivo.;getStatusCode=FIELD_CUSTOM_VALIDATION_EXCEPTION;])
EC;0090;07;2026-06-05;361;441077;524188;error;(Database.Error[getFields=(Producto__c);getMessage=No puede agregar un producto inactivo.;getStatusCode=FIELD_CUSTOM_VALIDATION_EXCEPTION;])
EC;0090;07;2026-06-05;361;441077;524188;error;(Database.Error[getFields=(Producto__c);getMessage=No puede agregar un producto inactivo.;getStatusCode=FIELD_CUSTOM_VALIDATION_EXCEPTION;])
EC;0090;07;2026-06-05;361;441077;524188;error;(Database.Error[getFields=(Producto__c);getMessage=No puede agregar un producto inactivo.;getStatusCode=FIELD_CUSTOM_VALIDATION_EXCEPTION;])
EC;0090;07;2026-06-05;361;441077;524188;error;(Database.Error[getFields=(Producto__c);getMessage=No puede agregar un producto inactivo.;getStatusCode=FIELD_CUSTOM_VALIDATION_EXCEPTION;])
EC;0090;07;2026-06-05;361;441077;524188;error;(Database.Error[getFields=(Producto__c);getMessage=No puede agregar un producto inactivo.;getStatusCode=FIELD_CUSTOM_VALIDATION_EXCEPTION;])
EC;0090;07;2026-06-05;361;441077;524188;error;(Database.Error[getFields=(Producto__c);getMessage=No puede agregar un producto inactivo.;getStatusCode=FIELD_CUSTOM_VALIDATION_EXCEPTION;])
EC;0090;07;2026-06-05;361;441077;524188;error;(Database.Error[getFields=(Producto__c);getMessage=No puede agregar un producto inactivo.;getStatusCode=FIELD_CUSTOM_VALIDATION_EXCEPTION;])
EC;0090;07;2026-06-05;361;441077;524188;error;(Database.Error[getFields=(Producto__c);getMessage=No puede agregar un producto inactivo.;getStatusCode=FIELD_CUSTOM_VALIDATION_EXCEPTION;])
EC;0090;07;2026-06-05;361;441077;524188;error;(Database.Error[getFields=(Producto__c);getMessage=No puede agregar un producto inactivo.;getStatusCode=FIELD_CUSTOM_VALIDATION_EXCEPTION;])
EC;0090;07;2026-06-05;361;441077;524188;error;(Database.Error[getFields=(Producto__c);getMessage=No puede agregar un producto inactivo.;getStatusCode=FIELD_CUSTOM_VALIDATION_EXCEPTION;])
EC;0090;07;2026-06-05;361;441077;524188;error;(Database.Error[getFields=(Producto__c);getMessage=No puede agregar un producto inactivo.;getStatusCode=FIELD_CUSTOM_VALIDATION_EXCEPTION;])
EC;0090;07;2026-06-05;361;441077;524188;error;(Database.Error[getFields=(Producto__c);getMessage=No puede agregar un producto inactivo.;getStatusCode=FIELD_CUSTOM_VALIDATION_EXCEPTION;])
EC;0090;07;2026-06-05;361;441077;524188;error;(Database.Error[getFields=(Producto__c);getMessage=No puede agregar un producto inactivo.;getStatusCode=FIELD_CUSTOM_VALIDATION_EXCEPTION;])
EC;0090;07;2026-06-05;361;441077;524188;error;(Database.Error[getFields=(Producto__c);getMessage=No puede agregar un producto inactivo.;getStatusCode=FIELD_CUSTOM_VALIDATION_EXCEPTION;])
EC;0090;07;2026-06-05;361;441077;524188;error;(Database.Error[getFields=(Producto__c);getMessage=No puede agregar un producto inactivo.;getStatusCode=FIELD_CUSTOM_VALIDATION_EXCEPTION;])
EC;0090;07;2026-06-05;361;441077;524188;error;(Database.Error[getFields=(Producto__c);getMessage=No puede agregar un producto inactivo.;getStatusCode=FIELD_CUSTOM_VALIDATION_EXCEPTION;])
EC;0090;07;2026-06-05;361;441077;524188;error;(Database.Error[getFields=(Producto__c);getMessage=No puede agregar un producto inactivo.;getStatusCode=FIELD_CUSTOM_VALIDATION_EXCEPTION;])
EC;0090;07;2026-06-05;361;441077;524188;error;(Database.Error[getFields=(Producto__c);getMessage=No puede agregar un producto inactivo.;getStatusCode=FIELD_CUSTOM_VALIDATION_EXCEPTION;])
EC;0090;07;2026-06-05;361;441077;524188;error;(Database.Error[getFields=(Producto__c);getMessage=No puede agregar un producto inactivo.;getStatusCode=FIELD_CUSTOM_VALIDATION_EXCEPTION;])
EC;0090;07;2026-06-05;361;441077;524188;error;(Database.Error[getFields=(Producto__c);getMessage=No puede agregar un producto inactivo.;getStatusCode=FIELD_CUSTOM_VALIDATION_EXCEPTION;])
EC;0090;07;2026-06-05;361;441077;524188;error;(Database.Error[getFields=(Producto__c);getMessage=No puede agregar un producto inactivo.;getStatusCode=FIELD_CUSTOM_VALIDATION_EXCEPTION;])
EC;0090;07;2026-06-05;361;441077;524188;error;(Database.Error[getFields=(Producto__c);getMessage=No puede agregar un producto inactivo.;getStatusCode=FIELD_CUSTOM_VALIDATION_EXCEPTION;])
EC;0090;07;2026-06-05;361;441077;524188;error;(Database.Error[getFields=(Producto__c);getMessage=No puede agregar un producto inactivo.;getStatusCode=FIELD_CUSTOM_VALIDATION_EXCEPTION;])
EC;0090;07;2026-06-05;361;441077;524188;error;(Database.Error[getFields=(Producto__c);getMessage=No puede agregar un producto inactivo.;getStatusCode=FIELD_CUSTOM_VALIDATION_EXCEPTION;])
EC;0090;07;2026-06-05;361;441077;524188;error;(Database.Error[getFields=(Producto__c);getMessage=No puede agregar un producto inactivo.;getStatusCode=FIELD_CUSTOM_VALIDATION_EXCEPTION;])
EC;0090;07;2026-06-05;361;441077;524188;error;(Database.Error[getFields=(Producto__c);getMessage=No puede agregar un producto inactivo.;getStatusCode=FIELD_CUSTOM_VALIDATION_EXCEPTION;])
EC;0090;07;2026-06-05;361;441077;524188;error;(Database.Error[getFields=(Producto__c);getMessage=No puede agregar un producto inactivo.;getStatusCode=FIELD_CUSTOM_VALIDATION_EXCEPTION;])
EC;0090;07;2026-06-05;361;441077;524188;error;(Database.Error[getFields=(Producto__c);getMessage=No puede agregar un producto inactivo.;getStatusCode=FIELD_CUSTOM_VALIDATION_EXCEPTION;])
EC;0090;07;2026-06-05;361;441077;524188;error;(Database.Error[getFields=(Producto__c);getMessage=No puede agregar un producto inactivo.;getStatusCode=FIELD_CUSTOM_VALIDATION_EXCEPTION;])
EC;0090;07;2026-06-05;361;441077;524188;error;(Database.Error[getFields=(Producto__c);getMessage=No puede agregar un producto inactivo.;getStatusCode=FIELD_CUSTOM_VALIDATION_EXCEPTION;])
EC;0090;07;2026-06-05;361;441077;524188;error;(Database.Error[getFields=(Producto__c);getMessage=No puede agregar un producto inactivo.;getStatusCode=FIELD_CUSTOM_VALIDATION_EXCEPTION;])
EC;0090;07;2026-06-05;361;441077;524188;error;(Database.Error[getFields=(Producto__c);getMessage=No puede agregar un producto inactivo.;getStatusCode=FIELD_CUSTOM_VALIDATION_EXCEPTION;])
EC;0090;07;2026-06-05;361;441077;524188;error;(Database.Error[getFields=(Producto__c);getMessage=No puede agregar un producto inactivo.;getStatusCode=FIELD_CUSTOM_VALIDATION_EXCEPTION;])
EC;0090;07;2026-06-05;361;441077;524188;error;(Database.Error[getFields=(Producto__c);getMessage=No puede agregar un producto inactivo.;getStatusCode=FIELD_CUSTOM_VALIDATION_EXCEPTION;])
EC;0090;07;2026-06-05;361;441077;524188;error;(Database.Error[getFields=(Producto__c);getMessage=No puede agregar un producto inactivo.;getStatusCode=FIELD_CUSTOM_VALIDATION_EXCEPTION;])
EC;0090;07;2026-06-05;361;441077;524188;error;(Database.Error[getFields=(Producto__c);getMessage=No puede agregar un producto inactivo.;getStatusCode=FIELD_CUSTOM_VALIDATION_EXCEPTION;])
EC;0090;07;2026-06-05;361;441077;524188;error;(Database.Error[getFields=(Producto__c);getMessage=No puede agregar un producto inactivo.;getStatusCode=FIELD_CUSTOM_VALIDATION_EXCEPTION;])
EC;0090;07;2026-06-05;361;441077;524188;error;(Database.Error[getFields=(Producto__c);getMessage=No puede agregar un producto inactivo.;getStatusCode=FIELD_CUSTOM_VALIDATION_EXCEPTION;])
EC;0090;07;2026-06-05;361;441077;524188;error;(Database.Error[getFields=(Producto__c);getMessage=No puede agregar un producto inactivo.;getStatusCode=FIELD_CUSTOM_VALIDATION_EXCEPTION;])
EC;0090;07;2026-06-05;361;441077;524188;error;(Database.Error[getFields=(Producto__c);getMessage=No puede agregar un producto inactivo.;getStatusCode=FIELD_CUSTOM_VALIDATION_EXCEPTION;])
EC;0090;07;2026-06-05;361;441077;524188;error;(Database.Error[getFields=(Producto__c);getMessage=No puede agregar un producto inactivo.;getStatusCode=FIELD_CUSTOM_VALIDATION_EXCEPTION;])
EC;0090;07;2026-06-05;361;441077;524188;error;(Database.Error[getFields=(Producto__c);getMessage=No puede agregar un producto inactivo.;getStatusCode=FIELD_CUSTOM_VALIDATION_EXCEPTION;])
EC;0090;07;2026-06-05;361;441077;524188;error;(Database.Error[getFields=(Producto__c);getMessage=No puede agregar un producto inactivo.;getStatusCode=FIELD_CUSTOM_VALIDATION_EXCEPTION;])
EC;0090;07;2026-06-05;361;441077;524188;error;(Database.Error[getFields=(Producto__c);getMessage=No puede agregar un producto inactivo.;getStatusCode=FIELD_CUSTOM_VALIDATION_EXCEPTION;])
EC;0090;07;2026-06-05;361;441077;524188;error;(Database.Error[getFields=(Producto__c);getMessage=No puede agregar un producto inactivo.;getStatusCode=FIELD_CUSTOM_VALIDATION_EXCEPTION;])
EC;0090;07;2026-06-05;361;441077;524188;error;(Database.Error[getFields=(Producto__c);getMessage=No puede agregar un producto inactivo.;getStatusCode=FIELD_CUSTOM_VALIDATION_EXCEPTION;])
EC;0090;07;2026-06-05;361;441077;524188;error;(Database.Error[getFields=(Producto__c);getMessage=No puede agregar un producto inactivo.;getStatusCode=FIELD_CUSTOM_VALIDATION_EXCEPTION;])
EC;0090;07;2026-06-05;361;441077;524188;error;(Database.Error[getFields=(Producto__c);getMessage=No puede agregar un producto inactivo.;getStatusCode=FIELD_CUSTOM_VALIDATION_EXCEPTION;])
EC;0090;07;2026-06-05;361;441077;524188;error;(Database.Error[getFields=(Producto__c);getMessage=No puede agregar un producto inactivo.;getStatusCode=FIELD_CUSTOM_VALIDATION_EXCEPTION;])
EC;0090;07;2026-06-05;361;441077;524188;error;(Database.Error[getFields=(Producto__c);getMessage=No puede agregar un producto inactivo.;getStatusCode=FIELD_CUSTOM_VALIDATION_EXCEPTION;])
EC;0090;07;2026-06-05;361;441077;524188;error;(Database.Error[getFields=(Producto__c);getMessage=No puede agregar un producto inactivo.;getStatusCode=FIELD_CUSTOM_VALIDATION_EXCEPTION;])
EC;0090;07;2026-06-05;361;441077;524188;error;(Database.Error[getFields=(Producto__c);getMessage=No puede agregar un producto inactivo.;getStatusCode=FIELD_CUSTOM_VALIDATION_EXCEPTION;])
EC;0090;07;2026-06-05;361;441077;524188;error;(Database.Error[getFields=(Producto__c);getMessage=No puede agregar un producto inactivo.;getStatusCode=FIELD_CUSTOM_VALIDATION_EXCEPTION;])
EC;0090;07;2026-06-05;361;441077;524188;error;(Database.Error[getFields=(Producto__c);getMessage=No puede agregar un producto inactivo.;getStatusCode=FIELD_CUSTOM_VALIDATION_EXCEPTION;])
EC;0090;07;2026-06-05;361;441077;524188;error;(Database.Error[getFields=(Producto__c);getMessage=No puede agregar un producto inactivo.;getStatusCode=FIELD_CUSTOM_VALIDATION_EXCEPTION;])
EC;0090;07;2026-06-05;361;441077;524188;error;(Database.Error[getFields=(Producto__c);getMessage=No puede agregar un producto inactivo.;getStatusCode=FIELD_CUSTOM_VALIDATION_EXCEPTION;])
EC;0090;07;2026-06-05;361;441077;524188;error;(Database.Error[getFields=(Producto__c);getMessage=No puede agregar un producto inactivo.;getStatusCode=FIELD_CUSTOM_VALIDATION_EXCEPTION;])
EC;0090;07;2026-06-05;361;441077;524188;error;(Database.Error[getFields=(Producto__c);getMessage=No puede agregar un producto inactivo.;getStatusCode=FIELD_CUSTOM_VALIDATION_EXCEPTION;])
EC;0090;07;2026-06-05;361;441077;524188;error;(Database.Error[getFields=(Producto__c);getMessage=No puede agregar un producto inactivo.;getStatusCode=FIELD_CUSTOM_VALIDATION_EXCEPTION;])
EC;0090;07;2026-06-05;361;441077;524188;error;(Database.Error[getFields=(Producto__c);getMessage=No puede agregar un producto inactivo.;getStatusCode=FIELD_CUSTOM_VALIDATION_EXCEPTION;])
EC;0090;07;2026-06-05;361;441077;524188;error;(Database.Error[getFields=(Producto__c);getMessage=No puede agregar un producto inactivo.;getStatusCode=FIELD_CUSTOM_VALIDATION_EXCEPTION;])
EC;0090;07;2026-06-05;361;441077;524188;error;(Database.Error[getFields=(Producto__c);getMessage=No puede agregar un producto inactivo.;getStatusCode=FIELD_CUSTOM_VALIDATION_EXCEPTION;])
EC;0090;07;2026-06-05;361;441077;524188;error;(Database.Error[getFields=(Producto__c);getMessage=No puede agregar un producto inactivo.;getStatusCode=FIELD_CUSTOM_VALIDATION_EXCEPTION;])
EC;0090;07;2026-06-05;361;441077;524188;error;(Database.Error[getFields=(Producto__c);getMessage=No puede agregar un producto inactivo.;getStatusCode=FIELD_CUSTOM_VALIDATION_EXCEPTION;])
EC;0090;07;2026-06-05;361;441077;524188;error;(Database.Error[getFields=(Producto__c);getMessage=No puede agregar un producto inactivo.;getStatusCode=FIELD_CUSTOM_VALIDATION_EXCEPTION;])
EC;0090;07;2026-06-05;361;441077;524188;error;(Database.Error[getFields=(Producto__c);getMessage=No puede agregar un producto inactivo.;getStatusCode=FIELD_CUSTOM_VALIDATION_EXCEPTION;])
EC;0090;07;2026-06-05;361;441077;524188;error;(Database.Error[getFields=(Producto__c);getMessage=No puede agregar un producto inactivo.;getStatusCode=FIELD_CUSTOM_VALIDATION_EXCEPTION;])
EC;0090;07;2026-06-05;361;441077;524188;error;(Database.Error[getFields=(Producto__c);getMessage=No puede agregar un producto inactivo.;getStatusCode=FIELD_CUSTOM_VALIDATION_EXCEPTION;])
EC;0090;07;2026-06-05;361;441077;524188;error;(Database.Error[getFields=(Producto__c);getMessage=No puede agregar un producto inactivo.;getStatusCode=FIELD_CUSTOM_VALIDATION_EXCEPTION;])
EC;0090;07;2026-06-05;361;441077;524188;error;(Database.Error[getFields=(Producto__c);getMessage=No puede agregar un producto inactivo.;getStatusCode=FIELD_CUSTOM_VALIDATION_EXCEPTION;])
EC;0090;07;2026-06-05;361;441077;524188;error;(Database.Error[getFields=(Producto__c);getMessage=No puede agregar un producto inactivo.;getStatusCode=FIELD_CUSTOM_VALIDATION_EXCEPTION;])
EC;0090;07;2026-06-05;361;441077;524188;error;(Database.Error[getFields=(Producto__c);getMessage=No puede agregar un producto inactivo.;getStatusCode=FIELD_CUSTOM_VALIDATION_EXCEPTION;])
EC;0090;07;2026-06-05;361;441077;524188;error;(Database.Error[getFields=(Producto__c);getMessage=No puede agregar un producto inactivo.;getStatusCode=FIELD_CUSTOM_VALIDATION_EXCEPTION;])
EC;0090;07;2026-06-05;361;441077;524188;error;(Database.Error[getFields=(Producto__c);getMessage=No puede agregar un producto inactivo.;getStatusCode=FIELD_CUSTOM_VALIDATION_EXCEPTION;])
EC;0090;07;2026-06-05;361;441077;524188;error;(Database.Error[getFields=(Producto__c);getMessage=No puede agregar un producto inactivo.;getStatusCode=FIELD_CUSTOM_VALIDATION_EXCEPTION;])
EC;0090;07;2026-06-05;361;441077;524188;error;(Database.Error[getFields=(Producto__c);getMessage=No puede agregar un producto inactivo.;getStatusCode=FIELD_CUSTOM_VALIDATION_EXCEPTION;])
EC;0090;07;2026-06-05;361;441077;524188;error;(Database.Error[getFields=(Producto__c);getMessage=No puede agregar un producto inactivo.;getStatusCode=FIELD_CUSTOM_VALIDATION_EXCEPTION;])
EC;0090;07;2026-06-05;361;441077;524188;error;(Database.Error[getFields=(Producto__c);getMessage=No puede agregar un producto inactivo.;getStatusCode=FIELD_CUSTOM_VALIDATION_EXCEPTION;])
EC;0090;07;2026-06-05;361;441077;524188;error;(Database.Error[getFields=(Producto__c);getMessage=No puede agregar un producto inactivo.;getStatusCode=FIELD_CUSTOM_VALIDATION_EXCEPTION;])
EC;0090;07;2026-06-05;361;441077;524188;error;(Database.Error[getFields=(Producto__c);getMessage=No puede agregar un producto inactivo.;getStatusCode=FIELD_CUSTOM_VALIDATION_EXCEPTION;])
EC;0090;07;2026-06-05;361;441077;524188;error;(Database.Error[getFields=(Producto__c);getMessage=No puede agregar un producto inactivo.;getStatusCode=FIELD_CUSTOM_VALIDATION_EXCEPTION;])
EC;0090;07;2026-06-05;361;441077;524188;error;(Database.Error[getFields=(Producto__c);getMessage=No puede agregar un producto inactivo.;getStatusCode=FIELD_CUSTOM_VALIDATION_EXCEPTION;])
EC;0090;07;2026-06-05;361;441077;524188;error;(Database.Error[getFields=(Producto__c);getMessage=No puede agregar un producto inactivo.;getStatusCode=FIELD_CUSTOM_VALIDATION_EXCEPTION;])
EC;0090;07;2026-06-05;361;441077;524188;error;(Database.Error[getFields=(Producto__c);getMessage=No puede agregar un producto inactivo.;getStatusCode=FIELD_CUSTOM_VALIDATION_EXCEPTION;])
EC;0090;07;2026-06-05;361;441077;524188;error;(Database.Error[getFields=(Producto__c);getMessage=No puede agregar un producto inactivo.;getStatusCode=FIELD_CUSTOM_VALIDATION_EXCEPTION;])
EC;0090;07;2026-06-05;361;441077;524188;error;(Database.Error[getFields=(Producto__c);getMessage=No puede agregar un producto inactivo.;getStatusCode=FIELD_CUSTOM_VALIDATION_EXCEPTION;])
EC;0090;07;2026-06-05;361;441077;524188;error;(Database.Error[getFields=(Producto__c);getMessage=No puede agregar un producto inactivo.;getStatusCode=FIELD_CUSTOM_VALIDATION_EXCEPTION;])
EC;0090;07;2026-06-05;361;441077;524188;error;(Database.Error[getFields=(Producto__c);getMessage=No puede agregar un producto inactivo.;getStatusCode=FIELD_CUSTOM_VALIDATION_EXCEPTION;])
EC;0090;07;2026-06-05;361;442069;524188;error;(Database.Error[getFields=(Producto__c);getMessage=No puede agregar un producto inactivo.;getStatusCode=FIELD_CUSTOM_VALIDATION_EXCEPTION;])
EC;0090;07;2026-06-05;361;442069;524188;error;(Database.Error[getFields=(Producto__c);getMessage=No puede agregar un producto inactivo.;getStatusCode=FIELD_CUSTOM_VALIDATION_EXCEPTION;])
EC;0090;07;2026-06-05;361;442069;524188;error;(Database.Error[getFields=(Producto__c);getMessage=No puede agregar un producto inactivo.;getStatusCode=FIELD_CUSTOM_VALIDATION_EXCEPTION;])
EC;0090;07;2026-06-05;361;442069;524188;error;(Database.Error[getFields=(Producto__c);getMessage=No puede agregar un producto inactivo.;getStatusCode=FIELD_CUSTOM_VALIDATION_EXCEPTION;])
EC;0090;07;2026-06-05;361;442069;524188;error;(Database.Error[getFields=(Producto__c);getMessage=No puede agregar un producto inactivo.;getStatusCode=FIELD_CUSTOM_VALIDATION_EXCEPTION;])
EC;0090;07;2026-06-05;361;442069;524188;error;(Database.Error[getFields=(Producto__c);getMessage=No puede agregar un producto inactivo.;getStatusCode=FIELD_CUSTOM_VALIDATION_EXCEPTION;])
EC;0090;07;2026-06-05;361;442069;524188;error;(Database.Error[getFields=(Producto__c);getMessage=No puede agregar un producto inactivo.;getStatusCode=FIELD_CUSTOM_VALIDATION_EXCEPTION;])
EC;0090;07;2026-06-05;361;442069;524188;error;(Database.Error[getFields=(Producto__c);getMessage=No puede agregar un producto inactivo.;getStatusCode=FIELD_CUSTOM_VALIDATION_EXCEPTION;])
EC;0090;07;2026-06-05;361;442069;524188;error;(Database.Error[getFields=(Producto__c);getMessage=No puede agregar un producto inactivo.;getStatusCode=FIELD_CUSTOM_VALIDATION_EXCEPTION;])
EC;0090;07;2026-06-05;361;442069;524188;error;(Database.Error[getFields=(Producto__c);getMessage=No puede agregar un producto inactivo.;getStatusCode=FIELD_CUSTOM_VALIDATION_EXCEPTION;])
EC;0090;07;2026-06-05;361;442069;524188;error;(Database.Error[getFields=(Producto__c);getMessage=No puede agregar un producto inactivo.;getStatusCode=FIELD_CUSTOM_VALIDATION_EXCEPTION;])
EC;0090;07;2026-06-05;361;442069;524188;error;(Database.Error[getFields=(Producto__c);getMessage=No puede agregar un producto inactivo.;getStatusCode=FIELD_CUSTOM_VALIDATION_EXCEPTION;])
EC;0090;07;2026-06-05;361;442069;524188;error;(Database.Error[getFields=(Producto__c);getMessage=No puede agregar un producto inactivo.;getStatusCode=FIELD_CUSTOM_VALIDATION_EXCEPTION;])
EC;0090;07;2026-06-05;361;442069;524188;error;(Database.Error[getFields=(Producto__c);getMessage=No puede agregar un producto inactivo.;getStatusCode=FIELD_CUSTOM_VALIDATION_EXCEPTION;])
EC;0090;07;2026-06-05;361;442069;524188;error;(Database.Error[getFields=(Producto__c);getMessage=No puede agregar un producto inactivo.;getStatusCode=FIELD_CUSTOM_VALIDATION_EXCEPTION;])
EC;0090;07;2026-06-05;361;442069;524188;error;(Database.Error[getFields=(Producto__c);getMessage=No puede agregar un producto inactivo.;getStatusCode=FIELD_CUSTOM_VALIDATION_EXCEPTION;])
EC;0090;07;2026-06-05;361;442069;524188;error;(Database.Error[getFields=(Producto__c);getMessage=No puede agregar un producto inactivo.;getStatusCode=FIELD_CUSTOM_VALIDATION_EXCEPTION;])
EC;0090;07;2026-06-05;361;442069;524188;error;(Database.Error[getFields=(Producto__c);getMessage=No puede agregar un producto inactivo.;getStatusCode=FIELD_CUSTOM_VALIDATION_EXCEPTION;])
EC;0090;07;2026-06-05;361;442069;524188;error;(Database.Error[getFields=(Producto__c);getMessage=No puede agregar un producto inactivo.;getStatusCode=FIELD_CUSTOM_VALIDATION_EXCEPTION;])
EC;0090;07;2026-06-05;361;442069;524188;error;(Database.Error[getFields=(Producto__c);getMessage=No puede agregar un producto inactivo.;getStatusCode=FIELD_CUSTOM_VALIDATION_EXCEPTION;])
EC;0090;07;2026-06-05;361;442069;524188;error;(Database.Error[getFields=(Producto__c);getMessage=No puede agregar un producto inactivo.;getStatusCode=FIELD_CUSTOM_VALIDATION_EXCEPTION;])
EC;0090;07;2026-06-05;361;442069;524188;error;(Database.Error[getFields=(Producto__c);getMessage=No puede agregar un producto inactivo.;getStatusCode=FIELD_CUSTOM_VALIDATION_EXCEPTION;])
EC;0090;07;2026-06-05;361;442069;524188;error;(Database.Error[getFields=(Producto__c);getMessage=No puede agregar un producto inactivo.;getStatusCode=FIELD_CUSTOM_VALIDATION_EXCEPTION;])
EC;0090;07;2026-06-05;361;442069;524188;error;(Database.Error[getFields=(Producto__c);getMessage=No puede agregar un producto inactivo.;getStatusCode=FIELD_CUSTOM_VALIDATION_EXCEPTION;])
EC;0090;07;2026-06-05;361;442069;524188;error;(Database.Error[getFields=(Producto__c);getMessage=No puede agregar un producto inactivo.;getStatusCode=FIELD_CUSTOM_VALIDATION_EXCEPTION;])
EC;0090;07;2026-06-05;361;442069;524188;error;(Database.Error[getFields=(Producto__c);getMessage=No puede agregar un producto inactivo.;getStatusCode=FIELD_CUSTOM_VALIDATION_EXCEPTION;])
EC;0090;07;2026-06-05;361;442069;524188;error;(Database.Error[getFields=(Producto__c);getMessage=No puede agregar un producto inactivo.;getStatusCode=FIELD_CUSTOM_VALIDATION_EXCEPTION;])
EC;0090;07;2026-06-05;361;442069;524188;error;(Database.Error[getFields=(Producto__c);getMessage=No puede agregar un producto inactivo.;getStatusCode=FIELD_CUSTOM_VALIDATION_EXCEPTION;])
EC;0090;07;2026-06-05;361;442069;524188;error;(Database.Error[getFields=(Producto__c);getMessage=No puede agregar un producto inactivo.;getStatusCode=FIELD_CUSTOM_VALIDATION_EXCEPTION;])
EC;0090;07;2026-06-05;361;442069;524188;error;(Database.Error[getFields=(Producto__c);getMessage=No puede agregar un producto inactivo.;getStatusCode=FIELD_CUSTOM_VALIDATION_EXCEPTION;])
EC;0090;07;2026-06-05;361;442069;524188;error;(Database.Error[getFields=(Producto__c);getMessage=No puede agregar un producto inactivo.;getStatusCode=FIELD_CUSTOM_VALIDATION_EXCEPTION;])
EC;0090;07;2026-06-05;361;442069;524188;error;(Database.Error[getFields=(Producto__c);getMessage=No puede agregar un producto inactivo.;getStatusCode=FIELD_CUSTOM_VALIDATION_EXCEPTION;])
EC;0090;07;2026-06-05;361;442069;524188;error;(Database.Error[getFields=(Producto__c);getMessage=No puede agregar un producto inactivo.;getStatusCode=FIELD_CUSTOM_VALIDATION_EXCEPTION;])
EC;0090;07;2026-06-05;361;442069;524188;error;(Database.Error[getFields=(Producto__c);getMessage=No puede agregar un producto inactivo.;getStatusCode=FIELD_CUSTOM_VALIDATION_EXCEPTION;])
EC;0090;07;2026-06-05;361;442069;524188;error;(Database.Error[getFields=(Producto__c);getMessage=No puede agregar un producto inactivo.;getStatusCode=FIELD_CUSTOM_VALIDATION_EXCEPTION;])
EC;0090;07;2026-06-05;361;442069;524188;error;(Database.Error[getFields=(Producto__c);getMessage=No puede agregar un producto inactivo.;getStatusCode=FIELD_CUSTOM_VALIDATION_EXCEPTION;])
EC;0090;07;2026-06-05;361;442069;524188;error;(Database.Error[getFields=(Producto__c);getMessage=No puede agregar un producto inactivo.;getStatusCode=FIELD_CUSTOM_VALIDATION_EXCEPTION;])
EC;0090;07;2026-06-05;361;442069;524188;error;(Database.Error[getFields=(Producto__c);getMessage=No puede agregar un producto inactivo.;getStatusCode=FIELD_CUSTOM_VALIDATION_EXCEPTION;])
EC;0090;07;2026-06-05;361;442069;524188;error;(Database.Error[getFields=(Producto__c);getMessage=No puede agregar un producto inactivo.;getStatusCode=FIELD_CUSTOM_VALIDATION_EXCEPTION;])
EC;0090;07;2026-06-05;361;442069;524188;error;(Database.Error[getFields=(Producto__c);getMessage=No puede agregar un producto inactivo.;getStatusCode=FIELD_CUSTOM_VALIDATION_EXCEPTION;])
EC;0090;07;2026-06-05;361;442069;524188;error;(Database.Error[getFields=(Producto__c);getMessage=No puede agregar un producto inactivo.;getStatusCode=FIELD_CUSTOM_VALIDATION_EXCEPTION;])
EC;0090;07;2026-06-05;361;442069;524188;error;(Database.Error[getFields=(Producto__c);getMessage=No puede agregar un producto inactivo.;getStatusCode=FIELD_CUSTOM_VALIDATION_EXCEPTION;])
EC;0090;07;2026-06-05;361;442069;524188;error;(Database.Error[getFields=(Producto__c);getMessage=No puede agregar un producto inactivo.;getStatusCode=FIELD_CUSTOM_VALIDATION_EXCEPTION;])
EC;0090;07;2026-06-05;361;442069;524188;error;(Database.Error[getFields=(Producto__c);getMessage=No puede agregar un producto inactivo.;getStatusCode=FIELD_CUSTOM_VALIDATION_EXCEPTION;])
EC;0090;07;2026-06-05;361;442069;524188;error;(Database.Error[getFields=(Producto__c);getMessage=No puede agregar un producto inactivo.;getStatusCode=FIELD_CUSTOM_VALIDATION_EXCEPTION;])
EC;0090;07;2026-06-05;361;442069;524188;error;(Database.Error[getFields=(Producto__c);getMessage=No puede agregar un producto inactivo.;getStatusCode=FIELD_CUSTOM_VALIDATION_EXCEPTION;])
EC;0090;07;2026-06-05;361;442069;524188;error;(Database.Error[getFields=(Producto__c);getMessage=No puede agregar un producto inactivo.;getStatusCode=FIELD_CUSTOM_VALIDATION_EXCEPTION;])
EC;0090;07;2026-06-05;361;442069;524188;error;(Database.Error[getFields=(Producto__c);getMessage=No puede agregar un producto inactivo.;getStatusCode=FIELD_CUSTOM_VALIDATION_EXCEPTION;])
EC;0090;07;2026-06-05;361;442069;524188;error;(Database.Error[getFields=(Producto__c);getMessage=No puede agregar un producto inactivo.;getStatusCode=FIELD_CUSTOM_VALIDATION_EXCEPTION;])
EC;0090;07;2026-06-05;361;442069;524188;error;(Database.Error[getFields=(Producto__c);getMessage=No puede agregar un producto inactivo.;getStatusCode=FIELD_CUSTOM_VALIDATION_EXCEPTION;])
EC;0090;07;2026-06-05;361;442069;524188;error;(Database.Error[getFields=(Producto__c);getMessage=No puede agregar un producto inactivo.;getStatusCode=FIELD_CUSTOM_VALIDATION_EXCEPTION;])
EC;0090;07;2026-06-05;361;442069;524188;error;(Database.Error[getFields=(Producto__c);getMessage=No puede agregar un producto inactivo.;getStatusCode=FIELD_CUSTOM_VALIDATION_EXCEPTION;])
EC;0090;07;2026-06-05;361;442069;524188;error;(Database.Error[getFields=(Producto__c);getMessage=No puede agregar un producto inactivo.;getStatusCode=FIELD_CUSTOM_VALIDATION_EXCEPTION;])
EC;0090;07;2026-06-05;361;442069;524188;error;(Database.Error[getFields=(Producto__c);getMessage=No puede agregar un producto inactivo.;getStatusCode=FIELD_CUSTOM_VALIDATION_EXCEPTION;])
EC;0090;07;2026-06-05;361;442069;524188;error;(Database.Error[getFields=(Producto__c);getMessage=No puede agregar un producto inactivo.;getStatusCode=FIELD_CUSTOM_VALIDATION_EXCEPTION;])
EC;0090;07;2026-06-05;361;442069;524188;error;(Database.Error[getFields=(Producto__c);getMessage=No puede agregar un producto inactivo.;getStatusCode=FIELD_CUSTOM_VALIDATION_EXCEPTION;])
EC;0090;07;2026-06-05;361;442069;524188;error;(Database.Error[getFields=(Producto__c);getMessage=No puede agregar un producto inactivo.;getStatusCode=FIELD_CUSTOM_VALIDATION_EXCEPTION;])
EC;0090;07;2026-06-05;361;442069;524188;error;(Database.Error[getFields=(Producto__c);getMessage=No puede agregar un producto inactivo.;getStatusCode=FIELD_CUSTOM_VALIDATION_EXCEPTION;])
EC;0090;07;2026-06-05;361;442069;524188;error;(Database.Error[getFields=(Producto__c);getMessage=No puede agregar un producto inactivo.;getStatusCode=FIELD_CUSTOM_VALIDATION_EXCEPTION;])
EC;0090;07;2026-06-05;361;442069;524188;error;(Database.Error[getFields=(Producto__c);getMessage=No puede agregar un producto inactivo.;getStatusCode=FIELD_CUSTOM_VALIDATION_EXCEPTION;])
EC;0090;07;2026-06-05;361;442069;524188;error;(Database.Error[getFields=(Producto__c);getMessage=No puede agregar un producto inactivo.;getStatusCode=FIELD_CUSTOM_VALIDATION_EXCEPTION;])
EC;0090;07;2026-06-05;361;442069;524188;error;(Database.Error[getFields=(Producto__c);getMessage=No puede agregar un producto inactivo.;getStatusCode=FIELD_CUSTOM_VALIDATION_EXCEPTION;])
EC;0090;07;2026-06-05;361;442069;524188;error;(Database.Error[getFields=(Producto__c);getMessage=No puede agregar un producto inactivo.;getStatusCode=FIELD_CUSTOM_VALIDATION_EXCEPTION;])
EC;0090;07;2026-06-05;361;442069;524188;error;(Database.Error[getFields=(Producto__c);getMessage=No puede agregar un producto inactivo.;getStatusCode=FIELD_CUSTOM_VALIDATION_EXCEPTION;])
EC;0090;07;2026-06-05;361;442069;524188;error;(Database.Error[getFields=(Producto__c);getMessage=No puede agregar un producto inactivo.;getStatusCode=FIELD_CUSTOM_VALIDATION_EXCEPTION;])
EC;0090;07;2026-06-05;361;442069;524188;error;(Database.Error[getFields=(Producto__c);getMessage=No puede agregar un producto inactivo.;getStatusCode=FIELD_CUSTOM_VALIDATION_EXCEPTION;])
EC;0090;07;2026-06-05;361;442069;524188;error;(Database.Error[getFields=(Producto__c);getMessage=No puede agregar un producto inactivo.;getStatusCode=FIELD_CUSTOM_VALIDATION_EXCEPTION;])
EC;0090;07;2026-06-05;361;442069;524188;error;(Database.Error[getFields=(Producto__c);getMessage=No puede agregar un producto inactivo.;getStatusCode=FIELD_CUSTOM_VALIDATION_EXCEPTION;])
EC;0090;07;2026-06-05;361;442069;524188;error;(Database.Error[getFields=(Producto__c);getMessage=No puede agregar un producto inactivo.;getStatusCode=FIELD_CUSTOM_VALIDATION_EXCEPTION;])
EC;0090;07;2026-06-05;361;442069;524188;error;(Database.Error[getFields=(Producto__c);getMessage=No puede agregar un producto inactivo.;getStatusCode=FIELD_CUSTOM_VALIDATION_EXCEPTION;])
EC;0090;07;2026-06-05;361;442069;524188;error;(Database.Error[getFields=(Producto__c);getMessage=No puede agregar un producto inactivo.;getStatusCode=FIELD_CUSTOM_VALIDATION_EXCEPTION;])
EC;0090;07;2026-06-05;361;442069;524188;error;(Database.Error[getFields=(Producto__c);getMessage=No puede agregar un producto inactivo.;getStatusCode=FIELD_CUSTOM_VALIDATION_EXCEPTION;])
EC;0090;07;2026-06-05;361;442069;524188;error;(Database.Error[getFields=(Producto__c);getMessage=No puede agregar un producto inactivo.;getStatusCode=FIELD_CUSTOM_VALIDATION_EXCEPTION;])
EC;0090;07;2026-06-05;361;442069;524188;error;(Database.Error[getFields=(Producto__c);getMessage=No puede agregar un producto inactivo.;getStatusCode=FIELD_CUSTOM_VALIDATION_EXCEPTION;])
EC;0090;07;2026-06-05;361;442069;524188;error;(Database.Error[getFields=(Producto__c);getMessage=No puede agregar un producto inactivo.;getStatusCode=FIELD_CUSTOM_VALIDATION_EXCEPTION;])
EC;0090;07;2026-06-05;361;442069;524188;error;(Database.Error[getFields=(Producto__c);getMessage=No puede agregar un producto inactivo.;getStatusCode=FIELD_CUSTOM_VALIDATION_EXCEPTION;])
EC;0090;07;2026-06-05;361;442069;524188;error;(Database.Error[getFields=(Producto__c);getMessage=No puede agregar un producto inactivo.;getStatusCode=FIELD_CUSTOM_VALIDATION_EXCEPTION;])
EC;0090;07;2026-06-05;361;442069;524188;error;(Database.Error[getFields=(Producto__c);getMessage=No puede agregar un producto inactivo.;getStatusCode=FIELD_CUSTOM_VALIDATION_EXCEPTION;])
EC;0090;07;2026-06-05;361;442069;524188;error;(Database.Error[getFields=(Producto__c);getMessage=No puede agregar un producto inactivo.;getStatusCode=FIELD_CUSTOM_VALIDATION_EXCEPTION;])
EC;0090;07;2026-06-05;361;442069;524188;error;(Database.Error[getFields=(Producto__c);getMessage=No puede agregar un producto inactivo.;getStatusCode=FIELD_CUSTOM_VALIDATION_EXCEPTION;])
EC;0090;07;2026-06-05;361;442069;524188;error;(Database.Error[getFields=(Producto__c);getMessage=No puede agregar un producto inactivo.;getStatusCode=FIELD_CUSTOM_VALIDATION_EXCEPTION;])
EC;0090;07;2026-06-05;361;442069;524188;error;(Database.Error[getFields=(Producto__c);getMessage=No puede agregar un producto inactivo.;getStatusCode=FIELD_CUSTOM_VALIDATION_EXCEPTION;])
EC;0090;07;2026-06-05;361;442069;524188;error;(Database.Error[getFields=(Producto__c);getMessage=No puede agregar un producto inactivo.;getStatusCode=FIELD_CUSTOM_VALIDATION_EXCEPTION;])
EC;0090;07;2026-06-05;361;442069;524188;error;(Database.Error[getFields=(Producto__c);getMessage=No puede agregar un producto inactivo.;getStatusCode=FIELD_CUSTOM_VALIDATION_EXCEPTION;])
EC;0090;07;2026-06-05;361;442069;524188;error;(Database.Error[getFields=(Producto__c);getMessage=No puede agregar un producto inactivo.;getStatusCode=FIELD_CUSTOM_VALIDATION_EXCEPTION;])
EC;0090;07;2026-06-05;361;442069;524188;error;(Database.Error[getFields=(Producto__c);getMessage=No puede agregar un producto inactivo.;getStatusCode=FIELD_CUSTOM_VALIDATION_EXCEPTION;])
EC;0090;07;2026-06-05;361;442069;524188;error;(Database.Error[getFields=(Producto__c);getMessage=No puede agregar un producto inactivo.;getStatusCode=FIELD_CUSTOM_VALIDATION_EXCEPTION;])
EC;0090;07;2026-06-05;361;442069;524188;error;(Database.Error[getFields=(Producto__c);getMessage=No puede agregar un producto inactivo.;getStatusCode=FIELD_CUSTOM_VALIDATION_EXCEPTION;])
EC;0090;07;2026-06-05;361;442069;524188;error;(Database.Error[getFields=(Producto__c);getMessage=No puede agregar un producto inactivo.;getStatusCode=FIELD_CUSTOM_VALIDATION_EXCEPTION;])
EC;0090;07;2026-06-05;361;442069;524188;error;(Database.Error[getFields=(Producto__c);getMessage=No puede agregar un producto inactivo.;getStatusCode=FIELD_CUSTOM_VALIDATION_EXCEPTION;])
EC;0090;07;2026-06-05;361;442069;524188;error;(Database.Error[getFields=(Producto__c);getMessage=No puede agregar un producto inactivo.;getStatusCode=FIELD_CUSTOM_VALIDATION_EXCEPTION;])
EC;0090;07;2026-06-05;361;442069;524188;error;(Database.Error[getFields=(Producto__c);getMessage=No puede agregar un producto inactivo.;getStatusCode=FIELD_CUSTOM_VALIDATION_EXCEPTION;])
EC;0090;07;2026-06-05;361;442069;524188;error;(Database.Error[getFields=(Producto__c);getMessage=No puede agregar un producto inactivo.;getStatusCode=FIELD_CUSTOM_VALIDATION_EXCEPTION;])
EC;0090;07;2026-06-05;361;442069;524188;error;(Database.Error[getFields=(Producto__c);getMessage=No puede agregar un producto inactivo.;getStatusCode=FIELD_CUSTOM_VALIDATION_EXCEPTION;])
EC;0090;07;2026-06-05;361;442069;524188;error;(Database.Error[getFields=(Producto__c);getMessage=No puede agregar un producto inactivo.;getStatusCode=FIELD_CUSTOM_VALIDATION_EXCEPTION;])
EC;0090;07;2026-06-05;361;442069;524188;error;(Database.Error[getFields=(Producto__c);getMessage=No puede agregar un producto inactivo.;getStatusCode=FIELD_CUSTOM_VALIDATION_EXCEPTION;])
EC;0090;07;2026-06-05;361;442069;524188;error;(Database.Error[getFields=(Producto__c);getMessage=No puede agregar un producto inactivo.;getStatusCode=FIELD_CUSTOM_VALIDATION_EXCEPTION;])
EC;0090;07;2026-06-05;361;442069;524188;error;(Database.Error[getFields=(Producto__c);getMessage=No puede agregar un producto inactivo.;getStatusCode=FIELD_CUSTOM_VALIDATION_EXCEPTION;])
EC;0090;07;2026-06-05;361;442069;524188;error;(Database.Error[getFields=(Producto__c);getMessage=No puede agregar un producto inactivo.;getStatusCode=FIELD_CUSTOM_VALIDATION_EXCEPTION;])
EC;0090;07;2026-06-05;365;453606;524188;error;(Database.Error[getFields=(Producto__c);getMessage=No puede agregar un producto inactivo.;getStatusCode=FIELD_CUSTOM_VALIDATION_EXCEPTION;])
EC;0090;07;2026-06-05;365;453606;524188;error;(Database.Error[getFields=(Producto__c);getMessage=No puede agregar un producto inactivo.;getStatusCode=FIELD_CUSTOM_VALIDATION_EXCEPTION;])
EC;0090;07;2026-06-05;365;453606;524188;error;(Database.Error[getFields=(Producto__c);getMessage=No puede agregar un producto inactivo.;getStatusCode=FIELD_CUSTOM_VALIDATION_EXCEPTION;])
EC;0090;07;2026-06-05;365;453606;524188;error;(Database.Error[getFields=(Producto__c);getMessage=No puede agregar un producto inactivo.;getStatusCode=FIELD_CUSTOM_VALIDATION_EXCEPTION;])
EC;0090;07;2026-06-05;365;453606;524188;error;(Database.Error[getFields=(Producto__c);getMessage=No puede agregar un producto inactivo.;getStatusCode=FIELD_CUSTOM_VALIDATION_EXCEPTION;])
EC;0090;07;2026-06-05;365;453606;524188;error;(Database.Error[getFields=(Producto__c);getMessage=No puede agregar un producto inactivo.;getStatusCode=FIELD_CUSTOM_VALIDATION_EXCEPTION;])
EC;0090;07;2026-06-05;365;453606;524188;error;(Database.Error[getFields=(Producto__c);getMessage=No puede agregar un producto inactivo.;getStatusCode=FIELD_CUSTOM_VALIDATION_EXCEPTION;])
EC;0090;07;2026-06-05;365;453606;524188;error;(Database.Error[getFields=(Producto__c);getMessage=No puede agregar un producto inactivo.;getStatusCode=FIELD_CUSTOM_VALIDATION_EXCEPTION;])
EC;0090;07;2026-06-05;365;453606;524188;error;(Database.Error[getFields=(Producto__c);getMessage=No puede agregar un producto inactivo.;getStatusCode=FIELD_CUSTOM_VALIDATION_EXCEPTION;])
EC;0090;07;2026-06-05;365;453606;524188;error;(Database.Error[getFields=(Producto__c);getMessage=No puede agregar un producto inactivo.;getStatusCode=FIELD_CUSTOM_VALIDATION_EXCEPTION;])
EC;0090;07;2026-06-05;365;453606;524188;error;(Database.Error[getFields=(Producto__c);getMessage=No puede agregar un producto inactivo.;getStatusCode=FIELD_CUSTOM_VALIDATION_EXCEPTION;])
EC;0090;07;2026-06-05;365;453606;524188;error;(Database.Error[getFields=(Producto__c);getMessage=No puede agregar un producto inactivo.;getStatusCode=FIELD_CUSTOM_VALIDATION_EXCEPTION;])
EC;0090;07;2026-06-05;365;453606;524188;error;(Database.Error[getFields=(Producto__c);getMessage=No puede agregar un producto inactivo.;getStatusCode=FIELD_CUSTOM_VALIDATION_EXCEPTION;])
EC;0090;07;2026-06-05;365;453606;524188;error;(Database.Error[getFields=(Producto__c);getMessage=No puede agregar un producto inactivo.;getStatusCode=FIELD_CUSTOM_VALIDATION_EXCEPTION;])
EC;0090;07;2026-06-05;365;453606;524188;error;(Database.Error[getFields=(Producto__c);getMessage=No puede agregar un producto inactivo.;getStatusCode=FIELD_CUSTOM_VALIDATION_EXCEPTION;])
EC;0090;07;2026-06-05;365;453606;524188;error;(Database.Error[getFields=(Producto__c);getMessage=No puede agregar un producto inactivo.;getStatusCode=FIELD_CUSTOM_VALIDATION_EXCEPTION;])
EC;0090;07;2026-06-05;365;453606;524188;error;(Database.Error[getFields=(Producto__c);getMessage=No puede agregar un producto inactivo.;getStatusCode=FIELD_CUSTOM_VALIDATION_EXCEPTION;])
EC;0090;07;2026-06-05;365;453606;524188;error;(Database.Error[getFields=(Producto__c);getMessage=No puede agregar un producto inactivo.;getStatusCode=FIELD_CUSTOM_VALIDATION_EXCEPTION;])
EC;0090;07;2026-06-05;365;453606;524188;error;(Database.Error[getFields=(Producto__c);getMessage=No puede agregar un producto inactivo.;getStatusCode=FIELD_CUSTOM_VALIDATION_EXCEPTION;])
EC;0090;07;2026-06-05;365;453606;524188;error;(Database.Error[getFields=(Producto__c);getMessage=No puede agregar un producto inactivo.;getStatusCode=FIELD_CUSTOM_VALIDATION_EXCEPTION;])
EC;0090;07;2026-06-05;365;453606;524188;error;(Database.Error[getFields=(Producto__c);getMessage=No puede agregar un producto inactivo.;getStatusCode=FIELD_CUSTOM_VALIDATION_EXCEPTION;])
EC;0090;07;2026-06-05;365;453606;524188;error;(Database.Error[getFields=(Producto__c);getMessage=No puede agregar un producto inactivo.;getStatusCode=FIELD_CUSTOM_VALIDATION_EXCEPTION;])
EC;0090;07;2026-06-05;365;453606;524188;error;(Database.Error[getFields=(Producto__c);getMessage=No puede agregar un producto inactivo.;getStatusCode=FIELD_CUSTOM_VALIDATION_EXCEPTION;])
EC;0090;07;2026-06-05;365;453606;524188;error;(Database.Error[getFields=(Producto__c);getMessage=No puede agregar un producto inactivo.;getStatusCode=FIELD_CUSTOM_VALIDATION_EXCEPTION;])
EC;0090;07;2026-06-05;365;453606;524188;error;(Database.Error[getFields=(Producto__c);getMessage=No puede agregar un producto inactivo.;getStatusCode=FIELD_CUSTOM_VALIDATION_EXCEPTION;])
EC;0090;07;2026-06-05;365;453606;524188;error;(Database.Error[getFields=(Producto__c);getMessage=No puede agregar un producto inactivo.;getStatusCode=FIELD_CUSTOM_VALIDATION_EXCEPTION;])
EC;0090;07;2026-06-05;365;453606;524188;error;(Database.Error[getFields=(Producto__c);getMessage=No puede agregar un producto inactivo.;getStatusCode=FIELD_CUSTOM_VALIDATION_EXCEPTION;])
EC;0090;07;2026-06-05;365;453606;524188;error;(Database.Error[getFields=(Producto__c);getMessage=No puede agregar un producto inactivo.;getStatusCode=FIELD_CUSTOM_VALIDATION_EXCEPTION;])
EC;0090;07;2026-06-05;365;453606;524188;error;(Database.Error[getFields=(Producto__c);getMessage=No puede agregar un producto inactivo.;getStatusCode=FIELD_CUSTOM_VALIDATION_EXCEPTION;])
EC;0090;07;2026-06-05;365;453606;524188;error;(Database.Error[getFields=(Producto__c);getMessage=No puede agregar un producto inactivo.;getStatusCode=FIELD_CUSTOM_VALIDATION_EXCEPTION;])
EC;0090;07;2026-06-05;365;453606;524188;error;(Database.Error[getFields=(Producto__c);getMessage=No puede agregar un producto inactivo.;getStatusCode=FIELD_CUSTOM_VALIDATION_EXCEPTION;])
EC;0090;07;2026-06-05;365;453606;524188;error;(Database.Error[getFields=(Producto__c);getMessage=No puede agregar un producto inactivo.;getStatusCode=FIELD_CUSTOM_VALIDATION_EXCEPTION;])
EC;0090;07;2026-06-05;365;453606;524188;error;(Database.Error[getFields=(Producto__c);getMessage=No puede agregar un producto inactivo.;getStatusCode=FIELD_CUSTOM_VALIDATION_EXCEPTION;])
EC;0090;07;2026-06-05;365;453606;524188;error;(Database.Error[getFields=(Producto__c);getMessage=No puede agregar un producto inactivo.;getStatusCode=FIELD_CUSTOM_VALIDATION_EXCEPTION;])
EC;0090;07;2026-06-05;365;453606;524188;error;(Database.Error[getFields=(Producto__c);getMessage=No puede agregar un producto inactivo.;getStatusCode=FIELD_CUSTOM_VALIDATION_EXCEPTION;])
EC;0090;07;2026-06-05;365;453606;524188;error;(Database.Error[getFields=(Producto__c);getMessage=No puede agregar un producto inactivo.;getStatusCode=FIELD_CUSTOM_VALIDATION_EXCEPTION;])
EC;0090;07;2026-06-05;365;453606;524188;error;(Database.Error[getFields=(Producto__c);getMessage=No puede agregar un producto inactivo.;getStatusCode=FIELD_CUSTOM_VALIDATION_EXCEPTION;])
EC;0090;07;2026-06-05;365;453606;524188;error;(Database.Error[getFields=(Producto__c);getMessage=No puede agregar un producto inactivo.;getStatusCode=FIELD_CUSTOM_VALIDATION_EXCEPTION;])
EC;0090;07;2026-06-05;365;453606;524188;error;(Database.Error[getFields=(Producto__c);getMessage=No puede agregar un producto inactivo.;getStatusCode=FIELD_CUSTOM_VALIDATION_EXCEPTION;])
EC;0090;07;2026-06-05;365;453606;524188;error;(Database.Error[getFields=(Producto__c);getMessage=No puede agregar un producto inactivo.;getStatusCode=FIELD_CUSTOM_VALIDATION_EXCEPTION;])
EC;0090;07;2026-06-05;365;453606;524188;error;(Database.Error[getFields=(Producto__c);getMessage=No puede agregar un producto inactivo.;getStatusCode=FIELD_CUSTOM_VALIDATION_EXCEPTION;])
EC;0090;07;2026-06-05;365;453606;524188;error;(Database.Error[getFields=(Producto__c);getMessage=No puede agregar un producto inactivo.;getStatusCode=FIELD_CUSTOM_VALIDATION_EXCEPTION;])
EC;0090;07;2026-06-05;365;453606;524188;error;(Database.Error[getFields=(Producto__c);getMessage=No puede agregar un producto inactivo.;getStatusCode=FIELD_CUSTOM_VALIDATION_EXCEPTION;])
EC;0090;07;2026-06-05;365;453606;524188;error;(Database.Error[getFields=(Producto__c);getMessage=No puede agregar un producto inactivo.;getStatusCode=FIELD_CUSTOM_VALIDATION_EXCEPTION;])
EC;0090;07;2026-06-05;365;453606;524188;error;(Database.Error[getFields=(Producto__c);getMessage=No puede agregar un producto inactivo.;getStatusCode=FIELD_CUSTOM_VALIDATION_EXCEPTION;])
EC;0090;07;2026-06-05;365;453606;524188;error;(Database.Error[getFields=(Producto__c);getMessage=No puede agregar un producto inactivo.;getStatusCode=FIELD_CUSTOM_VALIDATION_EXCEPTION;])
EC;0090;07;2026-06-05;365;453606;524188;error;(Database.Error[getFields=(Producto__c);getMessage=No puede agregar un producto inactivo.;getStatusCode=FIELD_CUSTOM_VALIDATION_EXCEPTION;])
EC;0090;07;2026-06-05;365;453606;524188;error;(Database.Error[getFields=(Producto__c);getMessage=No puede agregar un producto inactivo.;getStatusCode=FIELD_CUSTOM_VALIDATION_EXCEPTION;])
EC;0090;07;2026-06-05;365;453606;524188;error;(Database.Error[getFields=(Producto__c);getMessage=No puede agregar un producto inactivo.;getStatusCode=FIELD_CUSTOM_VALIDATION_EXCEPTION;])
EC;0090;07;2026-06-05;365;453606;524188;error;(Database.Error[getFields=(Producto__c);getMessage=No puede agregar un producto inactivo.;getStatusCode=FIELD_CUSTOM_VALIDATION_EXCEPTION;])
EC;0090;07;2026-06-05;365;453606;524188;error;(Database.Error[getFields=(Producto__c);getMessage=No puede agregar un producto inactivo.;getStatusCode=FIELD_CUSTOM_VALIDATION_EXCEPTION;])
EC;0090;07;2026-06-05;365;453606;524188;error;(Database.Error[getFields=(Producto__c);getMessage=No puede agregar un producto inactivo.;getStatusCode=FIELD_CUSTOM_VALIDATION_EXCEPTION;])
EC;0090;07;2026-06-05;365;453606;524188;error;(Database.Error[getFields=(Producto__c);getMessage=No puede agregar un producto inactivo.;getStatusCode=FIELD_CUSTOM_VALIDATION_EXCEPTION;])
EC;0090;07;2026-06-05;365;453606;524188;error;(Database.Error[getFields=(Producto__c);getMessage=No puede agregar un producto inactivo.;getStatusCode=FIELD_CUSTOM_VALIDATION_EXCEPTION;])
EC;0090;07;2026-06-05;365;453606;524188;error;(Database.Error[getFields=(Producto__c);getMessage=No puede agregar un producto inactivo.;getStatusCode=FIELD_CUSTOM_VALIDATION_EXCEPTION;])
EC;0090;07;2026-06-05;365;453606;524188;error;(Database.Error[getFields=(Producto__c);getMessage=No puede agregar un producto inactivo.;getStatusCode=FIELD_CUSTOM_VALIDATION_EXCEPTION;])
EC;0090;07;2026-06-05;365;453606;524188;error;(Database.Error[getFields=(Producto__c);getMessage=No puede agregar un producto inactivo.;getStatusCode=FIELD_CUSTOM_VALIDATION_EXCEPTION;])
EC;0090;07;2026-06-05;365;453606;524188;error;(Database.Error[getFields=(Producto__c);getMessage=No puede agregar un producto inactivo.;getStatusCode=FIELD_CUSTOM_VALIDATION_EXCEPTION;])
EC;0090;07;2026-06-05;365;453606;524188;error;(Database.Error[getFields=(Producto__c);getMessage=No puede agregar un producto inactivo.;getStatusCode=FIELD_CUSTOM_VALIDATION_EXCEPTION;])
EC;0090;07;2026-06-05;365;453606;524188;error;(Database.Error[getFields=(Producto__c);getMessage=No puede agregar un producto inactivo.;getStatusCode=FIELD_CUSTOM_VALIDATION_EXCEPTION;])
EC;0090;07;2026-06-05;365;453606;524188;error;(Database.Error[getFields=(Producto__c);getMessage=No puede agregar un producto inactivo.;getStatusCode=FIELD_CUSTOM_VALIDATION_EXCEPTION;])
EC;0090;07;2026-06-05;365;453606;524188;error;(Database.Error[getFields=(Producto__c);getMessage=No puede agregar un producto inactivo.;getStatusCode=FIELD_CUSTOM_VALIDATION_EXCEPTION;])
EC;0090;07;2026-06-05;365;453606;524188;error;(Database.Error[getFields=(Producto__c);getMessage=No puede agregar un producto inactivo.;getStatusCode=FIELD_CUSTOM_VALIDATION_EXCEPTION;])
EC;0090;07;2026-06-05;365;453606;524188;error;(Database.Error[getFields=(Producto__c);getMessage=No puede agregar un producto inactivo.;getStatusCode=FIELD_CUSTOM_VALIDATION_EXCEPTION;])
EC;0090;07;2026-06-05;365;453606;524188;error;(Database.Error[getFields=(Producto__c);getMessage=No puede agregar un producto inactivo.;getStatusCode=FIELD_CUSTOM_VALIDATION_EXCEPTION;])
EC;0090;07;2026-06-05;365;453606;524188;error;(Database.Error[getFields=(Producto__c);getMessage=No puede agregar un producto inactivo.;getStatusCode=FIELD_CUSTOM_VALIDATION_EXCEPTION;])
EC;0090;07;2026-06-05;365;453606;524188;error;(Database.Error[getFields=(Producto__c);getMessage=No puede agregar un producto inactivo.;getStatusCode=FIELD_CUSTOM_VALIDATION_EXCEPTION;])
EC;0090;07;2026-06-05;365;453606;524188;error;(Database.Error[getFields=(Producto__c);getMessage=No puede agregar un producto inactivo.;getStatusCode=FIELD_CUSTOM_VALIDATION_EXCEPTION;])
EC;0090;07;2026-06-05;365;453606;524188;error;(Database.Error[getFields=(Producto__c);getMessage=No puede agregar un producto inactivo.;getStatusCode=FIELD_CUSTOM_VALIDATION_EXCEPTION;])
EC;0090;07;2026-06-05;365;453606;524188;error;(Database.Error[getFields=(Producto__c);getMessage=No puede agregar un producto inactivo.;getStatusCode=FIELD_CUSTOM_VALIDATION_EXCEPTION;])
EC;0090;07;2026-06-05;365;453606;524188;error;(Database.Error[getFields=(Producto__c);getMessage=No puede agregar un producto inactivo.;getStatusCode=FIELD_CUSTOM_VALIDATION_EXCEPTION;])
EC;0090;07;2026-06-05;365;453606;524188;error;(Database.Error[getFields=(Producto__c);getMessage=No puede agregar un producto inactivo.;getStatusCode=FIELD_CUSTOM_VALIDATION_EXCEPTION;])
EC;0090;07;2026-06-05;365;453606;524188;error;(Database.Error[getFields=(Producto__c);getMessage=No puede agregar un producto inactivo.;getStatusCode=FIELD_CUSTOM_VALIDATION_EXCEPTION;])
EC;0090;07;2026-06-05;365;453606;524188;error;(Database.Error[getFields=(Producto__c);getMessage=No puede agregar un producto inactivo.;getStatusCode=FIELD_CUSTOM_VALIDATION_EXCEPTION;])
EC;0090;07;2026-06-05;365;453606;524188;error;(Database.Error[getFields=(Producto__c);getMessage=No puede agregar un producto inactivo.;getStatusCode=FIELD_CUSTOM_VALIDATION_EXCEPTION;])
EC;0090;07;2026-06-05;365;453606;524188;error;(Database.Error[getFields=(Producto__c);getMessage=No puede agregar un producto inactivo.;getStatusCode=FIELD_CUSTOM_VALIDATION_EXCEPTION;])
EC;0090;07;2026-06-05;365;453606;524188;error;(Database.Error[getFields=(Producto__c);getMessage=No puede agregar un producto inactivo.;getStatusCode=FIELD_CUSTOM_VALIDATION_EXCEPTION;])
EC;0090;07;2026-06-05;365;453606;524188;error;(Database.Error[getFields=(Producto__c);getMessage=No puede agregar un producto inactivo.;getStatusCode=FIELD_CUSTOM_VALIDATION_EXCEPTION;])
EC;0090;07;2026-06-05;365;453606;524188;error;(Database.Error[getFields=(Producto__c);getMessage=No puede agregar un producto inactivo.;getStatusCode=FIELD_CUSTOM_VALIDATION_EXCEPTION;])
EC;0090;07;2026-06-05;365;453606;524188;error;(Database.Error[getFields=(Producto__c);getMessage=No puede agregar un producto inactivo.;getStatusCode=FIELD_CUSTOM_VALIDATION_EXCEPTION;])
EC;0090;07;2026-06-05;365;453606;524188;error;(Database.Error[getFields=(Producto__c);getMessage=No puede agregar un producto inactivo.;getStatusCode=FIELD_CUSTOM_VALIDATION_EXCEPTION;])
EC;0090;07;2026-06-05;365;453606;524188;error;(Database.Error[getFields=(Producto__c);getMessage=No puede agregar un producto inactivo.;getStatusCode=FIELD_CUSTOM_VALIDATION_EXCEPTION;])
EC;0090;07;2026-06-05;365;453606;524188;error;(Database.Error[getFields=(Producto__c);getMessage=No puede agregar un producto inactivo.;getStatusCode=FIELD_CUSTOM_VALIDATION_EXCEPTION;])
EC;0090;07;2026-06-05;365;453606;524188;error;(Database.Error[getFields=(Producto__c);getMessage=No puede agregar un producto inactivo.;getStatusCode=FIELD_CUSTOM_VALIDATION_EXCEPTION;])
EC;0090;07;2026-06-05;365;453606;524188;error;(Database.Error[getFields=(Producto__c);getMessage=No puede agregar un producto inactivo.;getStatusCode=FIELD_CUSTOM_VALIDATION_EXCEPTION;])
EC;0090;07;2026-06-05;365;453606;524188;error;(Database.Error[getFields=(Producto__c);getMessage=No puede agregar un producto inactivo.;getStatusCode=FIELD_CUSTOM_VALIDATION_EXCEPTION;])
EC;0090;07;2026-06-05;365;453606;524188;error;(Database.Error[getFields=(Producto__c);getMessage=No puede agregar un producto inactivo.;getStatusCode=FIELD_CUSTOM_VALIDATION_EXCEPTION;])
EC;0090;07;2026-06-05;365;453606;524188;error;(Database.Error[getFields=(Producto__c);getMessage=No puede agregar un producto inactivo.;getStatusCode=FIELD_CUSTOM_VALIDATION_EXCEPTION;])
EC;0090;07;2026-06-05;365;453606;524188;error;(Database.Error[getFields=(Producto__c);getMessage=No puede agregar un producto inactivo.;getStatusCode=FIELD_CUSTOM_VALIDATION_EXCEPTION;])
EC;0090;07;2026-06-05;365;453606;524188;error;(Database.Error[getFields=(Producto__c);getMessage=No puede agregar un producto inactivo.;getStatusCode=FIELD_CUSTOM_VALIDATION_EXCEPTION;])
EC;0090;07;2026-06-05;365;453606;524188;error;(Database.Error[getFields=(Producto__c);getMessage=No puede agregar un producto inactivo.;getStatusCode=FIELD_CUSTOM_VALIDATION_EXCEPTION;])
EC;0090;07;2026-06-05;365;453606;524188;error;(Database.Error[getFields=(Producto__c);getMessage=No puede agregar un producto inactivo.;getStatusCode=FIELD_CUSTOM_VALIDATION_EXCEPTION;])
EC;0090;07;2026-06-05;365;453606;524188;error;(Database.Error[getFields=(Producto__c);getMessage=No puede agregar un producto inactivo.;getStatusCode=FIELD_CUSTOM_VALIDATION_EXCEPTION;])
EC;0090;07;2026-06-05;365;453606;524188;error;(Database.Error[getFields=(Producto__c);getMessage=No puede agregar un producto inactivo.;getStatusCode=FIELD_CUSTOM_VALIDATION_EXCEPTION;])
EC;0090;07;2026-06-05;365;453606;524188;error;(Database.Error[getFields=(Producto__c);getMessage=No puede agregar un producto inactivo.;getStatusCode=FIELD_CUSTOM_VALIDATION_EXCEPTION;])
EC;0090;07;2026-06-05;365;453606;524188;error;(Database.Error[getFields=(Producto__c);getMessage=No puede agregar un producto inactivo.;getStatusCode=FIELD_CUSTOM_VALIDATION_EXCEPTION;])
EC;0090;07;2026-06-05;365;453606;524188;error;(Database.Error[getFields=(Producto__c);getMessage=No puede agregar un producto inactivo.;getStatusCode=FIELD_CUSTOM_VALIDATION_EXCEPTION;])
EC;0090;07;2026-06-05;365;453606;524188;error;(Database.Error[getFields=(Producto__c);getMessage=No puede agregar un producto inactivo.;getStatusCode=FIELD_CUSTOM_VALIDATION_EXCEPTION;])
EC;0090;07;2026-06-05;365;453606;524188;error;(Database.Error[getFields=(Producto__c);getMessage=No puede agregar un producto inactivo.;getStatusCode=FIELD_CUSTOM_VALIDATION_EXCEPTION;])
EC;0090;07;2026-06-05;365;453606;524188;error;(Database.Error[getFields=(Producto__c);getMessage=No puede agregar un producto inactivo.;getStatusCode=FIELD_CUSTOM_VALIDATION_EXCEPTION;])
EC;0090;07;2026-06-05;365;465852;524188;error;(Database.Error[getFields=(Producto__c);getMessage=No puede agregar un producto inactivo.;getStatusCode=FIELD_CUSTOM_VALIDATION_EXCEPTION;])
EC;0090;07;2026-06-05;365;465852;524188;error;(Database.Error[getFields=(Producto__c);getMessage=No puede agregar un producto inactivo.;getStatusCode=FIELD_CUSTOM_VALIDATION_EXCEPTION;])
EC;0090;07;2026-06-05;365;465852;524188;error;(Database.Error[getFields=(Producto__c);getMessage=No puede agregar un producto inactivo.;getStatusCode=FIELD_CUSTOM_VALIDATION_EXCEPTION;])
EC;0090;07;2026-06-05;365;465852;524188;error;(Database.Error[getFields=(Producto__c);getMessage=No puede agregar un producto inactivo.;getStatusCode=FIELD_CUSTOM_VALIDATION_EXCEPTION;])
EC;0090;07;2026-06-05;365;465852;524188;error;(Database.Error[getFields=(Producto__c);getMessage=No puede agregar un producto inactivo.;getStatusCode=FIELD_CUSTOM_VALIDATION_EXCEPTION;])
EC;0090;07;2026-06-05;365;465852;524188;error;(Database.Error[getFields=(Producto__c);getMessage=No puede agregar un producto inactivo.;getStatusCode=FIELD_CUSTOM_VALIDATION_EXCEPTION;])
EC;0090;07;2026-06-05;365;465852;524188;error;(Database.Error[getFields=(Producto__c);getMessage=No puede agregar un producto inactivo.;getStatusCode=FIELD_CUSTOM_VALIDATION_EXCEPTION;])
EC;0090;07;2026-06-05;365;465852;524188;error;(Database.Error[getFields=(Producto__c);getMessage=No puede agregar un producto inactivo.;getStatusCode=FIELD_CUSTOM_VALIDATION_EXCEPTION;])
EC;0090;07;2026-06-05;365;465852;524188;error;(Database.Error[getFields=(Producto__c);getMessage=No puede agregar un producto inactivo.;getStatusCode=FIELD_CUSTOM_VALIDATION_EXCEPTION;])
EC;0090;07;2026-06-05;365;465852;524188;error;(Database.Error[getFields=(Producto__c);getMessage=No puede agregar un producto inactivo.;getStatusCode=FIELD_CUSTOM_VALIDATION_EXCEPTION;])
EC;0090;07;2026-06-05;365;465852;524188;error;(Database.Error[getFields=(Producto__c);getMessage=No puede agregar un producto inactivo.;getStatusCode=FIELD_CUSTOM_VALIDATION_EXCEPTION;])
EC;0090;07;2026-06-05;365;465852;524188;error;(Database.Error[getFields=(Producto__c);getMessage=No puede agregar un producto inactivo.;getStatusCode=FIELD_CUSTOM_VALIDATION_EXCEPTION;])
EC;0090;07;2026-06-05;365;465852;524188;error;(Database.Error[getFields=(Producto__c);getMessage=No puede agregar un producto inactivo.;getStatusCode=FIELD_CUSTOM_VALIDATION_EXCEPTION;])
EC;0090;07;2026-06-05;365;465852;524188;error;(Database.Error[getFields=(Producto__c);getMessage=No puede agregar un producto inactivo.;getStatusCode=FIELD_CUSTOM_VALIDATION_EXCEPTION;])
EC;0090;07;2026-06-05;365;465852;524188;error;(Database.Error[getFields=(Producto__c);getMessage=No puede agregar un producto inactivo.;getStatusCode=FIELD_CUSTOM_VALIDATION_EXCEPTION;])
EC;0090;07;2026-06-05;365;465852;524188;error;(Database.Error[getFields=(Producto__c);getMessage=No puede agregar un producto inactivo.;getStatusCode=FIELD_CUSTOM_VALIDATION_EXCEPTION;])
EC;0090;07;2026-06-05;365;465852;524188;error;(Database.Error[getFields=(Producto__c);getMessage=No puede agregar un producto inactivo.;getStatusCode=FIELD_CUSTOM_VALIDATION_EXCEPTION;])
EC;0090;07;2026-06-05;365;465852;524188;error;(Database.Error[getFields=(Producto__c);getMessage=No puede agregar un producto inactivo.;getStatusCode=FIELD_CUSTOM_VALIDATION_EXCEPTION;])
EC;0090;07;2026-06-05;365;465852;524188;error;(Database.Error[getFields=(Producto__c);getMessage=No puede agregar un producto inactivo.;getStatusCode=FIELD_CUSTOM_VALIDATION_EXCEPTION;])
EC;0090;07;2026-06-05;365;465852;524188;error;(Database.Error[getFields=(Producto__c);getMessage=No puede agregar un producto inactivo.;getStatusCode=FIELD_CUSTOM_VALIDATION_EXCEPTION;])
EC;0090;07;2026-06-05;365;465852;524188;error;(Database.Error[getFields=(Producto__c);getMessage=No puede agregar un producto inactivo.;getStatusCode=FIELD_CUSTOM_VALIDATION_EXCEPTION;])
EC;0090;07;2026-06-05;365;465852;524188;error;(Database.Error[getFields=(Producto__c);getMessage=No puede agregar un producto inactivo.;getStatusCode=FIELD_CUSTOM_VALIDATION_EXCEPTION;])
EC;0090;07;2026-06-05;365;465852;524188;error;(Database.Error[getFields=(Producto__c);getMessage=No puede agregar un producto inactivo.;getStatusCode=FIELD_CUSTOM_VALIDATION_EXCEPTION;])
EC;0090;07;2026-06-05;365;465852;524188;error;(Database.Error[getFields=(Producto__c);getMessage=No puede agregar un producto inactivo.;getStatusCode=FIELD_CUSTOM_VALIDATION_EXCEPTION;])
EC;0090;07;2026-06-05;365;465852;524188;error;(Database.Error[getFields=(Producto__c);getMessage=No puede agregar un producto inactivo.;getStatusCode=FIELD_CUSTOM_VALIDATION_EXCEPTION;])
EC;0090;07;2026-06-05;365;465852;524188;error;(Database.Error[getFields=(Producto__c);getMessage=No puede agregar un producto inactivo.;getStatusCode=FIELD_CUSTOM_VALIDATION_EXCEPTION;])
EC;0090;07;2026-06-05;365;465852;524188;error;(Database.Error[getFields=(Producto__c);getMessage=No puede agregar un producto inactivo.;getStatusCode=FIELD_CUSTOM_VALIDATION_EXCEPTION;])
EC;0090;07;2026-06-05;365;465852;524188;error;(Database.Error[getFields=(Producto__c);getMessage=No puede agregar un producto inactivo.;getStatusCode=FIELD_CUSTOM_VALIDATION_EXCEPTION;])
EC;0090;07;2026-06-05;365;465852;524188;error;(Database.Error[getFields=(Producto__c);getMessage=No puede agregar un producto inactivo.;getStatusCode=FIELD_CUSTOM_VALIDATION_EXCEPTION;])
EC;0090;07;2026-06-05;365;465852;524188;error;(Database.Error[getFields=(Producto__c);getMessage=No puede agregar un producto inactivo.;getStatusCode=FIELD_CUSTOM_VALIDATION_EXCEPTION;])
EC;0090;07;2026-06-05;365;465852;524188;error;(Database.Error[getFields=(Producto__c);getMessage=No puede agregar un producto inactivo.;getStatusCode=FIELD_CUSTOM_VALIDATION_EXCEPTION;])
EC;0090;07;2026-06-05;365;465852;524188;error;(Database.Error[getFields=(Producto__c);getMessage=No puede agregar un producto inactivo.;getStatusCode=FIELD_CUSTOM_VALIDATION_EXCEPTION;])
EC;0090;07;2026-06-05;365;465852;524188;error;(Database.Error[getFields=(Producto__c);getMessage=No puede agregar un producto inactivo.;getStatusCode=FIELD_CUSTOM_VALIDATION_EXCEPTION;])
EC;0090;07;2026-06-05;365;465852;524188;error;(Database.Error[getFields=(Producto__c);getMessage=No puede agregar un producto inactivo.;getStatusCode=FIELD_CUSTOM_VALIDATION_EXCEPTION;])
EC;0090;07;2026-06-05;365;465852;524188;error;(Database.Error[getFields=(Producto__c);getMessage=No puede agregar un producto inactivo.;getStatusCode=FIELD_CUSTOM_VALIDATION_EXCEPTION;])
EC;0090;07;2026-06-05;365;465852;524188;error;(Database.Error[getFields=(Producto__c);getMessage=No puede agregar un producto inactivo.;getStatusCode=FIELD_CUSTOM_VALIDATION_EXCEPTION;])
EC;0090;07;2026-06-05;365;465852;524188;error;(Database.Error[getFields=(Producto__c);getMessage=No puede agregar un producto inactivo.;getStatusCode=FIELD_CUSTOM_VALIDATION_EXCEPTION;])
EC;0090;07;2026-06-05;365;465852;524188;error;(Database.Error[getFields=(Producto__c);getMessage=No puede agregar un producto inactivo.;getStatusCode=FIELD_CUSTOM_VALIDATION_EXCEPTION;])
EC;0090;07;2026-06-05;365;465852;524188;error;(Database.Error[getFields=(Producto__c);getMessage=No puede agregar un producto inactivo.;getStatusCode=FIELD_CUSTOM_VALIDATION_EXCEPTION;])
EC;0090;07;2026-06-05;365;465852;524188;error;(Database.Error[getFields=(Producto__c);getMessage=No puede agregar un producto inactivo.;getStatusCode=FIELD_CUSTOM_VALIDATION_EXCEPTION;])
EC;0090;07;2026-06-05;365;465852;524188;error;(Database.Error[getFields=(Producto__c);getMessage=No puede agregar un producto inactivo.;getStatusCode=FIELD_CUSTOM_VALIDATION_EXCEPTION;])
EC;0090;07;2026-06-05;365;465852;524188;error;(Database.Error[getFields=(Producto__c);getMessage=No puede agregar un producto inactivo.;getStatusCode=FIELD_CUSTOM_VALIDATION_EXCEPTION;])
EC;0090;07;2026-06-05;365;465852;524188;error;(Database.Error[getFields=(Producto__c);getMessage=No puede agregar un producto inactivo.;getStatusCode=FIELD_CUSTOM_VALIDATION_EXCEPTION;])
EC;0090;07;2026-06-05;365;465852;524188;error;(Database.Error[getFields=(Producto__c);getMessage=No puede agregar un producto inactivo.;getStatusCode=FIELD_CUSTOM_VALIDATION_EXCEPTION;])
EC;0090;07;2026-06-05;365;465852;524188;error;(Database.Error[getFields=(Producto__c);getMessage=No puede agregar un producto inactivo.;getStatusCode=FIELD_CUSTOM_VALIDATION_EXCEPTION;])
EC;0090;07;2026-06-05;365;465852;524188;error;(Database.Error[getFields=(Producto__c);getMessage=No puede agregar un producto inactivo.;getStatusCode=FIELD_CUSTOM_VALIDATION_EXCEPTION;])
EC;0090;07;2026-06-05;365;465852;524188;error;(Database.Error[getFields=(Producto__c);getMessage=No puede agregar un producto inactivo.;getStatusCode=FIELD_CUSTOM_VALIDATION_EXCEPTION;])
EC;0090;07;2026-06-05;365;465852;524188;error;(Database.Error[getFields=(Producto__c);getMessage=No puede agregar un producto inactivo.;getStatusCode=FIELD_CUSTOM_VALIDATION_EXCEPTION;])
EC;0090;07;2026-06-05;365;465852;524188;error;(Database.Error[getFields=(Producto__c);getMessage=No puede agregar un producto inactivo.;getStatusCode=FIELD_CUSTOM_VALIDATION_EXCEPTION;])
EC;0090;07;2026-06-05;365;465852;524188;error;(Database.Error[getFields=(Producto__c);getMessage=No puede agregar un producto inactivo.;getStatusCode=FIELD_CUSTOM_VALIDATION_EXCEPTION;])
EC;0090;07;2026-06-05;365;465852;524188;error;(Database.Error[getFields=(Producto__c);getMessage=No puede agregar un producto inactivo.;getStatusCode=FIELD_CUSTOM_VALIDATION_EXCEPTION;])
EC;0090;07;2026-06-05;365;465852;524188;error;(Database.Error[getFields=(Producto__c);getMessage=No puede agregar un producto inactivo.;getStatusCode=FIELD_CUSTOM_VALIDATION_EXCEPTION;])
EC;0090;07;2026-06-05;365;465852;524188;error;(Database.Error[getFields=(Producto__c);getMessage=No puede agregar un producto inactivo.;getStatusCode=FIELD_CUSTOM_VALIDATION_EXCEPTION;])
EC;0090;07;2026-06-05;365;465852;524188;error;(Database.Error[getFields=(Producto__c);getMessage=No puede agregar un producto inactivo.;getStatusCode=FIELD_CUSTOM_VALIDATION_EXCEPTION;])
EC;0090;07;2026-06-05;365;465852;524188;error;(Database.Error[getFields=(Producto__c);getMessage=No puede agregar un producto inactivo.;getStatusCode=FIELD_CUSTOM_VALIDATION_EXCEPTION;])
EC;0090;07;2026-06-05;365;465852;524188;error;(Database.Error[getFields=(Producto__c);getMessage=No puede agregar un producto inactivo.;getStatusCode=FIELD_CUSTOM_VALIDATION_EXCEPTION;])
EC;0090;07;2026-06-05;365;465852;524188;error;(Database.Error[getFields=(Producto__c);getMessage=No puede agregar un producto inactivo.;getStatusCode=FIELD_CUSTOM_VALIDATION_EXCEPTION;])
EC;0090;07;2026-06-05;365;465852;524188;error;(Database.Error[getFields=(Producto__c);getMessage=No puede agregar un producto inactivo.;getStatusCode=FIELD_CUSTOM_VALIDATION_EXCEPTION;])
EC;0090;07;2026-06-05;365;465852;524188;error;(Database.Error[getFields=(Producto__c);getMessage=No puede agregar un producto inactivo.;getStatusCode=FIELD_CUSTOM_VALIDATION_EXCEPTION;])
EC;0090;07;2026-06-05;365;465852;524188;error;(Database.Error[getFields=(Producto__c);getMessage=No puede agregar un producto inactivo.;getStatusCode=FIELD_CUSTOM_VALIDATION_EXCEPTION;])
EC;0090;07;2026-06-05;365;465852;524188;error;(Database.Error[getFields=(Producto__c);getMessage=No puede agregar un producto inactivo.;getStatusCode=FIELD_CUSTOM_VALIDATION_EXCEPTION;])
EC;0090;07;2026-06-05;365;465852;524188;error;(Database.Error[getFields=(Producto__c);getMessage=No puede agregar un producto inactivo.;getStatusCode=FIELD_CUSTOM_VALIDATION_EXCEPTION;])
EC;0090;07;2026-06-05;365;465852;524188;error;(Database.Error[getFields=(Producto__c);getMessage=No puede agregar un producto inactivo.;getStatusCode=FIELD_CUSTOM_VALIDATION_EXCEPTION;])
EC;0090;07;2026-06-05;365;465852;524188;error;(Database.Error[getFields=(Producto__c);getMessage=No puede agregar un producto inactivo.;getStatusCode=FIELD_CUSTOM_VALIDATION_EXCEPTION;])
EC;0090;07;2026-06-05;365;465852;524188;error;(Database.Error[getFields=(Producto__c);getMessage=No puede agregar un producto inactivo.;getStatusCode=FIELD_CUSTOM_VALIDATION_EXCEPTION;])
EC;0090;07;2026-06-05;365;465852;524188;error;(Database.Error[getFields=(Producto__c);getMessage=No puede agregar un producto inactivo.;getStatusCode=FIELD_CUSTOM_VALIDATION_EXCEPTION;])
EC;0090;07;2026-06-05;365;465852;524188;error;(Database.Error[getFields=(Producto__c);getMessage=No puede agregar un producto inactivo.;getStatusCode=FIELD_CUSTOM_VALIDATION_EXCEPTION;])
EC;0090;07;2026-06-05;365;465852;524188;error;(Database.Error[getFields=(Producto__c);getMessage=No puede agregar un producto inactivo.;getStatusCode=FIELD_CUSTOM_VALIDATION_EXCEPTION;])
EC;0090;07;2026-06-05;365;465852;524188;error;(Database.Error[getFields=(Producto__c);getMessage=No puede agregar un producto inactivo.;getStatusCode=FIELD_CUSTOM_VALIDATION_EXCEPTION;])
EC;0090;07;2026-06-05;365;465852;524188;error;(Database.Error[getFields=(Producto__c);getMessage=No puede agregar un producto inactivo.;getStatusCode=FIELD_CUSTOM_VALIDATION_EXCEPTION;])
EC;0090;07;2026-06-05;365;465852;524188;error;(Database.Error[getFields=(Producto__c);getMessage=No puede agregar un producto inactivo.;getStatusCode=FIELD_CUSTOM_VALIDATION_EXCEPTION;])
EC;0090;07;2026-06-05;365;465852;524188;error;(Database.Error[getFields=(Producto__c);getMessage=No puede agregar un producto inactivo.;getStatusCode=FIELD_CUSTOM_VALIDATION_EXCEPTION;])
EC;0090;07;2026-06-05;365;465852;524188;error;(Database.Error[getFields=(Producto__c);getMessage=No puede agregar un producto inactivo.;getStatusCode=FIELD_CUSTOM_VALIDATION_EXCEPTION;])
EC;0090;07;2026-06-05;365;465852;524188;error;(Database.Error[getFields=(Producto__c);getMessage=No puede agregar un producto inactivo.;getStatusCode=FIELD_CUSTOM_VALIDATION_EXCEPTION;])
EC;0090;07;2026-06-05;365;465852;524188;error;(Database.Error[getFields=(Producto__c);getMessage=No puede agregar un producto inactivo.;getStatusCode=FIELD_CUSTOM_VALIDATION_EXCEPTION;])
EC;0090;07;2026-06-05;365;465852;524188;error;(Database.Error[getFields=(Producto__c);getMessage=No puede agregar un producto inactivo.;getStatusCode=FIELD_CUSTOM_VALIDATION_EXCEPTION;])
EC;0090;07;2026-06-05;365;465852;524188;error;(Database.Error[getFields=(Producto__c);getMessage=No puede agregar un producto inactivo.;getStatusCode=FIELD_CUSTOM_VALIDATION_EXCEPTION;])
EC;0090;07;2026-06-05;365;465852;524188;error;(Database.Error[getFields=(Producto__c);getMessage=No puede agregar un producto inactivo.;getStatusCode=FIELD_CUSTOM_VALIDATION_EXCEPTION;])
EC;0090;07;2026-06-05;365;465852;524188;error;(Database.Error[getFields=(Producto__c);getMessage=No puede agregar un producto inactivo.;getStatusCode=FIELD_CUSTOM_VALIDATION_EXCEPTION;])
EC;0090;07;2026-06-05;365;465852;524188;error;(Database.Error[getFields=(Producto__c);getMessage=No puede agregar un producto inactivo.;getStatusCode=FIELD_CUSTOM_VALIDATION_EXCEPTION;])
EC;0090;07;2026-06-05;365;465852;524188;error;(Database.Error[getFields=(Producto__c);getMessage=No puede agregar un producto inactivo.;getStatusCode=FIELD_CUSTOM_VALIDATION_EXCEPTION;])
EC;0090;07;2026-06-05;365;465852;524188;error;(Database.Error[getFields=(Producto__c);getMessage=No puede agregar un producto inactivo.;getStatusCode=FIELD_CUSTOM_VALIDATION_EXCEPTION;])
EC;0090;07;2026-06-05;365;465852;524188;error;(Database.Error[getFields=(Producto__c);getMessage=No puede agregar un producto inactivo.;getStatusCode=FIELD_CUSTOM_VALIDATION_EXCEPTION;])
EC;0090;07;2026-06-05;365;465852;524188;error;(Database.Error[getFields=(Producto__c);getMessage=No puede agregar un producto inactivo.;getStatusCode=FIELD_CUSTOM_VALIDATION_EXCEPTION;])
EC;0090;07;2026-06-05;365;465852;524188;error;(Database.Error[getFields=(Producto__c);getMessage=No puede agregar un producto inactivo.;getStatusCode=FIELD_CUSTOM_VALIDATION_EXCEPTION;])
EC;0090;07;2026-06-05;365;465852;524188;error;(Database.Error[getFields=(Producto__c);getMessage=No puede agregar un producto inactivo.;getStatusCode=FIELD_CUSTOM_VALIDATION_EXCEPTION;])
EC;0090;07;2026-06-05;365;465852;524188;error;(Database.Error[getFields=(Producto__c);getMessage=No puede agregar un producto inactivo.;getStatusCode=FIELD_CUSTOM_VALIDATION_EXCEPTION;])
EC;0090;07;2026-06-05;365;465852;524188;error;(Database.Error[getFields=(Producto__c);getMessage=No puede agregar un producto inactivo.;getStatusCode=FIELD_CUSTOM_VALIDATION_EXCEPTION;])
EC;0090;07;2026-06-05;365;465852;524188;error;(Database.Error[getFields=(Producto__c);getMessage=No puede agregar un producto inactivo.;getStatusCode=FIELD_CUSTOM_VALIDATION_EXCEPTION;])
EC;0090;07;2026-06-05;365;465852;524188;error;(Database.Error[getFields=(Producto__c);getMessage=No puede agregar un producto inactivo.;getStatusCode=FIELD_CUSTOM_VALIDATION_EXCEPTION;])
EC;0090;07;2026-06-05;365;465852;524188;error;(Database.Error[getFields=(Producto__c);getMessage=No puede agregar un producto inactivo.;getStatusCode=FIELD_CUSTOM_VALIDATION_EXCEPTION;])
EC;0090;07;2026-06-05;365;465852;524188;error;(Database.Error[getFields=(Producto__c);getMessage=No puede agregar un producto inactivo.;getStatusCode=FIELD_CUSTOM_VALIDATION_EXCEPTION;])
EC;0090;07;2026-06-05;365;465852;524188;error;(Database.Error[getFields=(Producto__c);getMessage=No puede agregar un producto inactivo.;getStatusCode=FIELD_CUSTOM_VALIDATION_EXCEPTION;])
EC;0090;07;2026-06-05;365;465852;524188;error;(Database.Error[getFields=(Producto__c);getMessage=No puede agregar un producto inactivo.;getStatusCode=FIELD_CUSTOM_VALIDATION_EXCEPTION;])
EC;0090;07;2026-06-05;365;465852;524188;error;(Database.Error[getFields=(Producto__c);getMessage=No puede agregar un producto inactivo.;getStatusCode=FIELD_CUSTOM_VALIDATION_EXCEPTION;])
EC;0090;07;2026-06-05;365;465852;524188;error;(Database.Error[getFields=(Producto__c);getMessage=No puede agregar un producto inactivo.;getStatusCode=FIELD_CUSTOM_VALIDATION_EXCEPTION;])
EC;0090;07;2026-06-05;365;465852;524188;error;(Database.Error[getFields=(Producto__c);getMessage=No puede agregar un producto inactivo.;getStatusCode=FIELD_CUSTOM_VALIDATION_EXCEPTION;])
EC;0090;07;2026-06-05;365;465852;524188;error;(Database.Error[getFields=(Producto__c);getMessage=No puede agregar un producto inactivo.;getStatusCode=FIELD_CUSTOM_VALIDATION_EXCEPTION;])
EC;0090;07;2026-06-05;365;465852;524188;error;(Database.Error[getFields=(Producto__c);getMessage=No puede agregar un producto inactivo.;getStatusCode=FIELD_CUSTOM_VALIDATION_EXCEPTION;])
EC;0090;07;2026-06-05;365;465852;524188;error;(Database.Error[getFields=(Producto__c);getMessage=No puede agregar un producto inactivo.;getStatusCode=FIELD_CUSTOM_VALIDATION_EXCEPTION;])
EC;0090;07;2026-06-05;359;474848;524188;error;(Database.Error[getFields=(Producto__c);getMessage=No puede agregar un producto inactivo.;getStatusCode=FIELD_CUSTOM_VALIDATION_EXCEPTION;])
EC;0090;07;2026-06-05;359;474848;524188;error;(Database.Error[getFields=(Producto__c);getMessage=No puede agregar un producto inactivo.;getStatusCode=FIELD_CUSTOM_VALIDATION_EXCEPTION;])
EC;0090;07;2026-06-05;359;474848;524188;error;(Database.Error[getFields=(Producto__c);getMessage=No puede agregar un producto inactivo.;getStatusCode=FIELD_CUSTOM_VALIDATION_EXCEPTION;])
EC;0090;07;2026-06-05;359;474848;524188;error;(Database.Error[getFields=(Producto__c);getMessage=No puede agregar un producto inactivo.;getStatusCode=FIELD_CUSTOM_VALIDATION_EXCEPTION;])
EC;0090;07;2026-06-05;359;474848;524188;error;(Database.Error[getFields=(Producto__c);getMessage=No puede agregar un producto inactivo.;getStatusCode=FIELD_CUSTOM_VALIDATION_EXCEPTION;])
EC;0090;07;2026-06-05;359;474848;524188;error;(Database.Error[getFields=(Producto__c);getMessage=No puede agregar un producto inactivo.;getStatusCode=FIELD_CUSTOM_VALIDATION_EXCEPTION;])
EC;0090;07;2026-06-05;359;474848;524188;error;(Database.Error[getFields=(Producto__c);getMessage=No puede agregar un producto inactivo.;getStatusCode=FIELD_CUSTOM_VALIDATION_EXCEPTION;])
EC;0090;07;2026-06-05;359;474848;524188;error;(Database.Error[getFields=(Producto__c);getMessage=No puede agregar un producto inactivo.;getStatusCode=FIELD_CUSTOM_VALIDATION_EXCEPTION;])
EC;0090;07;2026-06-05;359;474848;524188;error;(Database.Error[getFields=(Producto__c);getMessage=No puede agregar un producto inactivo.;getStatusCode=FIELD_CUSTOM_VALIDATION_EXCEPTION;])
EC;0090;07;2026-06-05;359;474848;524188;error;(Database.Error[getFields=(Producto__c);getMessage=No puede agregar un producto inactivo.;getStatusCode=FIELD_CUSTOM_VALIDATION_EXCEPTION;])
EC;0090;07;2026-06-05;359;474848;524188;error;(Database.Error[getFields=(Producto__c);getMessage=No puede agregar un producto inactivo.;getStatusCode=FIELD_CUSTOM_VALIDATION_EXCEPTION;])
EC;0090;07;2026-06-05;359;474848;524188;error;(Database.Error[getFields=(Producto__c);getMessage=No puede agregar un producto inactivo.;getStatusCode=FIELD_CUSTOM_VALIDATION_EXCEPTION;])
EC;0090;07;2026-06-05;359;474848;524188;error;(Database.Error[getFields=(Producto__c);getMessage=No puede agregar un producto inactivo.;getStatusCode=FIELD_CUSTOM_VALIDATION_EXCEPTION;])
EC;0090;07;2026-06-05;359;474848;524188;error;(Database.Error[getFields=(Producto__c);getMessage=No puede agregar un producto inactivo.;getStatusCode=FIELD_CUSTOM_VALIDATION_EXCEPTION;])
EC;0090;07;2026-06-05;359;474848;524188;error;(Database.Error[getFields=(Producto__c);getMessage=No puede agregar un producto inactivo.;getStatusCode=FIELD_CUSTOM_VALIDATION_EXCEPTION;])
EC;0090;07;2026-06-05;359;474848;524188;error;(Database.Error[getFields=(Producto__c);getMessage=No puede agregar un producto inactivo.;getStatusCode=FIELD_CUSTOM_VALIDATION_EXCEPTION;])
EC;0090;07;2026-06-05;359;474848;524188;error;(Database.Error[getFields=(Producto__c);getMessage=No puede agregar un producto inactivo.;getStatusCode=FIELD_CUSTOM_VALIDATION_EXCEPTION;])
EC;0090;07;2026-06-05;359;474848;524188;error;(Database.Error[getFields=(Producto__c);getMessage=No puede agregar un producto inactivo.;getStatusCode=FIELD_CUSTOM_VALIDATION_EXCEPTION;])
EC;0090;07;2026-06-05;359;474848;524188;error;(Database.Error[getFields=(Producto__c);getMessage=No puede agregar un producto inactivo.;getStatusCode=FIELD_CUSTOM_VALIDATION_EXCEPTION;])
EC;0090;07;2026-06-05;359;474848;524188;error;(Database.Error[getFields=(Producto__c);getMessage=No puede agregar un producto inactivo.;getStatusCode=FIELD_CUSTOM_VALIDATION_EXCEPTION;])
EC;0090;07;2026-06-05;359;474848;524188;error;(Database.Error[getFields=(Producto__c);getMessage=No puede agregar un producto inactivo.;getStatusCode=FIELD_CUSTOM_VALIDATION_EXCEPTION;])
EC;0090;07;2026-06-05;359;474848;524188;error;(Database.Error[getFields=(Producto__c);getMessage=No puede agregar un producto inactivo.;getStatusCode=FIELD_CUSTOM_VALIDATION_EXCEPTION;])
EC;0090;07;2026-06-05;359;474848;524188;error;(Database.Error[getFields=(Producto__c);getMessage=No puede agregar un producto inactivo.;getStatusCode=FIELD_CUSTOM_VALIDATION_EXCEPTION;])
EC;0090;07;2026-06-05;359;474848;524188;error;(Database.Error[getFields=(Producto__c);getMessage=No puede agregar un producto inactivo.;getStatusCode=FIELD_CUSTOM_VALIDATION_EXCEPTION;])
EC;0090;07;2026-06-05;359;474848;524188;error;(Database.Error[getFields=(Producto__c);getMessage=No puede agregar un producto inactivo.;getStatusCode=FIELD_CUSTOM_VALIDATION_EXCEPTION;])
EC;0090;07;2026-06-05;359;474848;524188;error;(Database.Error[getFields=(Producto__c);getMessage=No puede agregar un producto inactivo.;getStatusCode=FIELD_CUSTOM_VALIDATION_EXCEPTION;])
EC;0090;07;2026-06-05;359;474848;524188;error;(Database.Error[getFields=(Producto__c);getMessage=No puede agregar un producto inactivo.;getStatusCode=FIELD_CUSTOM_VALIDATION_EXCEPTION;])
EC;0090;07;2026-06-05;359;474848;524188;error;(Database.Error[getFields=(Producto__c);getMessage=No puede agregar un producto inactivo.;getStatusCode=FIELD_CUSTOM_VALIDATION_EXCEPTION;])
EC;0090;07;2026-06-05;359;474848;524188;error;(Database.Error[getFields=(Producto__c);getMessage=No puede agregar un producto inactivo.;getStatusCode=FIELD_CUSTOM_VALIDATION_EXCEPTION;])
EC;0090;07;2026-06-05;359;474848;524188;error;(Database.Error[getFields=(Producto__c);getMessage=No puede agregar un producto inactivo.;getStatusCode=FIELD_CUSTOM_VALIDATION_EXCEPTION;])
EC;0090;07;2026-06-05;359;474848;524188;error;(Database.Error[getFields=(Producto__c);getMessage=No puede agregar un producto inactivo.;getStatusCode=FIELD_CUSTOM_VALIDATION_EXCEPTION;])
EC;0090;07;2026-06-05;359;474848;524188;error;(Database.Error[getFields=(Producto__c);getMessage=No puede agregar un producto inactivo.;getStatusCode=FIELD_CUSTOM_VALIDATION_EXCEPTION;])
EC;0090;07;2026-06-05;359;474848;524188;error;(Database.Error[getFields=(Producto__c);getMessage=No puede agregar un producto inactivo.;getStatusCode=FIELD_CUSTOM_VALIDATION_EXCEPTION;])
EC;0090;07;2026-06-05;359;474848;524188;error;(Database.Error[getFields=(Producto__c);getMessage=No puede agregar un producto inactivo.;getStatusCode=FIELD_CUSTOM_VALIDATION_EXCEPTION;])
EC;0090;07;2026-06-05;359;474848;524188;error;(Database.Error[getFields=(Producto__c);getMessage=No puede agregar un producto inactivo.;getStatusCode=FIELD_CUSTOM_VALIDATION_EXCEPTION;])
EC;0090;07;2026-06-05;359;474848;524188;error;(Database.Error[getFields=(Producto__c);getMessage=No puede agregar un producto inactivo.;getStatusCode=FIELD_CUSTOM_VALIDATION_EXCEPTION;])
EC;0090;07;2026-06-05;359;474848;524188;error;(Database.Error[getFields=(Producto__c);getMessage=No puede agregar un producto inactivo.;getStatusCode=FIELD_CUSTOM_VALIDATION_EXCEPTION;])
EC;0090;07;2026-06-05;359;474848;524188;error;(Database.Error[getFields=(Producto__c);getMessage=No puede agregar un producto inactivo.;getStatusCode=FIELD_CUSTOM_VALIDATION_EXCEPTION;])
EC;0090;07;2026-06-05;359;474848;524188;error;(Database.Error[getFields=(Producto__c);getMessage=No puede agregar un producto inactivo.;getStatusCode=FIELD_CUSTOM_VALIDATION_EXCEPTION;])
EC;0090;07;2026-06-05;359;474848;524188;error;(Database.Error[getFields=(Producto__c);getMessage=No puede agregar un producto inactivo.;getStatusCode=FIELD_CUSTOM_VALIDATION_EXCEPTION;])
EC;0090;07;2026-06-05;359;474848;524188;error;(Database.Error[getFields=(Producto__c);getMessage=No puede agregar un producto inactivo.;getStatusCode=FIELD_CUSTOM_VALIDATION_EXCEPTION;])
EC;0090;07;2026-06-05;359;474848;524188;error;(Database.Error[getFields=(Producto__c);getMessage=No puede agregar un producto inactivo.;getStatusCode=FIELD_CUSTOM_VALIDATION_EXCEPTION;])
EC;0090;07;2026-06-05;359;474848;524188;error;(Database.Error[getFields=(Producto__c);getMessage=No puede agregar un producto inactivo.;getStatusCode=FIELD_CUSTOM_VALIDATION_EXCEPTION;])
EC;0090;07;2026-06-05;359;474848;524188;error;(Database.Error[getFields=(Producto__c);getMessage=No puede agregar un producto inactivo.;getStatusCode=FIELD_CUSTOM_VALIDATION_EXCEPTION;])
EC;0090;07;2026-06-05;359;474848;524188;error;(Database.Error[getFields=(Producto__c);getMessage=No puede agregar un producto inactivo.;getStatusCode=FIELD_CUSTOM_VALIDATION_EXCEPTION;])
EC;0090;07;2026-06-05;359;474848;524188;error;(Database.Error[getFields=(Producto__c);getMessage=No puede agregar un producto inactivo.;getStatusCode=FIELD_CUSTOM_VALIDATION_EXCEPTION;])
EC;0090;07;2026-06-05;359;474848;524188;error;(Database.Error[getFields=(Producto__c);getMessage=No puede agregar un producto inactivo.;getStatusCode=FIELD_CUSTOM_VALIDATION_EXCEPTION;])
EC;0090;07;2026-06-05;359;474848;524188;error;(Database.Error[getFields=(Producto__c);getMessage=No puede agregar un producto inactivo.;getStatusCode=FIELD_CUSTOM_VALIDATION_EXCEPTION;])
EC;0090;07;2026-06-05;359;474848;524188;error;(Database.Error[getFields=(Producto__c);getMessage=No puede agregar un producto inactivo.;getStatusCode=FIELD_CUSTOM_VALIDATION_EXCEPTION;])
EC;0090;07;2026-06-05;359;474848;524188;error;(Database.Error[getFields=(Producto__c);getMessage=No puede agregar un producto inactivo.;getStatusCode=FIELD_CUSTOM_VALIDATION_EXCEPTION;])
EC;0090;07;2026-06-05;359;474848;524188;error;(Database.Error[getFields=(Producto__c);getMessage=No puede agregar un producto inactivo.;getStatusCode=FIELD_CUSTOM_VALIDATION_EXCEPTION;])
EC;0090;07;2026-06-05;359;474848;524188;error;(Database.Error[getFields=(Producto__c);getMessage=No puede agregar un producto inactivo.;getStatusCode=FIELD_CUSTOM_VALIDATION_EXCEPTION;])
EC;0090;07;2026-06-05;359;474848;524188;error;(Database.Error[getFields=(Producto__c);getMessage=No puede agregar un producto inactivo.;getStatusCode=FIELD_CUSTOM_VALIDATION_EXCEPTION;])
EC;0090;07;2026-06-05;359;474848;524188;error;(Database.Error[getFields=(Producto__c);getMessage=No puede agregar un producto inactivo.;getStatusCode=FIELD_CUSTOM_VALIDATION_EXCEPTION;])
EC;0090;07;2026-06-05;359;474848;524188;error;(Database.Error[getFields=(Producto__c);getMessage=No puede agregar un producto inactivo.;getStatusCode=FIELD_CUSTOM_VALIDATION_EXCEPTION;])
EC;0090;07;2026-06-05;359;474848;524188;error;(Database.Error[getFields=(Producto__c);getMessage=No puede agregar un producto inactivo.;getStatusCode=FIELD_CUSTOM_VALIDATION_EXCEPTION;])
EC;0090;07;2026-06-05;359;474848;524188;error;(Database.Error[getFields=(Producto__c);getMessage=No puede agregar un producto inactivo.;getStatusCode=FIELD_CUSTOM_VALIDATION_EXCEPTION;])
EC;0090;07;2026-06-05;359;474848;524188;error;(Database.Error[getFields=(Producto__c);getMessage=No puede agregar un producto inactivo.;getStatusCode=FIELD_CUSTOM_VALIDATION_EXCEPTION;])
EC;0090;07;2026-06-05;359;474848;524188;error;(Database.Error[getFields=(Producto__c);getMessage=No puede agregar un producto inactivo.;getStatusCode=FIELD_CUSTOM_VALIDATION_EXCEPTION;])
EC;0090;07;2026-06-05;359;474848;524188;error;(Database.Error[getFields=(Producto__c);getMessage=No puede agregar un producto inactivo.;getStatusCode=FIELD_CUSTOM_VALIDATION_EXCEPTION;])
EC;0090;07;2026-06-05;359;474848;524188;error;(Database.Error[getFields=(Producto__c);getMessage=No puede agregar un producto inactivo.;getStatusCode=FIELD_CUSTOM_VALIDATION_EXCEPTION;])
EC;0090;07;2026-06-05;359;474848;524188;error;(Database.Error[getFields=(Producto__c);getMessage=No puede agregar un producto inactivo.;getStatusCode=FIELD_CUSTOM_VALIDATION_EXCEPTION;])
EC;0090;07;2026-06-05;359;474848;524188;error;(Database.Error[getFields=(Producto__c);getMessage=No puede agregar un producto inactivo.;getStatusCode=FIELD_CUSTOM_VALIDATION_EXCEPTION;])
EC;0090;07;2026-06-05;359;474848;524188;error;(Database.Error[getFields=(Producto__c);getMessage=No puede agregar un producto inactivo.;getStatusCode=FIELD_CUSTOM_VALIDATION_EXCEPTION;])
EC;0090;07;2026-06-05;359;474848;524188;error;(Database.Error[getFields=(Producto__c);getMessage=No puede agregar un producto inactivo.;getStatusCode=FIELD_CUSTOM_VALIDATION_EXCEPTION;])
EC;0090;07;2026-06-05;359;474848;524188;error;(Database.Error[getFields=(Producto__c);getMessage=No puede agregar un producto inactivo.;getStatusCode=FIELD_CUSTOM_VALIDATION_EXCEPTION;])
EC;0090;07;2026-06-05;359;474848;524188;error;(Database.Error[getFields=(Producto__c);getMessage=No puede agregar un producto inactivo.;getStatusCode=FIELD_CUSTOM_VALIDATION_EXCEPTION;])
EC;0090;07;2026-06-05;359;474848;524188;error;(Database.Error[getFields=(Producto__c);getMessage=No puede agregar un producto inactivo.;getStatusCode=FIELD_CUSTOM_VALIDATION_EXCEPTION;])
EC;0090;07;2026-06-05;359;474848;524188;error;(Database.Error[getFields=(Producto__c);getMessage=No puede agregar un producto inactivo.;getStatusCode=FIELD_CUSTOM_VALIDATION_EXCEPTION;])
EC;0090;07;2026-06-05;359;474848;524188;error;(Database.Error[getFields=(Producto__c);getMessage=No puede agregar un producto inactivo.;getStatusCode=FIELD_CUSTOM_VALIDATION_EXCEPTION;])
EC;0090;07;2026-06-05;359;474848;524188;error;(Database.Error[getFields=(Producto__c);getMessage=No puede agregar un producto inactivo.;getStatusCode=FIELD_CUSTOM_VALIDATION_EXCEPTION;])
EC;0090;07;2026-06-05;359;474848;524188;error;(Database.Error[getFields=(Producto__c);getMessage=No puede agregar un producto inactivo.;getStatusCode=FIELD_CUSTOM_VALIDATION_EXCEPTION;])
EC;0090;07;2026-06-05;359;474848;524188;error;(Database.Error[getFields=(Producto__c);getMessage=No puede agregar un producto inactivo.;getStatusCode=FIELD_CUSTOM_VALIDATION_EXCEPTION;])
EC;0090;07;2026-06-05;359;474848;524188;error;(Database.Error[getFields=(Producto__c);getMessage=No puede agregar un producto inactivo.;getStatusCode=FIELD_CUSTOM_VALIDATION_EXCEPTION;])
EC;0090;07;2026-06-05;359;474848;524188;error;(Database.Error[getFields=(Producto__c);getMessage=No puede agregar un producto inactivo.;getStatusCode=FIELD_CUSTOM_VALIDATION_EXCEPTION;])
EC;0090;07;2026-06-05;359;474848;524188;error;(Database.Error[getFields=(Producto__c);getMessage=No puede agregar un producto inactivo.;getStatusCode=FIELD_CUSTOM_VALIDATION_EXCEPTION;])
EC;0090;07;2026-06-05;359;474848;524188;error;(Database.Error[getFields=(Producto__c);getMessage=No puede agregar un producto inactivo.;getStatusCode=FIELD_CUSTOM_VALIDATION_EXCEPTION;])
EC;0090;07;2026-06-05;359;474848;524188;error;(Database.Error[getFields=(Producto__c);getMessage=No puede agregar un producto inactivo.;getStatusCode=FIELD_CUSTOM_VALIDATION_EXCEPTION;])
EC;0090;07;2026-06-05;359;474848;524188;error;(Database.Error[getFields=(Producto__c);getMessage=No puede agregar un producto inactivo.;getStatusCode=FIELD_CUSTOM_VALIDATION_EXCEPTION;])
EC;0090;07;2026-06-05;359;474848;524188;error;(Database.Error[getFields=(Producto__c);getMessage=No puede agregar un producto inactivo.;getStatusCode=FIELD_CUSTOM_VALIDATION_EXCEPTION;])
EC;0090;07;2026-06-05;359;474848;524188;error;(Database.Error[getFields=(Producto__c);getMessage=No puede agregar un producto inactivo.;getStatusCode=FIELD_CUSTOM_VALIDATION_EXCEPTION;])
EC;0090;07;2026-06-05;359;474848;524188;error;(Database.Error[getFields=(Producto__c);getMessage=No puede agregar un producto inactivo.;getStatusCode=FIELD_CUSTOM_VALIDATION_EXCEPTION;])
EC;0090;07;2026-06-05;359;474848;524188;error;(Database.Error[getFields=(Producto__c);getMessage=No puede agregar un producto inactivo.;getStatusCode=FIELD_CUSTOM_VALIDATION_EXCEPTION;])
EC;0090;07;2026-06-05;359;474848;524188;error;(Database.Error[getFields=(Producto__c);getMessage=No puede agregar un producto inactivo.;getStatusCode=FIELD_CUSTOM_VALIDATION_EXCEPTION;])
EC;0090;07;2026-06-05;359;474848;524188;error;(Database.Error[getFields=(Producto__c);getMessage=No puede agregar un producto inactivo.;getStatusCode=FIELD_CUSTOM_VALIDATION_EXCEPTION;])
EC;0090;07;2026-06-05;359;474848;524188;error;(Database.Error[getFields=(Producto__c);getMessage=No puede agregar un producto inactivo.;getStatusCode=FIELD_CUSTOM_VALIDATION_EXCEPTION;])
EC;0090;07;2026-06-05;359;474848;524188;error;(Database.Error[getFields=(Producto__c);getMessage=No puede agregar un producto inactivo.;getStatusCode=FIELD_CUSTOM_VALIDATION_EXCEPTION;])
EC;0090;07;2026-06-05;359;474848;524188;error;(Database.Error[getFields=(Producto__c);getMessage=No puede agregar un producto inactivo.;getStatusCode=FIELD_CUSTOM_VALIDATION_EXCEPTION;])
EC;0090;07;2026-06-05;359;474848;524188;error;(Database.Error[getFields=(Producto__c);getMessage=No puede agregar un producto inactivo.;getStatusCode=FIELD_CUSTOM_VALIDATION_EXCEPTION;])
EC;0090;07;2026-06-05;359;474848;524188;error;(Database.Error[getFields=(Producto__c);getMessage=No puede agregar un producto inactivo.;getStatusCode=FIELD_CUSTOM_VALIDATION_EXCEPTION;])
EC;0090;07;2026-06-05;359;474848;524188;error;(Database.Error[getFields=(Producto__c);getMessage=No puede agregar un producto inactivo.;getStatusCode=FIELD_CUSTOM_VALIDATION_EXCEPTION;])
EC;0090;07;2026-06-05;359;474848;524188;error;(Database.Error[getFields=(Producto__c);getMessage=No puede agregar un producto inactivo.;getStatusCode=FIELD_CUSTOM_VALIDATION_EXCEPTION;])
EC;0090;07;2026-06-05;359;474848;524188;error;(Database.Error[getFields=(Producto__c);getMessage=No puede agregar un producto inactivo.;getStatusCode=FIELD_CUSTOM_VALIDATION_EXCEPTION;])
EC;0090;07;2026-06-05;359;474848;524188;error;(Database.Error[getFields=(Producto__c);getMessage=No puede agregar un producto inactivo.;getStatusCode=FIELD_CUSTOM_VALIDATION_EXCEPTION;])
EC;0090;07;2026-06-05;359;474848;524188;error;(Database.Error[getFields=(Producto__c);getMessage=No puede agregar un producto inactivo.;getStatusCode=FIELD_CUSTOM_VALIDATION_EXCEPTION;])
EC;0090;07;2026-06-05;359;474848;524188;error;(Database.Error[getFields=(Producto__c);getMessage=No puede agregar un producto inactivo.;getStatusCode=FIELD_CUSTOM_VALIDATION_EXCEPTION;])
EC;0090;07;2026-06-05;359;474848;524188;error;(Database.Error[getFields=(Producto__c);getMessage=No puede agregar un producto inactivo.;getStatusCode=FIELD_CUSTOM_VALIDATION_EXCEPTION;])
EC;0090;07;2026-06-05;359;474848;524188;error;(Database.Error[getFields=(Producto__c);getMessage=No puede agregar un producto inactivo.;getStatusCode=FIELD_CUSTOM_VALIDATION_EXCEPTION;])
EC;0090;07;2026-06-05;369;481854;524188;error;(Database.Error[getFields=(Producto__c);getMessage=No puede agregar un producto inactivo.;getStatusCode=FIELD_CUSTOM_VALIDATION_EXCEPTION;])
EC;0090;07;2026-06-05;369;481854;524188;error;(Database.Error[getFields=(Producto__c);getMessage=No puede agregar un producto inactivo.;getStatusCode=FIELD_CUSTOM_VALIDATION_EXCEPTION;])
EC;0090;07;2026-06-05;369;481854;524188;error;(Database.Error[getFields=(Producto__c);getMessage=No puede agregar un producto inactivo.;getStatusCode=FIELD_CUSTOM_VALIDATION_EXCEPTION;])
EC;0090;07;2026-06-05;369;481854;524188;error;(Database.Error[getFields=(Producto__c);getMessage=No puede agregar un producto inactivo.;getStatusCode=FIELD_CUSTOM_VALIDATION_EXCEPTION;])
EC;0090;07;2026-06-05;369;481854;524188;error;(Database.Error[getFields=(Producto__c);getMessage=No puede agregar un producto inactivo.;getStatusCode=FIELD_CUSTOM_VALIDATION_EXCEPTION;])
EC;0090;07;2026-06-05;369;481854;524188;error;(Database.Error[getFields=(Producto__c);getMessage=No puede agregar un producto inactivo.;getStatusCode=FIELD_CUSTOM_VALIDATION_EXCEPTION;])
EC;0090;07;2026-06-05;369;481854;524188;error;(Database.Error[getFields=(Producto__c);getMessage=No puede agregar un producto inactivo.;getStatusCode=FIELD_CUSTOM_VALIDATION_EXCEPTION;])
EC;0090;07;2026-06-05;369;481854;524188;error;(Database.Error[getFields=(Producto__c);getMessage=No puede agregar un producto inactivo.;getStatusCode=FIELD_CUSTOM_VALIDATION_EXCEPTION;])
EC;0090;07;2026-06-05;369;481854;524188;error;(Database.Error[getFields=(Producto__c);getMessage=No puede agregar un producto inactivo.;getStatusCode=FIELD_CUSTOM_VALIDATION_EXCEPTION;])
EC;0090;07;2026-06-05;369;481854;524188;error;(Database.Error[getFields=(Producto__c);getMessage=No puede agregar un producto inactivo.;getStatusCode=FIELD_CUSTOM_VALIDATION_EXCEPTION;])
EC;0090;07;2026-06-05;369;481854;524188;error;(Database.Error[getFields=(Producto__c);getMessage=No puede agregar un producto inactivo.;getStatusCode=FIELD_CUSTOM_VALIDATION_EXCEPTION;])
EC;0090;07;2026-06-05;369;481854;524188;error;(Database.Error[getFields=(Producto__c);getMessage=No puede agregar un producto inactivo.;getStatusCode=FIELD_CUSTOM_VALIDATION_EXCEPTION;])
EC;0090;07;2026-06-05;369;481854;524188;error;(Database.Error[getFields=(Producto__c);getMessage=No puede agregar un producto inactivo.;getStatusCode=FIELD_CUSTOM_VALIDATION_EXCEPTION;])
EC;0090;07;2026-06-05;369;481854;524188;error;(Database.Error[getFields=(Producto__c);getMessage=No puede agregar un producto inactivo.;getStatusCode=FIELD_CUSTOM_VALIDATION_EXCEPTION;])
EC;0090;07;2026-06-05;369;481854;524188;error;(Database.Error[getFields=(Producto__c);getMessage=No puede agregar un producto inactivo.;getStatusCode=FIELD_CUSTOM_VALIDATION_EXCEPTION;])
EC;0090;07;2026-06-05;369;481854;524188;error;(Database.Error[getFields=(Producto__c);getMessage=No puede agregar un producto inactivo.;getStatusCode=FIELD_CUSTOM_VALIDATION_EXCEPTION;])
EC;0090;07;2026-06-05;369;481854;524188;error;(Database.Error[getFields=(Producto__c);getMessage=No puede agregar un producto inactivo.;getStatusCode=FIELD_CUSTOM_VALIDATION_EXCEPTION;])
EC;0090;07;2026-06-05;369;481854;524188;error;(Database.Error[getFields=(Producto__c);getMessage=No puede agregar un producto inactivo.;getStatusCode=FIELD_CUSTOM_VALIDATION_EXCEPTION;])
EC;0090;07;2026-06-05;369;481854;524188;error;(Database.Error[getFields=(Producto__c);getMessage=No puede agregar un producto inactivo.;getStatusCode=FIELD_CUSTOM_VALIDATION_EXCEPTION;])
EC;0090;07;2026-06-05;369;481854;524188;error;(Database.Error[getFields=(Producto__c);getMessage=No puede agregar un producto inactivo.;getStatusCode=FIELD_CUSTOM_VALIDATION_EXCEPTION;])
EC;0090;07;2026-06-05;369;481854;524188;error;(Database.Error[getFields=(Producto__c);getMessage=No puede agregar un producto inactivo.;getStatusCode=FIELD_CUSTOM_VALIDATION_EXCEPTION;])
EC;0090;07;2026-06-05;369;481854;524188;error;(Database.Error[getFields=(Producto__c);getMessage=No puede agregar un producto inactivo.;getStatusCode=FIELD_CUSTOM_VALIDATION_EXCEPTION;])
EC;0090;07;2026-06-05;369;481854;524188;error;(Database.Error[getFields=(Producto__c);getMessage=No puede agregar un producto inactivo.;getStatusCode=FIELD_CUSTOM_VALIDATION_EXCEPTION;])
EC;0090;07;2026-06-05;369;481854;524188;error;(Database.Error[getFields=(Producto__c);getMessage=No puede agregar un producto inactivo.;getStatusCode=FIELD_CUSTOM_VALIDATION_EXCEPTION;])
EC;0090;07;2026-06-05;369;481854;524188;error;(Database.Error[getFields=(Producto__c);getMessage=No puede agregar un producto inactivo.;getStatusCode=FIELD_CUSTOM_VALIDATION_EXCEPTION;])
EC;0090;07;2026-06-05;369;481854;524188;error;(Database.Error[getFields=(Producto__c);getMessage=No puede agregar un producto inactivo.;getStatusCode=FIELD_CUSTOM_VALIDATION_EXCEPTION;])
EC;0090;07;2026-06-05;369;481854;524188;error;(Database.Error[getFields=(Producto__c);getMessage=No puede agregar un producto inactivo.;getStatusCode=FIELD_CUSTOM_VALIDATION_EXCEPTION;])
EC;0090;07;2026-06-05;369;481854;524188;error;(Database.Error[getFields=(Producto__c);getMessage=No puede agregar un producto inactivo.;getStatusCode=FIELD_CUSTOM_VALIDATION_EXCEPTION;])
EC;0090;07;2026-06-05;369;481854;524188;error;(Database.Error[getFields=(Producto__c);getMessage=No puede agregar un producto inactivo.;getStatusCode=FIELD_CUSTOM_VALIDATION_EXCEPTION;])
EC;0090;07;2026-06-05;369;481854;524188;error;(Database.Error[getFields=(Producto__c);getMessage=No puede agregar un producto inactivo.;getStatusCode=FIELD_CUSTOM_VALIDATION_EXCEPTION;])
EC;0090;07;2026-06-05;369;481854;524188;error;(Database.Error[getFields=(Producto__c);getMessage=No puede agregar un producto inactivo.;getStatusCode=FIELD_CUSTOM_VALIDATION_EXCEPTION;])
EC;0090;07;2026-06-05;369;481854;524188;error;(Database.Error[getFields=(Producto__c);getMessage=No puede agregar un producto inactivo.;getStatusCode=FIELD_CUSTOM_VALIDATION_EXCEPTION;])
EC;0090;07;2026-06-05;369;481854;524188;error;(Database.Error[getFields=(Producto__c);getMessage=No puede agregar un producto inactivo.;getStatusCode=FIELD_CUSTOM_VALIDATION_EXCEPTION;])
EC;0090;07;2026-06-05;369;481854;524188;error;(Database.Error[getFields=(Producto__c);getMessage=No puede agregar un producto inactivo.;getStatusCode=FIELD_CUSTOM_VALIDATION_EXCEPTION;])
EC;0090;07;2026-06-05;369;481854;524188;error;(Database.Error[getFields=(Producto__c);getMessage=No puede agregar un producto inactivo.;getStatusCode=FIELD_CUSTOM_VALIDATION_EXCEPTION;])
EC;0090;07;2026-06-05;369;481854;524188;error;(Database.Error[getFields=(Producto__c);getMessage=No puede agregar un producto inactivo.;getStatusCode=FIELD_CUSTOM_VALIDATION_EXCEPTION;])
EC;0090;07;2026-06-05;369;481854;524188;error;(Database.Error[getFields=(Producto__c);getMessage=No puede agregar un producto inactivo.;getStatusCode=FIELD_CUSTOM_VALIDATION_EXCEPTION;])
EC;0090;07;2026-06-05;369;481854;524188;error;(Database.Error[getFields=(Producto__c);getMessage=No puede agregar un producto inactivo.;getStatusCode=FIELD_CUSTOM_VALIDATION_EXCEPTION;])
EC;0090;07;2026-06-05;369;481854;524188;error;(Database.Error[getFields=(Producto__c);getMessage=No puede agregar un producto inactivo.;getStatusCode=FIELD_CUSTOM_VALIDATION_EXCEPTION;])
EC;0090;07;2026-06-05;369;481854;524188;error;(Database.Error[getFields=(Producto__c);getMessage=No puede agregar un producto inactivo.;getStatusCode=FIELD_CUSTOM_VALIDATION_EXCEPTION;])
EC;0090;07;2026-06-05;369;481854;524188;error;(Database.Error[getFields=(Producto__c);getMessage=No puede agregar un producto inactivo.;getStatusCode=FIELD_CUSTOM_VALIDATION_EXCEPTION;])
EC;0090;07;2026-06-05;369;481854;524188;error;(Database.Error[getFields=(Producto__c);getMessage=No puede agregar un producto inactivo.;getStatusCode=FIELD_CUSTOM_VALIDATION_EXCEPTION;])
EC;0090;07;2026-06-05;369;481854;524188;error;(Database.Error[getFields=(Producto__c);getMessage=No puede agregar un producto inactivo.;getStatusCode=FIELD_CUSTOM_VALIDATION_EXCEPTION;])
EC;0090;07;2026-06-05;369;481854;524188;error;(Database.Error[getFields=(Producto__c);getMessage=No puede agregar un producto inactivo.;getStatusCode=FIELD_CUSTOM_VALIDATION_EXCEPTION;])
EC;0090;07;2026-06-05;369;481854;524188;error;(Database.Error[getFields=(Producto__c);getMessage=No puede agregar un producto inactivo.;getStatusCode=FIELD_CUSTOM_VALIDATION_EXCEPTION;])
EC;0090;07;2026-06-05;369;481854;524188;error;(Database.Error[getFields=(Producto__c);getMessage=No puede agregar un producto inactivo.;getStatusCode=FIELD_CUSTOM_VALIDATION_EXCEPTION;])
EC;0090;07;2026-06-05;369;481854;524188;error;(Database.Error[getFields=(Producto__c);getMessage=No puede agregar un producto inactivo.;getStatusCode=FIELD_CUSTOM_VALIDATION_EXCEPTION;])
EC;0090;07;2026-06-05;369;481854;524188;error;(Database.Error[getFields=(Producto__c);getMessage=No puede agregar un producto inactivo.;getStatusCode=FIELD_CUSTOM_VALIDATION_EXCEPTION;])
EC;0090;07;2026-06-05;369;481854;524188;error;(Database.Error[getFields=(Producto__c);getMessage=No puede agregar un producto inactivo.;getStatusCode=FIELD_CUSTOM_VALIDATION_EXCEPTION;])
EC;0090;07;2026-06-05;369;481854;524188;error;(Database.Error[getFields=(Producto__c);getMessage=No puede agregar un producto inactivo.;getStatusCode=FIELD_CUSTOM_VALIDATION_EXCEPTION;])
EC;0090;07;2026-06-05;369;481854;524188;error;(Database.Error[getFields=(Producto__c);getMessage=No puede agregar un producto inactivo.;getStatusCode=FIELD_CUSTOM_VALIDATION_EXCEPTION;])
EC;0090;07;2026-06-05;369;481854;524188;error;(Database.Error[getFields=(Producto__c);getMessage=No puede agregar un producto inactivo.;getStatusCode=FIELD_CUSTOM_VALIDATION_EXCEPTION;])
EC;0090;07;2026-06-05;369;481854;524188;error;(Database.Error[getFields=(Producto__c);getMessage=No puede agregar un producto inactivo.;getStatusCode=FIELD_CUSTOM_VALIDATION_EXCEPTION;])
EC;0090;07;2026-06-05;369;481854;524188;error;(Database.Error[getFields=(Producto__c);getMessage=No puede agregar un producto inactivo.;getStatusCode=FIELD_CUSTOM_VALIDATION_EXCEPTION;])
EC;0090;07;2026-06-05;369;481854;524188;error;(Database.Error[getFields=(Producto__c);getMessage=No puede agregar un producto inactivo.;getStatusCode=FIELD_CUSTOM_VALIDATION_EXCEPTION;])
EC;0090;07;2026-06-05;369;481854;524188;error;(Database.Error[getFields=(Producto__c);getMessage=No puede agregar un producto inactivo.;getStatusCode=FIELD_CUSTOM_VALIDATION_EXCEPTION;])
EC;0090;07;2026-06-05;369;481854;524188;error;(Database.Error[getFields=(Producto__c);getMessage=No puede agregar un producto inactivo.;getStatusCode=FIELD_CUSTOM_VALIDATION_EXCEPTION;])
EC;0090;07;2026-06-05;369;481854;524188;error;(Database.Error[getFields=(Producto__c);getMessage=No puede agregar un producto inactivo.;getStatusCode=FIELD_CUSTOM_VALIDATION_EXCEPTION;])
EC;0090;07;2026-06-05;369;481854;524188;error;(Database.Error[getFields=(Producto__c);getMessage=No puede agregar un producto inactivo.;getStatusCode=FIELD_CUSTOM_VALIDATION_EXCEPTION;])
EC;0090;07;2026-06-05;369;481854;524188;error;(Database.Error[getFields=(Producto__c);getMessage=No puede agregar un producto inactivo.;getStatusCode=FIELD_CUSTOM_VALIDATION_EXCEPTION;])
EC;0090;07;2026-06-05;369;481854;524188;error;(Database.Error[getFields=(Producto__c);getMessage=No puede agregar un producto inactivo.;getStatusCode=FIELD_CUSTOM_VALIDATION_EXCEPTION;])
EC;0090;07;2026-06-05;369;481854;524188;error;(Database.Error[getFields=(Producto__c);getMessage=No puede agregar un producto inactivo.;getStatusCode=FIELD_CUSTOM_VALIDATION_EXCEPTION;])
EC;0090;07;2026-06-05;369;481854;524188;error;(Database.Error[getFields=(Producto__c);getMessage=No puede agregar un producto inactivo.;getStatusCode=FIELD_CUSTOM_VALIDATION_EXCEPTION;])
EC;0090;07;2026-06-05;369;481854;524188;error;(Database.Error[getFields=(Producto__c);getMessage=No puede agregar un producto inactivo.;getStatusCode=FIELD_CUSTOM_VALIDATION_EXCEPTION;])
EC;0090;07;2026-06-05;369;481854;524188;error;(Database.Error[getFields=(Producto__c);getMessage=No puede agregar un producto inactivo.;getStatusCode=FIELD_CUSTOM_VALIDATION_EXCEPTION;])
EC;0090;07;2026-06-05;369;481854;524188;error;(Database.Error[getFields=(Producto__c);getMessage=No puede agregar un producto inactivo.;getStatusCode=FIELD_CUSTOM_VALIDATION_EXCEPTION;])
EC;0090;07;2026-06-05;369;481854;524188;error;(Database.Error[getFields=(Producto__c);getMessage=No puede agregar un producto inactivo.;getStatusCode=FIELD_CUSTOM_VALIDATION_EXCEPTION;])
EC;0090;07;2026-06-05;369;481854;524188;error;(Database.Error[getFields=(Producto__c);getMessage=No puede agregar un producto inactivo.;getStatusCode=FIELD_CUSTOM_VALIDATION_EXCEPTION;])
EC;0090;07;2026-06-05;369;481854;524188;error;(Database.Error[getFields=(Producto__c);getMessage=No puede agregar un producto inactivo.;getStatusCode=FIELD_CUSTOM_VALIDATION_EXCEPTION;])
EC;0090;07;2026-06-05;369;481854;524188;error;(Database.Error[getFields=(Producto__c);getMessage=No puede agregar un producto inactivo.;getStatusCode=FIELD_CUSTOM_VALIDATION_EXCEPTION;])
EC;0090;07;2026-06-05;369;481854;524188;error;(Database.Error[getFields=(Producto__c);getMessage=No puede agregar un producto inactivo.;getStatusCode=FIELD_CUSTOM_VALIDATION_EXCEPTION;])
EC;0090;07;2026-06-05;369;481854;524188;error;(Database.Error[getFields=(Producto__c);getMessage=No puede agregar un producto inactivo.;getStatusCode=FIELD_CUSTOM_VALIDATION_EXCEPTION;])
EC;0090;07;2026-06-05;369;481854;524188;error;(Database.Error[getFields=(Producto__c);getMessage=No puede agregar un producto inactivo.;getStatusCode=FIELD_CUSTOM_VALIDATION_EXCEPTION;])
EC;0090;07;2026-06-05;369;481854;524188;error;(Database.Error[getFields=(Producto__c);getMessage=No puede agregar un producto inactivo.;getStatusCode=FIELD_CUSTOM_VALIDATION_EXCEPTION;])
EC;0090;07;2026-06-05;369;481854;524188;error;(Database.Error[getFields=(Producto__c);getMessage=No puede agregar un producto inactivo.;getStatusCode=FIELD_CUSTOM_VALIDATION_EXCEPTION;])
EC;0090;07;2026-06-05;369;481854;524188;error;(Database.Error[getFields=(Producto__c);getMessage=No puede agregar un producto inactivo.;getStatusCode=FIELD_CUSTOM_VALIDATION_EXCEPTION;])
EC;0090;07;2026-06-05;369;481854;524188;error;(Database.Error[getFields=(Producto__c);getMessage=No puede agregar un producto inactivo.;getStatusCode=FIELD_CUSTOM_VALIDATION_EXCEPTION;])
EC;0090;07;2026-06-05;369;481854;524188;error;(Database.Error[getFields=(Producto__c);getMessage=No puede agregar un producto inactivo.;getStatusCode=FIELD_CUSTOM_VALIDATION_EXCEPTION;])
EC;0090;07;2026-06-05;369;481854;524188;error;(Database.Error[getFields=(Producto__c);getMessage=No puede agregar un producto inactivo.;getStatusCode=FIELD_CUSTOM_VALIDATION_EXCEPTION;])
EC;0090;07;2026-06-05;369;481854;524188;error;(Database.Error[getFields=(Producto__c);getMessage=No puede agregar un producto inactivo.;getStatusCode=FIELD_CUSTOM_VALIDATION_EXCEPTION;])
EC;0090;07;2026-06-05;369;481854;524188;error;(Database.Error[getFields=(Producto__c);getMessage=No puede agregar un producto inactivo.;getStatusCode=FIELD_CUSTOM_VALIDATION_EXCEPTION;])
EC;0090;07;2026-06-05;369;481854;524188;error;(Database.Error[getFields=(Producto__c);getMessage=No puede agregar un producto inactivo.;getStatusCode=FIELD_CUSTOM_VALIDATION_EXCEPTION;])
EC;0090;07;2026-06-05;369;481854;524188;error;(Database.Error[getFields=(Producto__c);getMessage=No puede agregar un producto inactivo.;getStatusCode=FIELD_CUSTOM_VALIDATION_EXCEPTION;])
EC;0090;07;2026-06-05;369;481854;524188;error;(Database.Error[getFields=(Producto__c);getMessage=No puede agregar un producto inactivo.;getStatusCode=FIELD_CUSTOM_VALIDATION_EXCEPTION;])
EC;0090;07;2026-06-05;369;481854;524188;error;(Database.Error[getFields=(Producto__c);getMessage=No puede agregar un producto inactivo.;getStatusCode=FIELD_CUSTOM_VALIDATION_EXCEPTION;])
EC;0090;07;2026-06-05;369;481854;524188;error;(Database.Error[getFields=(Producto__c);getMessage=No puede agregar un producto inactivo.;getStatusCode=FIELD_CUSTOM_VALIDATION_EXCEPTION;])
EC;0090;07;2026-06-05;369;481854;524188;error;(Database.Error[getFields=(Producto__c);getMessage=No puede agregar un producto inactivo.;getStatusCode=FIELD_CUSTOM_VALIDATION_EXCEPTION;])
EC;0090;07;2026-06-05;369;481854;524188;error;(Database.Error[getFields=(Producto__c);getMessage=No puede agregar un producto inactivo.;getStatusCode=FIELD_CUSTOM_VALIDATION_EXCEPTION;])
EC;0090;07;2026-06-05;369;481854;524188;error;(Database.Error[getFields=(Producto__c);getMessage=No puede agregar un producto inactivo.;getStatusCode=FIELD_CUSTOM_VALIDATION_EXCEPTION;])
EC;0090;07;2026-06-05;369;481854;524188;error;(Database.Error[getFields=(Producto__c);getMessage=No puede agregar un producto inactivo.;getStatusCode=FIELD_CUSTOM_VALIDATION_EXCEPTION;])
EC;0090;07;2026-06-05;369;481854;524188;error;(Database.Error[getFields=(Producto__c);getMessage=No puede agregar un producto inactivo.;getStatusCode=FIELD_CUSTOM_VALIDATION_EXCEPTION;])
EC;0090;07;2026-06-05;369;481854;524188;error;(Database.Error[getFields=(Producto__c);getMessage=No puede agregar un producto inactivo.;getStatusCode=FIELD_CUSTOM_VALIDATION_EXCEPTION;])
EC;0090;07;2026-06-05;369;481854;524188;error;(Database.Error[getFields=(Producto__c);getMessage=No puede agregar un producto inactivo.;getStatusCode=FIELD_CUSTOM_VALIDATION_EXCEPTION;])
EC;0090;07;2026-06-05;369;481854;524188;error;(Database.Error[getFields=(Producto__c);getMessage=No puede agregar un producto inactivo.;getStatusCode=FIELD_CUSTOM_VALIDATION_EXCEPTION;])
EC;0090;07;2026-06-05;369;481854;524188;error;(Database.Error[getFields=(Producto__c);getMessage=No puede agregar un producto inactivo.;getStatusCode=FIELD_CUSTOM_VALIDATION_EXCEPTION;])
EC;0090;07;2026-06-05;369;481854;524188;error;(Database.Error[getFields=(Producto__c);getMessage=No puede agregar un producto inactivo.;getStatusCode=FIELD_CUSTOM_VALIDATION_EXCEPTION;])
EC;0090;07;2026-06-05;369;481854;524188;error;(Database.Error[getFields=(Producto__c);getMessage=No puede agregar un producto inactivo.;getStatusCode=FIELD_CUSTOM_VALIDATION_EXCEPTION;])
EC;0090;07;2026-06-05;369;481854;524188;error;(Database.Error[getFields=(Producto__c);getMessage=No puede agregar un producto inactivo.;getStatusCode=FIELD_CUSTOM_VALIDATION_EXCEPTION;])
EC;0090;07;2026-06-05;369;481854;524188;error;(Database.Error[getFields=(Producto__c);getMessage=No puede agregar un producto inactivo.;getStatusCode=FIELD_CUSTOM_VALIDATION_EXCEPTION;])
EC;0090;07;2026-06-05;369;485493;524188;error;(Database.Error[getFields=(Producto__c);getMessage=No puede agregar un producto inactivo.;getStatusCode=FIELD_CUSTOM_VALIDATION_EXCEPTION;])
EC;0090;07;2026-06-05;369;485493;524188;error;(Database.Error[getFields=(Producto__c);getMessage=No puede agregar un producto inactivo.;getStatusCode=FIELD_CUSTOM_VALIDATION_EXCEPTION;])
EC;0090;07;2026-06-05;369;485493;524188;error;(Database.Error[getFields=(Producto__c);getMessage=No puede agregar un producto inactivo.;getStatusCode=FIELD_CUSTOM_VALIDATION_EXCEPTION;])
EC;0090;07;2026-06-05;369;485493;524188;error;(Database.Error[getFields=(Producto__c);getMessage=No puede agregar un producto inactivo.;getStatusCode=FIELD_CUSTOM_VALIDATION_EXCEPTION;])
EC;0090;07;2026-06-05;369;485493;524188;error;(Database.Error[getFields=(Producto__c);getMessage=No puede agregar un producto inactivo.;getStatusCode=FIELD_CUSTOM_VALIDATION_EXCEPTION;])
EC;0090;07;2026-06-05;369;485493;524188;error;(Database.Error[getFields=(Producto__c);getMessage=No puede agregar un producto inactivo.;getStatusCode=FIELD_CUSTOM_VALIDATION_EXCEPTION;])
EC;0090;07;2026-06-05;369;485493;524188;error;(Database.Error[getFields=(Producto__c);getMessage=No puede agregar un producto inactivo.;getStatusCode=FIELD_CUSTOM_VALIDATION_EXCEPTION;])
EC;0090;07;2026-06-05;369;485493;524188;error;(Database.Error[getFields=(Producto__c);getMessage=No puede agregar un producto inactivo.;getStatusCode=FIELD_CUSTOM_VALIDATION_EXCEPTION;])
EC;0090;07;2026-06-05;369;485493;524188;error;(Database.Error[getFields=(Producto__c);getMessage=No puede agregar un producto inactivo.;getStatusCode=FIELD_CUSTOM_VALIDATION_EXCEPTION;])
EC;0090;07;2026-06-05;369;485493;524188;error;(Database.Error[getFields=(Producto__c);getMessage=No puede agregar un producto inactivo.;getStatusCode=FIELD_CUSTOM_VALIDATION_EXCEPTION;])
EC;0090;07;2026-06-05;369;485493;524188;error;(Database.Error[getFields=(Producto__c);getMessage=No puede agregar un producto inactivo.;getStatusCode=FIELD_CUSTOM_VALIDATION_EXCEPTION;])
EC;0090;07;2026-06-05;369;485493;524188;error;(Database.Error[getFields=(Producto__c);getMessage=No puede agregar un producto inactivo.;getStatusCode=FIELD_CUSTOM_VALIDATION_EXCEPTION;])
EC;0090;07;2026-06-05;369;485493;524188;error;(Database.Error[getFields=(Producto__c);getMessage=No puede agregar un producto inactivo.;getStatusCode=FIELD_CUSTOM_VALIDATION_EXCEPTION;])
EC;0090;07;2026-06-05;369;485493;524188;error;(Database.Error[getFields=(Producto__c);getMessage=No puede agregar un producto inactivo.;getStatusCode=FIELD_CUSTOM_VALIDATION_EXCEPTION;])
EC;0090;07;2026-06-05;369;485493;524188;error;(Database.Error[getFields=(Producto__c);getMessage=No puede agregar un producto inactivo.;getStatusCode=FIELD_CUSTOM_VALIDATION_EXCEPTION;])
EC;0090;07;2026-06-05;369;485493;524188;error;(Database.Error[getFields=(Producto__c);getMessage=No puede agregar un producto inactivo.;getStatusCode=FIELD_CUSTOM_VALIDATION_EXCEPTION;])
EC;0090;07;2026-06-05;369;485493;524188;error;(Database.Error[getFields=(Producto__c);getMessage=No puede agregar un producto inactivo.;getStatusCode=FIELD_CUSTOM_VALIDATION_EXCEPTION;])
EC;0090;07;2026-06-05;369;485493;524188;error;(Database.Error[getFields=(Producto__c);getMessage=No puede agregar un producto inactivo.;getStatusCode=FIELD_CUSTOM_VALIDATION_EXCEPTION;])
EC;0090;07;2026-06-05;369;485493;524188;error;(Database.Error[getFields=(Producto__c);getMessage=No puede agregar un producto inactivo.;getStatusCode=FIELD_CUSTOM_VALIDATION_EXCEPTION;])
EC;0090;07;2026-06-05;369;485493;524188;error;(Database.Error[getFields=(Producto__c);getMessage=No puede agregar un producto inactivo.;getStatusCode=FIELD_CUSTOM_VALIDATION_EXCEPTION;])
EC;0090;07;2026-06-05;369;485493;524188;error;(Database.Error[getFields=(Producto__c);getMessage=No puede agregar un producto inactivo.;getStatusCode=FIELD_CUSTOM_VALIDATION_EXCEPTION;])
EC;0090;07;2026-06-05;369;485493;524188;error;(Database.Error[getFields=(Producto__c);getMessage=No puede agregar un producto inactivo.;getStatusCode=FIELD_CUSTOM_VALIDATION_EXCEPTION;])
EC;0090;07;2026-06-05;369;485493;524188;error;(Database.Error[getFields=(Producto__c);getMessage=No puede agregar un producto inactivo.;getStatusCode=FIELD_CUSTOM_VALIDATION_EXCEPTION;])
EC;0090;07;2026-06-05;369;485493;524188;error;(Database.Error[getFields=(Producto__c);getMessage=No puede agregar un producto inactivo.;getStatusCode=FIELD_CUSTOM_VALIDATION_EXCEPTION;])
EC;0090;07;2026-06-05;369;485493;524188;error;(Database.Error[getFields=(Producto__c);getMessage=No puede agregar un producto inactivo.;getStatusCode=FIELD_CUSTOM_VALIDATION_EXCEPTION;])
EC;0090;07;2026-06-05;369;485493;524188;error;(Database.Error[getFields=(Producto__c);getMessage=No puede agregar un producto inactivo.;getStatusCode=FIELD_CUSTOM_VALIDATION_EXCEPTION;])
EC;0090;07;2026-06-05;369;485493;524188;error;(Database.Error[getFields=(Producto__c);getMessage=No puede agregar un producto inactivo.;getStatusCode=FIELD_CUSTOM_VALIDATION_EXCEPTION;])
EC;0090;07;2026-06-05;369;485493;524188;error;(Database.Error[getFields=(Producto__c);getMessage=No puede agregar un producto inactivo.;getStatusCode=FIELD_CUSTOM_VALIDATION_EXCEPTION;])
EC;0090;07;2026-06-05;369;485493;524188;error;(Database.Error[getFields=(Producto__c);getMessage=No puede agregar un producto inactivo.;getStatusCode=FIELD_CUSTOM_VALIDATION_EXCEPTION;])
EC;0090;07;2026-06-05;369;485493;524188;error;(Database.Error[getFields=(Producto__c);getMessage=No puede agregar un producto inactivo.;getStatusCode=FIELD_CUSTOM_VALIDATION_EXCEPTION;])
EC;0090;07;2026-06-05;369;485493;524188;error;(Database.Error[getFields=(Producto__c);getMessage=No puede agregar un producto inactivo.;getStatusCode=FIELD_CUSTOM_VALIDATION_EXCEPTION;])
EC;0090;07;2026-06-05;369;485493;524188;error;(Database.Error[getFields=(Producto__c);getMessage=No puede agregar un producto inactivo.;getStatusCode=FIELD_CUSTOM_VALIDATION_EXCEPTION;])
EC;0090;07;2026-06-05;369;485493;524188;error;(Database.Error[getFields=(Producto__c);getMessage=No puede agregar un producto inactivo.;getStatusCode=FIELD_CUSTOM_VALIDATION_EXCEPTION;])
EC;0090;07;2026-06-05;369;485493;524188;error;(Database.Error[getFields=(Producto__c);getMessage=No puede agregar un producto inactivo.;getStatusCode=FIELD_CUSTOM_VALIDATION_EXCEPTION;])
EC;0090;07;2026-06-05;369;485493;524188;error;(Database.Error[getFields=(Producto__c);getMessage=No puede agregar un producto inactivo.;getStatusCode=FIELD_CUSTOM_VALIDATION_EXCEPTION;])
EC;0090;07;2026-06-05;369;485493;524188;error;(Database.Error[getFields=(Producto__c);getMessage=No puede agregar un producto inactivo.;getStatusCode=FIELD_CUSTOM_VALIDATION_EXCEPTION;])
EC;0090;07;2026-06-05;369;485493;524188;error;(Database.Error[getFields=(Producto__c);getMessage=No puede agregar un producto inactivo.;getStatusCode=FIELD_CUSTOM_VALIDATION_EXCEPTION;])
EC;0090;07;2026-06-05;369;485493;524188;error;(Database.Error[getFields=(Producto__c);getMessage=No puede agregar un producto inactivo.;getStatusCode=FIELD_CUSTOM_VALIDATION_EXCEPTION;])
EC;0090;07;2026-06-05;369;485493;524188;error;(Database.Error[getFields=(Producto__c);getMessage=No puede agregar un producto inactivo.;getStatusCode=FIELD_CUSTOM_VALIDATION_EXCEPTION;])
EC;0090;07;2026-06-05;369;485493;524188;error;(Database.Error[getFields=(Producto__c);getMessage=No puede agregar un producto inactivo.;getStatusCode=FIELD_CUSTOM_VALIDATION_EXCEPTION;])
EC;0090;07;2026-06-05;369;485493;524188;error;(Database.Error[getFields=(Producto__c);getMessage=No puede agregar un producto inactivo.;getStatusCode=FIELD_CUSTOM_VALIDATION_EXCEPTION;])
EC;0090;07;2026-06-05;369;485493;524188;error;(Database.Error[getFields=(Producto__c);getMessage=No puede agregar un producto inactivo.;getStatusCode=FIELD_CUSTOM_VALIDATION_EXCEPTION;])
EC;0090;07;2026-06-05;369;485493;524188;error;(Database.Error[getFields=(Producto__c);getMessage=No puede agregar un producto inactivo.;getStatusCode=FIELD_CUSTOM_VALIDATION_EXCEPTION;])
EC;0090;07;2026-06-05;369;485493;524188;error;(Database.Error[getFields=(Producto__c);getMessage=No puede agregar un producto inactivo.;getStatusCode=FIELD_CUSTOM_VALIDATION_EXCEPTION;])
EC;0090;07;2026-06-05;369;485493;524188;error;(Database.Error[getFields=(Producto__c);getMessage=No puede agregar un producto inactivo.;getStatusCode=FIELD_CUSTOM_VALIDATION_EXCEPTION;])
EC;0090;07;2026-06-05;369;485493;524188;error;(Database.Error[getFields=(Producto__c);getMessage=No puede agregar un producto inactivo.;getStatusCode=FIELD_CUSTOM_VALIDATION_EXCEPTION;])
EC;0090;07;2026-06-05;369;485493;524188;error;(Database.Error[getFields=(Producto__c);getMessage=No puede agregar un producto inactivo.;getStatusCode=FIELD_CUSTOM_VALIDATION_EXCEPTION;])
EC;0090;07;2026-06-05;369;485493;524188;error;(Database.Error[getFields=(Producto__c);getMessage=No puede agregar un producto inactivo.;getStatusCode=FIELD_CUSTOM_VALIDATION_EXCEPTION;])
EC;0090;07;2026-06-05;369;485493;524188;error;(Database.Error[getFields=(Producto__c);getMessage=No puede agregar un producto inactivo.;getStatusCode=FIELD_CUSTOM_VALIDATION_EXCEPTION;])
EC;0090;07;2026-06-05;369;485493;524188;error;(Database.Error[getFields=(Producto__c);getMessage=No puede agregar un producto inactivo.;getStatusCode=FIELD_CUSTOM_VALIDATION_EXCEPTION;])
EC;0090;07;2026-06-05;369;485493;524188;error;(Database.Error[getFields=(Producto__c);getMessage=No puede agregar un producto inactivo.;getStatusCode=FIELD_CUSTOM_VALIDATION_EXCEPTION;])
EC;0090;07;2026-06-05;369;485493;524188;error;(Database.Error[getFields=(Producto__c);getMessage=No puede agregar un producto inactivo.;getStatusCode=FIELD_CUSTOM_VALIDATION_EXCEPTION;])
EC;0090;07;2026-06-05;369;485493;524188;error;(Database.Error[getFields=(Producto__c);getMessage=No puede agregar un producto inactivo.;getStatusCode=FIELD_CUSTOM_VALIDATION_EXCEPTION;])
EC;0090;07;2026-06-05;369;485493;524188;error;(Database.Error[getFields=(Producto__c);getMessage=No puede agregar un producto inactivo.;getStatusCode=FIELD_CUSTOM_VALIDATION_EXCEPTION;])
EC;0090;07;2026-06-05;369;485493;524188;error;(Database.Error[getFields=(Producto__c);getMessage=No puede agregar un producto inactivo.;getStatusCode=FIELD_CUSTOM_VALIDATION_EXCEPTION;])
EC;0090;07;2026-06-05;369;485493;524188;error;(Database.Error[getFields=(Producto__c);getMessage=No puede agregar un producto inactivo.;getStatusCode=FIELD_CUSTOM_VALIDATION_EXCEPTION;])
EC;0090;07;2026-06-05;369;485493;524188;error;(Database.Error[getFields=(Producto__c);getMessage=No puede agregar un producto inactivo.;getStatusCode=FIELD_CUSTOM_VALIDATION_EXCEPTION;])
EC;0090;07;2026-06-05;369;485493;524188;error;(Database.Error[getFields=(Producto__c);getMessage=No puede agregar un producto inactivo.;getStatusCode=FIELD_CUSTOM_VALIDATION_EXCEPTION;])
EC;0090;07;2026-06-05;369;485493;524188;error;(Database.Error[getFields=(Producto__c);getMessage=No puede agregar un producto inactivo.;getStatusCode=FIELD_CUSTOM_VALIDATION_EXCEPTION;])
EC;0090;07;2026-06-05;369;485493;524188;error;(Database.Error[getFields=(Producto__c);getMessage=No puede agregar un producto inactivo.;getStatusCode=FIELD_CUSTOM_VALIDATION_EXCEPTION;])
EC;0090;07;2026-06-05;369;485493;524188;error;(Database.Error[getFields=(Producto__c);getMessage=No puede agregar un producto inactivo.;getStatusCode=FIELD_CUSTOM_VALIDATION_EXCEPTION;])
EC;0090;07;2026-06-05;369;485493;524188;error;(Database.Error[getFields=(Producto__c);getMessage=No puede agregar un producto inactivo.;getStatusCode=FIELD_CUSTOM_VALIDATION_EXCEPTION;])
EC;0090;07;2026-06-05;369;485493;524188;error;(Database.Error[getFields=(Producto__c);getMessage=No puede agregar un producto inactivo.;getStatusCode=FIELD_CUSTOM_VALIDATION_EXCEPTION;])
EC;0090;07;2026-06-05;369;485493;524188;error;(Database.Error[getFields=(Producto__c);getMessage=No puede agregar un producto inactivo.;getStatusCode=FIELD_CUSTOM_VALIDATION_EXCEPTION;])
EC;0090;07;2026-06-05;369;485493;524188;error;(Database.Error[getFields=(Producto__c);getMessage=No puede agregar un producto inactivo.;getStatusCode=FIELD_CUSTOM_VALIDATION_EXCEPTION;])
EC;0090;07;2026-06-05;369;485493;524188;error;(Database.Error[getFields=(Producto__c);getMessage=No puede agregar un producto inactivo.;getStatusCode=FIELD_CUSTOM_VALIDATION_EXCEPTION;])
EC;0090;07;2026-06-05;369;485493;524188;error;(Database.Error[getFields=(Producto__c);getMessage=No puede agregar un producto inactivo.;getStatusCode=FIELD_CUSTOM_VALIDATION_EXCEPTION;])
EC;0090;07;2026-06-05;369;485493;524188;error;(Database.Error[getFields=(Producto__c);getMessage=No puede agregar un producto inactivo.;getStatusCode=FIELD_CUSTOM_VALIDATION_EXCEPTION;])
EC;0090;07;2026-06-05;369;485493;524188;error;(Database.Error[getFields=(Producto__c);getMessage=No puede agregar un producto inactivo.;getStatusCode=FIELD_CUSTOM_VALIDATION_EXCEPTION;])
EC;0090;07;2026-06-05;369;485493;524188;error;(Database.Error[getFields=(Producto__c);getMessage=No puede agregar un producto inactivo.;getStatusCode=FIELD_CUSTOM_VALIDATION_EXCEPTION;])
EC;0090;07;2026-06-05;369;485493;524188;error;(Database.Error[getFields=(Producto__c);getMessage=No puede agregar un producto inactivo.;getStatusCode=FIELD_CUSTOM_VALIDATION_EXCEPTION;])
EC;0090;07;2026-06-05;369;485493;524188;error;(Database.Error[getFields=(Producto__c);getMessage=No puede agregar un producto inactivo.;getStatusCode=FIELD_CUSTOM_VALIDATION_EXCEPTION;])
EC;0090;07;2026-06-05;369;485493;524188;error;(Database.Error[getFields=(Producto__c);getMessage=No puede agregar un producto inactivo.;getStatusCode=FIELD_CUSTOM_VALIDATION_EXCEPTION;])
EC;0090;07;2026-06-05;369;485493;524188;error;(Database.Error[getFields=(Producto__c);getMessage=No puede agregar un producto inactivo.;getStatusCode=FIELD_CUSTOM_VALIDATION_EXCEPTION;])
EC;0090;07;2026-06-05;369;485493;524188;error;(Database.Error[getFields=(Producto__c);getMessage=No puede agregar un producto inactivo.;getStatusCode=FIELD_CUSTOM_VALIDATION_EXCEPTION;])
EC;0090;07;2026-06-05;369;485493;524188;error;(Database.Error[getFields=(Producto__c);getMessage=No puede agregar un producto inactivo.;getStatusCode=FIELD_CUSTOM_VALIDATION_EXCEPTION;])
EC;0090;07;2026-06-05;369;485493;524188;error;(Database.Error[getFields=(Producto__c);getMessage=No puede agregar un producto inactivo.;getStatusCode=FIELD_CUSTOM_VALIDATION_EXCEPTION;])
EC;0090;07;2026-06-05;369;485493;524188;error;(Database.Error[getFields=(Producto__c);getMessage=No puede agregar un producto inactivo.;getStatusCode=FIELD_CUSTOM_VALIDATION_EXCEPTION;])
EC;0090;07;2026-06-05;369;485493;524188;error;(Database.Error[getFields=(Producto__c);getMessage=No puede agregar un producto inactivo.;getStatusCode=FIELD_CUSTOM_VALIDATION_EXCEPTION;])
EC;0090;07;2026-06-05;369;485493;524188;error;(Database.Error[getFields=(Producto__c);getMessage=No puede agregar un producto inactivo.;getStatusCode=FIELD_CUSTOM_VALIDATION_EXCEPTION;])
EC;0090;07;2026-06-05;369;485493;524188;error;(Database.Error[getFields=(Producto__c);getMessage=No puede agregar un producto inactivo.;getStatusCode=FIELD_CUSTOM_VALIDATION_EXCEPTION;])
EC;0090;07;2026-06-05;369;485493;524188;error;(Database.Error[getFields=(Producto__c);getMessage=No puede agregar un producto inactivo.;getStatusCode=FIELD_CUSTOM_VALIDATION_EXCEPTION;])
EC;0090;07;2026-06-05;369;485493;524188;error;(Database.Error[getFields=(Producto__c);getMessage=No puede agregar un producto inactivo.;getStatusCode=FIELD_CUSTOM_VALIDATION_EXCEPTION;])
EC;0090;07;2026-06-05;369;485493;524188;error;(Database.Error[getFields=(Producto__c);getMessage=No puede agregar un producto inactivo.;getStatusCode=FIELD_CUSTOM_VALIDATION_EXCEPTION;])
EC;0090;07;2026-06-05;369;485493;524188;error;(Database.Error[getFields=(Producto__c);getMessage=No puede agregar un producto inactivo.;getStatusCode=FIELD_CUSTOM_VALIDATION_EXCEPTION;])
EC;0090;07;2026-06-05;369;485493;524188;error;(Database.Error[getFields=(Producto__c);getMessage=No puede agregar un producto inactivo.;getStatusCode=FIELD_CUSTOM_VALIDATION_EXCEPTION;])
EC;0090;07;2026-06-05;369;485493;524188;error;(Database.Error[getFields=(Producto__c);getMessage=No puede agregar un producto inactivo.;getStatusCode=FIELD_CUSTOM_VALIDATION_EXCEPTION;])
EC;0090;07;2026-06-05;369;485493;524188;error;(Database.Error[getFields=(Producto__c);getMessage=No puede agregar un producto inactivo.;getStatusCode=FIELD_CUSTOM_VALIDATION_EXCEPTION;])
EC;0090;07;2026-06-05;369;485493;524188;error;(Database.Error[getFields=(Producto__c);getMessage=No puede agregar un producto inactivo.;getStatusCode=FIELD_CUSTOM_VALIDATION_EXCEPTION;])
EC;0090;07;2026-06-05;369;485493;524188;error;(Database.Error[getFields=(Producto__c);getMessage=No puede agregar un producto inactivo.;getStatusCode=FIELD_CUSTOM_VALIDATION_EXCEPTION;])
EC;0090;07;2026-06-05;369;485493;524188;error;(Database.Error[getFields=(Producto__c);getMessage=No puede agregar un producto inactivo.;getStatusCode=FIELD_CUSTOM_VALIDATION_EXCEPTION;])
EC;0090;07;2026-06-05;369;485493;524188;error;(Database.Error[getFields=(Producto__c);getMessage=No puede agregar un producto inactivo.;getStatusCode=FIELD_CUSTOM_VALIDATION_EXCEPTION;])
EC;0090;07;2026-06-05;369;485493;524188;error;(Database.Error[getFields=(Producto__c);getMessage=No puede agregar un producto inactivo.;getStatusCode=FIELD_CUSTOM_VALIDATION_EXCEPTION;])
EC;0090;07;2026-06-05;369;485493;524188;error;(Database.Error[getFields=(Producto__c);getMessage=No puede agregar un producto inactivo.;getStatusCode=FIELD_CUSTOM_VALIDATION_EXCEPTION;])
EC;0090;07;2026-06-05;369;485493;524188;error;(Database.Error[getFields=(Producto__c);getMessage=No puede agregar un producto inactivo.;getStatusCode=FIELD_CUSTOM_VALIDATION_EXCEPTION;])
EC;0090;07;2026-06-05;369;485493;524188;error;(Database.Error[getFields=(Producto__c);getMessage=No puede agregar un producto inactivo.;getStatusCode=FIELD_CUSTOM_VALIDATION_EXCEPTION;])
EC;0090;07;2026-06-05;369;485493;524188;error;(Database.Error[getFields=(Producto__c);getMessage=No puede agregar un producto inactivo.;getStatusCode=FIELD_CUSTOM_VALIDATION_EXCEPTION;])
EC;0090;07;2026-06-05;369;485493;524188;error;(Database.Error[getFields=(Producto__c);getMessage=No puede agregar un producto inactivo.;getStatusCode=FIELD_CUSTOM_VALIDATION_EXCEPTION;])
EC;0090;07;2026-06-05;369;485493;524188;error;(Database.Error[getFields=(Producto__c);getMessage=No puede agregar un producto inactivo.;getStatusCode=FIELD_CUSTOM_VALIDATION_EXCEPTION;])
EC;0090;07;2026-06-05;369;485493;524188;error;(Database.Error[getFields=(Producto__c);getMessage=No puede agregar un producto inactivo.;getStatusCode=FIELD_CUSTOM_VALIDATION_EXCEPTION;])
EC;0090;07;2026-06-05;359;83019;524188;error;(Database.Error[getFields=(Producto__c);getMessage=No puede agregar un producto inactivo.;getStatusCode=FIELD_CUSTOM_VALIDATION_EXCEPTION;])
EC;0090;07;2026-06-05;359;83019;524188;error;(Database.Error[getFields=(Producto__c);getMessage=No puede agregar un producto inactivo.;getStatusCode=FIELD_CUSTOM_VALIDATION_EXCEPTION;])
EC;0090;07;2026-06-05;359;83019;524188;error;(Database.Error[getFields=(Producto__c);getMessage=No puede agregar un producto inactivo.;getStatusCode=FIELD_CUSTOM_VALIDATION_EXCEPTION;])
EC;0090;07;2026-06-05;359;83019;524188;error;(Database.Error[getFields=(Producto__c);getMessage=No puede agregar un producto inactivo.;getStatusCode=FIELD_CUSTOM_VALIDATION_EXCEPTION;])
EC;0090;07;2026-06-05;359;83019;524188;error;(Database.Error[getFields=(Producto__c);getMessage=No puede agregar un producto inactivo.;getStatusCode=FIELD_CUSTOM_VALIDATION_EXCEPTION;])
EC;0090;07;2026-06-05;359;83019;524188;error;(Database.Error[getFields=(Producto__c);getMessage=No puede agregar un producto inactivo.;getStatusCode=FIELD_CUSTOM_VALIDATION_EXCEPTION;])
EC;0090;07;2026-06-05;359;83019;524188;error;(Database.Error[getFields=(Producto__c);getMessage=No puede agregar un producto inactivo.;getStatusCode=FIELD_CUSTOM_VALIDATION_EXCEPTION;])
EC;0090;07;2026-06-05;359;83019;524188;error;(Database.Error[getFields=(Producto__c);getMessage=No puede agregar un producto inactivo.;getStatusCode=FIELD_CUSTOM_VALIDATION_EXCEPTION;])
EC;0090;07;2026-06-05;359;83019;524188;error;(Database.Error[getFields=(Producto__c);getMessage=No puede agregar un producto inactivo.;getStatusCode=FIELD_CUSTOM_VALIDATION_EXCEPTION;])
EC;0090;07;2026-06-05;359;83019;524188;error;(Database.Error[getFields=(Producto__c);getMessage=No puede agregar un producto inactivo.;getStatusCode=FIELD_CUSTOM_VALIDATION_EXCEPTION;])
EC;0090;07;2026-06-05;359;83019;524188;error;(Database.Error[getFields=(Producto__c);getMessage=No puede agregar un producto inactivo.;getStatusCode=FIELD_CUSTOM_VALIDATION_EXCEPTION;])
EC;0090;07;2026-06-05;359;83019;524188;error;(Database.Error[getFields=(Producto__c);getMessage=No puede agregar un producto inactivo.;getStatusCode=FIELD_CUSTOM_VALIDATION_EXCEPTION;])
EC;0090;07;2026-06-05;359;83019;524188;error;(Database.Error[getFields=(Producto__c);getMessage=No puede agregar un producto inactivo.;getStatusCode=FIELD_CUSTOM_VALIDATION_EXCEPTION;])
EC;0090;07;2026-06-05;359;83019;524188;error;(Database.Error[getFields=(Producto__c);getMessage=No puede agregar un producto inactivo.;getStatusCode=FIELD_CUSTOM_VALIDATION_EXCEPTION;])
EC;0090;07;2026-06-05;359;83019;524188;error;(Database.Error[getFields=(Producto__c);getMessage=No puede agregar un producto inactivo.;getStatusCode=FIELD_CUSTOM_VALIDATION_EXCEPTION;])
EC;0090;07;2026-06-05;359;83019;524188;error;(Database.Error[getFields=(Producto__c);getMessage=No puede agregar un producto inactivo.;getStatusCode=FIELD_CUSTOM_VALIDATION_EXCEPTION;])
EC;0090;07;2026-06-05;359;83019;524188;error;(Database.Error[getFields=(Producto__c);getMessage=No puede agregar un producto inactivo.;getStatusCode=FIELD_CUSTOM_VALIDATION_EXCEPTION;])
EC;0090;07;2026-06-05;359;83019;524188;error;(Database.Error[getFields=(Producto__c);getMessage=No puede agregar un producto inactivo.;getStatusCode=FIELD_CUSTOM_VALIDATION_EXCEPTION;])
EC;0090;07;2026-06-05;359;83019;524188;error;(Database.Error[getFields=(Producto__c);getMessage=No puede agregar un producto inactivo.;getStatusCode=FIELD_CUSTOM_VALIDATION_EXCEPTION;])
EC;0090;07;2026-06-05;359;83019;524188;error;(Database.Error[getFields=(Producto__c);getMessage=No puede agregar un producto inactivo.;getStatusCode=FIELD_CUSTOM_VALIDATION_EXCEPTION;])
EC;0090;07;2026-06-05;359;83019;524188;error;(Database.Error[getFields=(Producto__c);getMessage=No puede agregar un producto inactivo.;getStatusCode=FIELD_CUSTOM_VALIDATION_EXCEPTION;])
EC;0090;07;2026-06-05;359;83019;524188;error;(Database.Error[getFields=(Producto__c);getMessage=No puede agregar un producto inactivo.;getStatusCode=FIELD_CUSTOM_VALIDATION_EXCEPTION;])
EC;0090;07;2026-06-05;359;83019;524188;error;(Database.Error[getFields=(Producto__c);getMessage=No puede agregar un producto inactivo.;getStatusCode=FIELD_CUSTOM_VALIDATION_EXCEPTION;])
EC;0090;07;2026-06-05;359;83019;524188;error;(Database.Error[getFields=(Producto__c);getMessage=No puede agregar un producto inactivo.;getStatusCode=FIELD_CUSTOM_VALIDATION_EXCEPTION;])
EC;0090;07;2026-06-05;359;83019;524188;error;(Database.Error[getFields=(Producto__c);getMessage=No puede agregar un producto inactivo.;getStatusCode=FIELD_CUSTOM_VALIDATION_EXCEPTION;])
EC;0090;07;2026-06-05;359;83019;524188;error;(Database.Error[getFields=(Producto__c);getMessage=No puede agregar un producto inactivo.;getStatusCode=FIELD_CUSTOM_VALIDATION_EXCEPTION;])
EC;0090;07;2026-06-05;359;83019;524188;error;(Database.Error[getFields=(Producto__c);getMessage=No puede agregar un producto inactivo.;getStatusCode=FIELD_CUSTOM_VALIDATION_EXCEPTION;])
EC;0090;07;2026-06-05;359;83019;524188;error;(Database.Error[getFields=(Producto__c);getMessage=No puede agregar un producto inactivo.;getStatusCode=FIELD_CUSTOM_VALIDATION_EXCEPTION;])
EC;0090;07;2026-06-05;359;83019;524188;error;(Database.Error[getFields=(Producto__c);getMessage=No puede agregar un producto inactivo.;getStatusCode=FIELD_CUSTOM_VALIDATION_EXCEPTION;])
EC;0090;07;2026-06-05;359;83019;524188;error;(Database.Error[getFields=(Producto__c);getMessage=No puede agregar un producto inactivo.;getStatusCode=FIELD_CUSTOM_VALIDATION_EXCEPTION;])
EC;0090;07;2026-06-05;359;83019;524188;error;(Database.Error[getFields=(Producto__c);getMessage=No puede agregar un producto inactivo.;getStatusCode=FIELD_CUSTOM_VALIDATION_EXCEPTION;])
EC;0090;07;2026-06-05;359;83019;524188;error;(Database.Error[getFields=(Producto__c);getMessage=No puede agregar un producto inactivo.;getStatusCode=FIELD_CUSTOM_VALIDATION_EXCEPTION;])
EC;0090;07;2026-06-05;359;83019;524188;error;(Database.Error[getFields=(Producto__c);getMessage=No puede agregar un producto inactivo.;getStatusCode=FIELD_CUSTOM_VALIDATION_EXCEPTION;])
EC;0090;07;2026-06-05;359;83019;524188;error;(Database.Error[getFields=(Producto__c);getMessage=No puede agregar un producto inactivo.;getStatusCode=FIELD_CUSTOM_VALIDATION_EXCEPTION;])
EC;0090;07;2026-06-05;359;83019;524188;error;(Database.Error[getFields=(Producto__c);getMessage=No puede agregar un producto inactivo.;getStatusCode=FIELD_CUSTOM_VALIDATION_EXCEPTION;])
EC;0090;07;2026-06-05;359;83019;524188;error;(Database.Error[getFields=(Producto__c);getMessage=No puede agregar un producto inactivo.;getStatusCode=FIELD_CUSTOM_VALIDATION_EXCEPTION;])
EC;0090;07;2026-06-05;359;83019;524188;error;(Database.Error[getFields=(Producto__c);getMessage=No puede agregar un producto inactivo.;getStatusCode=FIELD_CUSTOM_VALIDATION_EXCEPTION;])
EC;0090;07;2026-06-05;359;83019;524188;error;(Database.Error[getFields=(Producto__c);getMessage=No puede agregar un producto inactivo.;getStatusCode=FIELD_CUSTOM_VALIDATION_EXCEPTION;])
EC;0090;07;2026-06-05;359;83019;524188;error;(Database.Error[getFields=(Producto__c);getMessage=No puede agregar un producto inactivo.;getStatusCode=FIELD_CUSTOM_VALIDATION_EXCEPTION;])
EC;0090;07;2026-06-05;359;83019;524188;error;(Database.Error[getFields=(Producto__c);getMessage=No puede agregar un producto inactivo.;getStatusCode=FIELD_CUSTOM_VALIDATION_EXCEPTION;])
EC;0090;07;2026-06-05;359;83019;524188;error;(Database.Error[getFields=(Producto__c);getMessage=No puede agregar un producto inactivo.;getStatusCode=FIELD_CUSTOM_VALIDATION_EXCEPTION;])
EC;0090;07;2026-06-05;359;83019;524188;error;(Database.Error[getFields=(Producto__c);getMessage=No puede agregar un producto inactivo.;getStatusCode=FIELD_CUSTOM_VALIDATION_EXCEPTION;])
EC;0090;07;2026-06-05;359;83019;524188;error;(Database.Error[getFields=(Producto__c);getMessage=No puede agregar un producto inactivo.;getStatusCode=FIELD_CUSTOM_VALIDATION_EXCEPTION;])
EC;0090;07;2026-06-05;359;83019;524188;error;(Database.Error[getFields=(Producto__c);getMessage=No puede agregar un producto inactivo.;getStatusCode=FIELD_CUSTOM_VALIDATION_EXCEPTION;])
EC;0090;07;2026-06-05;359;83019;524188;error;(Database.Error[getFields=(Producto__c);getMessage=No puede agregar un producto inactivo.;getStatusCode=FIELD_CUSTOM_VALIDATION_EXCEPTION;])
EC;0090;07;2026-06-05;359;83019;524188;error;(Database.Error[getFields=(Producto__c);getMessage=No puede agregar un producto inactivo.;getStatusCode=FIELD_CUSTOM_VALIDATION_EXCEPTION;])
EC;0090;07;2026-06-05;359;83019;524188;error;(Database.Error[getFields=(Producto__c);getMessage=No puede agregar un producto inactivo.;getStatusCode=FIELD_CUSTOM_VALIDATION_EXCEPTION;])
EC;0090;07;2026-06-05;359;83019;524188;error;(Database.Error[getFields=(Producto__c);getMessage=No puede agregar un producto inactivo.;getStatusCode=FIELD_CUSTOM_VALIDATION_EXCEPTION;])
EC;0090;07;2026-06-05;359;83019;524188;error;(Database.Error[getFields=(Producto__c);getMessage=No puede agregar un producto inactivo.;getStatusCode=FIELD_CUSTOM_VALIDATION_EXCEPTION;])
EC;0090;07;2026-06-05;359;83019;524188;error;(Database.Error[getFields=(Producto__c);getMessage=No puede agregar un producto inactivo.;getStatusCode=FIELD_CUSTOM_VALIDATION_EXCEPTION;])
EC;0090;07;2026-06-05;359;83019;524188;error;(Database.Error[getFields=(Producto__c);getMessage=No puede agregar un producto inactivo.;getStatusCode=FIELD_CUSTOM_VALIDATION_EXCEPTION;])
EC;0090;07;2026-06-05;359;83019;524188;error;(Database.Error[getFields=(Producto__c);getMessage=No puede agregar un producto inactivo.;getStatusCode=FIELD_CUSTOM_VALIDATION_EXCEPTION;])
EC;0090;07;2026-06-05;359;83019;524188;error;(Database.Error[getFields=(Producto__c);getMessage=No puede agregar un producto inactivo.;getStatusCode=FIELD_CUSTOM_VALIDATION_EXCEPTION;])
EC;0090;07;2026-06-05;359;83019;524188;error;(Database.Error[getFields=(Producto__c);getMessage=No puede agregar un producto inactivo.;getStatusCode=FIELD_CUSTOM_VALIDATION_EXCEPTION;])
EC;0090;07;2026-06-05;359;83019;524188;error;(Database.Error[getFields=(Producto__c);getMessage=No puede agregar un producto inactivo.;getStatusCode=FIELD_CUSTOM_VALIDATION_EXCEPTION;])
EC;0090;07;2026-06-05;359;83019;524188;error;(Database.Error[getFields=(Producto__c);getMessage=No puede agregar un producto inactivo.;getStatusCode=FIELD_CUSTOM_VALIDATION_EXCEPTION;])
EC;0090;07;2026-06-05;359;83019;524188;error;(Database.Error[getFields=(Producto__c);getMessage=No puede agregar un producto inactivo.;getStatusCode=FIELD_CUSTOM_VALIDATION_EXCEPTION;])
EC;0090;07;2026-06-05;359;83019;524188;error;(Database.Error[getFields=(Producto__c);getMessage=No puede agregar un producto inactivo.;getStatusCode=FIELD_CUSTOM_VALIDATION_EXCEPTION;])
EC;0090;07;2026-06-05;359;83019;524188;error;(Database.Error[getFields=(Producto__c);getMessage=No puede agregar un producto inactivo.;getStatusCode=FIELD_CUSTOM_VALIDATION_EXCEPTION;])
EC;0090;07;2026-06-05;359;83019;524188;error;(Database.Error[getFields=(Producto__c);getMessage=No puede agregar un producto inactivo.;getStatusCode=FIELD_CUSTOM_VALIDATION_EXCEPTION;])
EC;0090;07;2026-06-05;359;83019;524188;error;(Database.Error[getFields=(Producto__c);getMessage=No puede agregar un producto inactivo.;getStatusCode=FIELD_CUSTOM_VALIDATION_EXCEPTION;])
EC;0090;07;2026-06-05;359;83019;524188;error;(Database.Error[getFields=(Producto__c);getMessage=No puede agregar un producto inactivo.;getStatusCode=FIELD_CUSTOM_VALIDATION_EXCEPTION;])
EC;0090;07;2026-06-05;359;83019;524188;error;(Database.Error[getFields=(Producto__c);getMessage=No puede agregar un producto inactivo.;getStatusCode=FIELD_CUSTOM_VALIDATION_EXCEPTION;])
EC;0090;07;2026-06-05;359;83019;524188;error;(Database.Error[getFields=(Producto__c);getMessage=No puede agregar un producto inactivo.;getStatusCode=FIELD_CUSTOM_VALIDATION_EXCEPTION;])
EC;0090;07;2026-06-05;359;83019;524188;error;(Database.Error[getFields=(Producto__c);getMessage=No puede agregar un producto inactivo.;getStatusCode=FIELD_CUSTOM_VALIDATION_EXCEPTION;])
EC;0090;07;2026-06-05;359;83019;524188;error;(Database.Error[getFields=(Producto__c);getMessage=No puede agregar un producto inactivo.;getStatusCode=FIELD_CUSTOM_VALIDATION_EXCEPTION;])
EC;0090;07;2026-06-05;359;83019;524188;error;(Database.Error[getFields=(Producto__c);getMessage=No puede agregar un producto inactivo.;getStatusCode=FIELD_CUSTOM_VALIDATION_EXCEPTION;])
EC;0090;07;2026-06-05;359;83019;524188;error;(Database.Error[getFields=(Producto__c);getMessage=No puede agregar un producto inactivo.;getStatusCode=FIELD_CUSTOM_VALIDATION_EXCEPTION;])
EC;0090;07;2026-06-05;359;83019;524188;error;(Database.Error[getFields=(Producto__c);getMessage=No puede agregar un producto inactivo.;getStatusCode=FIELD_CUSTOM_VALIDATION_EXCEPTION;])
EC;0090;07;2026-06-05;359;83019;524188;error;(Database.Error[getFields=(Producto__c);getMessage=No puede agregar un producto inactivo.;getStatusCode=FIELD_CUSTOM_VALIDATION_EXCEPTION;])
EC;0090;07;2026-06-05;359;83019;524188;error;(Database.Error[getFields=(Producto__c);getMessage=No puede agregar un producto inactivo.;getStatusCode=FIELD_CUSTOM_VALIDATION_EXCEPTION;])
EC;0090;07;2026-06-05;359;83019;524188;error;(Database.Error[getFields=(Producto__c);getMessage=No puede agregar un producto inactivo.;getStatusCode=FIELD_CUSTOM_VALIDATION_EXCEPTION;])
EC;0090;07;2026-06-05;359;83019;524188;error;(Database.Error[getFields=(Producto__c);getMessage=No puede agregar un producto inactivo.;getStatusCode=FIELD_CUSTOM_VALIDATION_EXCEPTION;])
EC;0090;07;2026-06-05;359;83019;524188;error;(Database.Error[getFields=(Producto__c);getMessage=No puede agregar un producto inactivo.;getStatusCode=FIELD_CUSTOM_VALIDATION_EXCEPTION;])
EC;0090;07;2026-06-05;359;83019;524188;error;(Database.Error[getFields=(Producto__c);getMessage=No puede agregar un producto inactivo.;getStatusCode=FIELD_CUSTOM_VALIDATION_EXCEPTION;])
EC;0090;07;2026-06-05;359;83019;524188;error;(Database.Error[getFields=(Producto__c);getMessage=No puede agregar un producto inactivo.;getStatusCode=FIELD_CUSTOM_VALIDATION_EXCEPTION;])
EC;0090;07;2026-06-05;359;83019;524188;error;(Database.Error[getFields=(Producto__c);getMessage=No puede agregar un producto inactivo.;getStatusCode=FIELD_CUSTOM_VALIDATION_EXCEPTION;])
EC;0090;07;2026-06-05;359;83019;524188;error;(Database.Error[getFields=(Producto__c);getMessage=No puede agregar un producto inactivo.;getStatusCode=FIELD_CUSTOM_VALIDATION_EXCEPTION;])
EC;0090;07;2026-06-05;359;83019;524188;error;(Database.Error[getFields=(Producto__c);getMessage=No puede agregar un producto inactivo.;getStatusCode=FIELD_CUSTOM_VALIDATION_EXCEPTION;])
EC;0090;07;2026-06-05;359;83019;524188;error;(Database.Error[getFields=(Producto__c);getMessage=No puede agregar un producto inactivo.;getStatusCode=FIELD_CUSTOM_VALIDATION_EXCEPTION;])
EC;0090;07;2026-06-05;359;83019;524188;error;(Database.Error[getFields=(Producto__c);getMessage=No puede agregar un producto inactivo.;getStatusCode=FIELD_CUSTOM_VALIDATION_EXCEPTION;])
EC;0090;07;2026-06-05;359;83019;524188;error;(Database.Error[getFields=(Producto__c);getMessage=No puede agregar un producto inactivo.;getStatusCode=FIELD_CUSTOM_VALIDATION_EXCEPTION;])
EC;0090;07;2026-06-05;359;83019;524188;error;(Database.Error[getFields=(Producto__c);getMessage=No puede agregar un producto inactivo.;getStatusCode=FIELD_CUSTOM_VALIDATION_EXCEPTION;])
EC;0090;07;2026-06-05;359;83019;524188;error;(Database.Error[getFields=(Producto__c);getMessage=No puede agregar un producto inactivo.;getStatusCode=FIELD_CUSTOM_VALIDATION_EXCEPTION;])
EC;0090;07;2026-06-05;359;83019;524188;error;(Database.Error[getFields=(Producto__c);getMessage=No puede agregar un producto inactivo.;getStatusCode=FIELD_CUSTOM_VALIDATION_EXCEPTION;])
EC;0090;07;2026-06-05;359;83019;524188;error;(Database.Error[getFields=(Producto__c);getMessage=No puede agregar un producto inactivo.;getStatusCode=FIELD_CUSTOM_VALIDATION_EXCEPTION;])
EC;0090;07;2026-06-05;359;83019;524188;error;(Database.Error[getFields=(Producto__c);getMessage=No puede agregar un producto inactivo.;getStatusCode=FIELD_CUSTOM_VALIDATION_EXCEPTION;])
EC;0090;07;2026-06-05;359;83019;524188;error;(Database.Error[getFields=(Producto__c);getMessage=No puede agregar un producto inactivo.;getStatusCode=FIELD_CUSTOM_VALIDATION_EXCEPTION;])
EC;0090;07;2026-06-05;359;83019;524188;error;(Database.Error[getFields=(Producto__c);getMessage=No puede agregar un producto inactivo.;getStatusCode=FIELD_CUSTOM_VALIDATION_EXCEPTION;])
EC;0090;07;2026-06-05;359;83019;524188;error;(Database.Error[getFields=(Producto__c);getMessage=No puede agregar un producto inactivo.;getStatusCode=FIELD_CUSTOM_VALIDATION_EXCEPTION;])
EC;0090;07;2026-06-05;359;83019;524188;error;(Database.Error[getFields=(Producto__c);getMessage=No puede agregar un producto inactivo.;getStatusCode=FIELD_CUSTOM_VALIDATION_EXCEPTION;])
EC;0090;07;2026-06-05;359;83019;524188;error;(Database.Error[getFields=(Producto__c);getMessage=No puede agregar un producto inactivo.;getStatusCode=FIELD_CUSTOM_VALIDATION_EXCEPTION;])
EC;0090;07;2026-06-05;359;83019;524188;error;(Database.Error[getFields=(Producto__c);getMessage=No puede agregar un producto inactivo.;getStatusCode=FIELD_CUSTOM_VALIDATION_EXCEPTION;])
EC;0090;07;2026-06-05;359;83019;524188;error;(Database.Error[getFields=(Producto__c);getMessage=No puede agregar un producto inactivo.;getStatusCode=FIELD_CUSTOM_VALIDATION_EXCEPTION;])
EC;0090;07;2026-06-05;359;83019;524188;error;(Database.Error[getFields=(Producto__c);getMessage=No puede agregar un producto inactivo.;getStatusCode=FIELD_CUSTOM_VALIDATION_EXCEPTION;])
EC;0090;07;2026-06-05;359;83019;524188;error;(Database.Error[getFields=(Producto__c);getMessage=No puede agregar un producto inactivo.;getStatusCode=FIELD_CUSTOM_VALIDATION_EXCEPTION;])
EC;0090;07;2026-06-05;359;83019;524188;error;(Database.Error[getFields=(Producto__c);getMessage=No puede agregar un producto inactivo.;getStatusCode=FIELD_CUSTOM_VALIDATION_EXCEPTION;])
EC;0090;07;2026-06-05;359;83019;524188;error;(Database.Error[getFields=(Producto__c);getMessage=No puede agregar un producto inactivo.;getStatusCode=FIELD_CUSTOM_VALIDATION_EXCEPTION;])
EC;0090;07;2026-06-05;359;83019;524188;error;(Database.Error[getFields=(Producto__c);getMessage=No puede agregar un producto inactivo.;getStatusCode=FIELD_CUSTOM_VALIDATION_EXCEPTION;])
EC;0090;07;2026-06-05;338;85669;524188;error;(Database.Error[getFields=(Producto__c);getMessage=No puede agregar un producto inactivo.;getStatusCode=FIELD_CUSTOM_VALIDATION_EXCEPTION;])
EC;0090;07;2026-06-05;338;85669;524188;error;(Database.Error[getFields=(Producto__c);getMessage=No puede agregar un producto inactivo.;getStatusCode=FIELD_CUSTOM_VALIDATION_EXCEPTION;])
EC;0090;07;2026-06-05;338;85669;524188;error;(Database.Error[getFields=(Producto__c);getMessage=No puede agregar un producto inactivo.;getStatusCode=FIELD_CUSTOM_VALIDATION_EXCEPTION;])
EC;0090;07;2026-06-05;338;85669;524188;error;(Database.Error[getFields=(Producto__c);getMessage=No puede agregar un producto inactivo.;getStatusCode=FIELD_CUSTOM_VALIDATION_EXCEPTION;])
EC;0090;07;2026-06-05;338;85669;524188;error;(Database.Error[getFields=(Producto__c);getMessage=No puede agregar un producto inactivo.;getStatusCode=FIELD_CUSTOM_VALIDATION_EXCEPTION;])
EC;0090;07;2026-06-05;338;85669;524188;error;(Database.Error[getFields=(Producto__c);getMessage=No puede agregar un producto inactivo.;getStatusCode=FIELD_CUSTOM_VALIDATION_EXCEPTION;])
EC;0090;07;2026-06-05;338;85669;524188;error;(Database.Error[getFields=(Producto__c);getMessage=No puede agregar un producto inactivo.;getStatusCode=FIELD_CUSTOM_VALIDATION_EXCEPTION;])
EC;0090;07;2026-06-05;338;85669;524188;error;(Database.Error[getFields=(Producto__c);getMessage=No puede agregar un producto inactivo.;getStatusCode=FIELD_CUSTOM_VALIDATION_EXCEPTION;])
EC;0090;07;2026-06-05;338;85669;524188;error;(Database.Error[getFields=(Producto__c);getMessage=No puede agregar un producto inactivo.;getStatusCode=FIELD_CUSTOM_VALIDATION_EXCEPTION;])
EC;0090;07;2026-06-05;338;85669;524188;error;(Database.Error[getFields=(Producto__c);getMessage=No puede agregar un producto inactivo.;getStatusCode=FIELD_CUSTOM_VALIDATION_EXCEPTION;])
EC;0090;07;2026-06-05;338;85669;524188;error;(Database.Error[getFields=(Producto__c);getMessage=No puede agregar un producto inactivo.;getStatusCode=FIELD_CUSTOM_VALIDATION_EXCEPTION;])
EC;0090;07;2026-06-05;338;85669;524188;error;(Database.Error[getFields=(Producto__c);getMessage=No puede agregar un producto inactivo.;getStatusCode=FIELD_CUSTOM_VALIDATION_EXCEPTION;])
PA;0096;01;2026-06-05;19303;90236;-;warning;no tiene visita
PE;0015;09;2026-06-05;12728;65382;-;warning;no tiene visita
PE;0016;01;2026-06-05;12436;69440;-;warning;no tiene visita
PE;0016;01;2026-06-05;12454;68425;-;warning;no tiene visita
PE;0016;01;2026-06-05;12452;69482;-;warning;no tiene visita
PE;0016;01;2026-06-05;12426;65857;-;warning;no tiene visita
PE;0016;01;2026-06-05;12412;70586;-;warning;no tiene visita
PE;0016;01;2026-06-05;12404;69516;-;warning;no tiene visita
PE;0016;01;2026-06-05;12446;70484;-;warning;no tiene visita
PE;0016;01;2026-06-05;12430;65921;-;warning;no tiene visita
PE;0016;01;2026-06-05;12444;65898;-;warning;no tiene visita
PE;0016;01;2026-06-05;12436;66315;-;warning;no tiene visita
PE;0016;01;2026-06-05;12446;69968;-;warning;no tiene visita
PE;0016;01;2026-06-05;12424;66301;-;warning;no tiene visita
PE;0016;01;2026-06-05;12452;69686;-;warning;no tiene visita
PE;0016;01;2026-06-05;12442;69890;-;warning;no tiene visita
PE;0016;01;2026-06-05;12412;70585;-;warning;no tiene visita
PE;0018;01;2026-06-05;13051;25521;-;warning;no tiene visita
PE;0018;01;2026-06-05;13006;26245;-;warning;no tiene visita
PE;0018;01;2026-06-05;13051;25678;-;warning;no tiene visita
PE;0018;01;2026-06-05;13051;25250;-;warning;no tiene visita
PE;0018;01;2026-06-05;13051;25064;-;warning;no tiene visita
PE;0018;02;2026-06-05;15756;25908;-;warning;no tiene visita
PE;0018;02;2026-06-05;15765;23869;-;warning;no tiene visita
PE;0020;18;2026-06-05;10649;87925;-;warning;no tiene visita
PE;0020;18;2026-06-05;10783;277831;-;warning;no tiene visita
PE;0020;18;2026-06-05;10604;310115;-;warning;no tiene visita
PE;0020;18;2026-06-05;10688;85777;-;warning;no tiene visita
PE;0020;18;2026-06-05;10721;88096;-;warning;no tiene visita
PE;0020;19;2026-06-05;11037;306137;-;warning;no tiene visita
PE;0020;19;2026-06-05;11009;106437;-;warning;no tiene visita
PE;0020;19;2026-06-05;10928;121342;-;warning;no tiene visita
PE;0020;19;2026-06-05;11111;119706;-;warning;no tiene visita
PE;0020;19;2026-06-05;11075;150341;-;warning;no tiene visita
PE;0020;19;2026-06-05;10937;294665;-;warning;no tiene visita
PE;0020;19;2026-06-05;10976;180364;-;warning;no tiene visita
PE;0020;19;2026-06-05;10910;142034;-;warning;no tiene visita
PE;0020;19;2026-06-05;10994;111137;-;warning;no tiene visita
PE;0020;19;2026-06-05;11042;161257;-;warning;no tiene visita
PE;0020;19;2026-06-05;10994;117838;-;warning;no tiene visita
PE;0020;19;2026-06-05;10976;143281;-;warning;no tiene visita
PE;0020;19;2026-06-05;11033;111719;-;warning;no tiene visita
PE;0020;19;2026-06-05;10934;152491;-;warning;no tiene visita
PE;0020;19;2026-06-05;10967;113097;-;warning;no tiene visita
PE;0020;19;2026-06-05;10967;183499;-;warning;no tiene visita
PE;0020;19;2026-06-05;11033;111583;-;warning;no tiene visita
PE;0020;19;2026-06-05;10967;113098;-;warning;no tiene visita
PE;0020;19;2026-06-05;11096;121094;-;warning;no tiene visita
PE;0020;19;2026-06-05;11060;112820;-;warning;no tiene visita
PE;0020;19;2026-06-05;10976;310277;-;warning;no tiene visita
PE;0020;03;2026-06-05;11324;160225;-;warning;no tiene visita
PE;0020;03;2026-06-05;11330;52565;-;warning;no tiene visita
PE;0020;03;2026-06-05;11275;319355;-;warning;no tiene visita
PE;0020;03;2026-06-05;11321;295880;-;warning;no tiene visita
PE;0020;03;2026-06-05;11317;308541;-;warning;no tiene visita
PE;0020;03;2026-06-05;11327;296622;-;warning;no tiene visita
PE;0020;03;2026-06-05;11321;311336;-;warning;no tiene visita
PE;0020;03;2026-06-05;11241;260581;-;warning;no tiene visita
PE;0020;03;2026-06-05;11210;309616;-;warning;no tiene visita
PE;0020;03;2026-06-05;11293;308784;-;warning;no tiene visita
PE;0020;03;2026-06-05;11204;321136;-;warning;no tiene visita
PE;0020;03;2026-06-05;11244;311440;-;warning;no tiene visita
PE;0020;03;2026-06-05;11278;319199;-;warning;no tiene visita
PE;0020;03;2026-06-05;11297;321275;-;warning;no tiene visita
PE;0020;03;2026-06-05;11268;321257;-;warning;no tiene visita
PE;0020;03;2026-06-05;11275;240958;-;warning;no tiene visita
PE;0020;03;2026-06-05;11281;282334;-;warning;no tiene visita
PE;0020;03;2026-06-05;11324;286093;-;warning;no tiene visita
PE;0020;03;2026-06-05;11330;321155;-;warning;no tiene visita
PE;0020;03;2026-06-05;11330;60240;-;warning;no tiene visita
PE;0020;03;2026-06-05;11201;317951;-;warning;no tiene visita
PE;0020;03;2026-06-05;11310;312877;-;warning;no tiene visita
PE;0020;03;2026-06-05;11253;146370;-;warning;no tiene visita
PE;0020;03;2026-06-05;11342;304343;-;warning;no tiene visita
PE;0020;03;2026-06-05;11204;321013;-;warning;no tiene visita
PE;0020;03;2026-06-05;11310;313140;-;warning;no tiene visita
PE;0020;03;2026-06-05;11278;319863;-;warning;no tiene visita
PE;0020;03;2026-06-05;11313;301641;-;warning;no tiene visita
PE;0020;03;2026-06-05;11275;312778;-;warning;no tiene visita
PE;0020;03;2026-06-05;11213;229701;-;warning;no tiene visita
PE;0020;03;2026-06-05;11327;297254;-;warning;no tiene visita
PE;0020;06;2026-06-05;11551;319896;-;warning;no tiene visita
PE;0020;06;2026-06-05;11515;302093;-;warning;no tiene visita
PE;0020;06;2026-06-05;11572;315957;-;warning;no tiene visita
PE;0020;06;2026-06-05;11588;82011;-;warning;no tiene visita
PE;0020;06;2026-06-05;11539;321159;-;warning;no tiene visita
PE;0020;06;2026-06-05;11521;318259;-;warning;no tiene visita
PE;0020;06;2026-06-05;11551;271192;-;warning;no tiene visita
PE;0020;06;2026-06-05;11551;320627;-;warning;no tiene visita
PE;0020;06;2026-06-05;11551;312038;-;warning;no tiene visita
PE;0020;06;2026-06-05;11519;296856;-;warning;no tiene visita
PE;0020;06;2026-06-05;11515;303246;-;warning;no tiene visita
PE;0020;06;2026-06-05;11588;77239;-;warning;no tiene visita
PE;0020;06;2026-06-05;11551;80221;-;warning;no tiene visita
PE;0020;06;2026-06-05;11539;321160;-;warning;no tiene visita
PE;0020;06;2026-06-05;11592;140921;-;warning;no tiene visita
PE;0020;06;2026-06-05;11515;302094;-;warning;no tiene visita
PE;0020;06;2026-06-05;11507;286612;-;warning;no tiene visita
PE;0020;06;2026-06-05;11543;319574;-;warning;no tiene visita
PE;0020;06;2026-06-05;11575;316296;-;warning;no tiene visita
PE;0020;06;2026-06-05;11578;320279;-;warning;no tiene visita
PE;0020;06;2026-06-05;11551;79961;-;warning;no tiene visita
PE;0020;06;2026-06-05;11527;321277;-;warning;no tiene visita
PE;0020;06;2026-06-05;11559;301134;-;warning;no tiene visita
PE;0020;06;2026-06-05;11515;318666;-;warning;no tiene visita
PE;0020;06;2026-06-05;11543;80466;-;warning;no tiene visita
PE;0020;06;2026-06-05;11551;208242;-;warning;no tiene visita
PE;0020;06;2026-06-05;11584;309975;-;warning;no tiene visita
PE;0020;06;2026-06-05;11535;242184;-;warning;no tiene visita
PE;0020;06;2026-06-05;11543;80300;-;warning;no tiene visita
PE;0020;06;2026-06-05;11551;303238;-;warning;no tiene visita
PE;0020;06;2026-06-05;11592;310891;-;warning;no tiene visita
PE;0020;06;2026-06-05;11551;317793;-;warning;no tiene visita
PE;0020;06;2026-06-05;11555;320895;-;warning;no tiene visita
PE;0020;06;2026-06-05;11515;302089;-;warning;no tiene visita
PE;0020;06;2026-06-05;11551;292057;-;warning;no tiene visita
PE;0020;04;2026-06-05;11832;317813;-;warning;no tiene visita
PE;0020;04;2026-06-05;11859;199232;-;warning;no tiene visita
PE;0020;04;2026-06-05;11801;322067;-;warning;no tiene visita
PE;0020;04;2026-06-05;11859;304014;-;warning;no tiene visita
PE;0020;04;2026-06-05;11822;306399;-;warning;no tiene visita
PE;0020;04;2026-06-05;11888;304848;-;warning;no tiene visita
PE;0020;04;2026-06-05;11888;302133;-;warning;no tiene visita
PE;0020;04;2026-06-05;11888;292867;-;warning;no tiene visita
PE;0020;04;2026-06-05;11888;294015;-;warning;no tiene visita
PE;0020;04;2026-06-05;11888;300719;-;warning;no tiene visita
PE;0020;04;2026-06-05;11804;321016;-;warning;no tiene visita
PE;0020;04;2026-06-05;11862;306211;-;warning;no tiene visita
PE;0020;04;2026-06-05;11888;291252;-;warning;no tiene visita
PE;0020;04;2026-06-05;11832;311023;-;warning;no tiene visita
PE;0020;04;2026-06-05;11865;309263;-;warning;no tiene visita
PE;0020;04;2026-06-05;11888;319223;-;warning;no tiene visita
PE;0020;04;2026-06-05;11888;292299;-;warning;no tiene visita
PE;0020;04;2026-06-05;11888;292018;-;warning;no tiene visita
PE;0020;04;2026-06-05;11888;291989;-;warning;no tiene visita
PE;0020;04;2026-06-05;11888;292294;-;warning;no tiene visita
PE;0020;04;2026-06-05;11888;296871;-;warning;no tiene visita
PE;0020;04;2026-06-05;11832;67452;-;warning;no tiene visita
PE;0020;04;2026-06-05;11888;313052;-;warning;no tiene visita
PE;0020;04;2026-06-05;11862;287997;-;warning;no tiene visita
PE;0020;04;2026-06-05;11841;308674;-;warning;no tiene visita
PE;0020;04;2026-06-05;11888;292866;-;warning;no tiene visita
PE;0020;04;2026-06-05;11888;291314;-;warning;no tiene visita
PE;0020;04;2026-06-05;11888;292035;-;warning;no tiene visita
PE;0020;04;2026-06-05;11853;304922;-;warning;no tiene visita
PE;0020;04;2026-06-05;11888;291268;-;warning;no tiene visita
PE;0020;04;2026-06-05;11888;305091;-;warning;no tiene visita
PE;0020;04;2026-06-05;11807;287531;-;warning;no tiene visita
PE;0020;04;2026-06-05;11888;296286;-;warning;no tiene visita
PE;0020;04;2026-06-05;11838;319540;-;warning;no tiene visita
PE;0020;04;2026-06-05;11813;66467;-;warning;no tiene visita
PE;0020;05;2026-06-05;12101;321149;-;warning;no tiene visita
PE;0020;05;2026-06-05;12105;321158;-;warning;no tiene visita
PE;0020;05;2026-06-05;12123;317395;-;warning;no tiene visita
PE;0020;05;2026-06-05;12126;72167;-;warning;no tiene visita
PE;0020;05;2026-06-05;12126;73903;-;warning;no tiene visita
PE;0020;05;2026-06-05;12123;310336;-;warning;no tiene visita
PE;0020;05;2026-06-05;12116;74026;-;warning;no tiene visita
PE;0020;05;2026-06-05;12126;305022;-;warning;no tiene visita
PE;0020;05;2026-06-05;12132;318918;-;warning;no tiene visita
PE;0020;05;2026-06-05;12129;277882;-;warning;no tiene visita
PE;0020;05;2026-06-05;12123;318377;-;warning;no tiene visita
PE;0020;05;2026-06-05;12129;318688;-;warning;no tiene visita
PE;0020;05;2026-06-05;12119;278503;-;warning;no tiene visita
PE;0020;05;2026-06-05;12132;318909;-;warning;no tiene visita
PE;0020;05;2026-06-05;12126;318277;-;warning;no tiene visita
PE;1003;14;2026-06-05;18223;227240;-;warning;no tiene visita
PE;1003;14;2026-06-05;18220;230682;-;warning;no tiene visita
PE;1003;14;2026-06-05;18191;73456;-;warning;no tiene visita
PE;1003;14;2026-06-05;18232;106059;-;warning;no tiene visita
PE;1003;14;2026-06-05;18223;71703;-;warning;no tiene visita
PE;1003;14;2026-06-05;18223;73163;-;warning;no tiene visita
PE;1003;14;2026-06-05;18166;224205;-;warning;no tiene visita
PE;1003;14;2026-06-05;18223;68139;-;warning;no tiene visita
PE;1003;14;2026-06-05;18229;124645;-;warning;no tiene visita
PE;1003;14;2026-06-05;18232;227256;-;warning;no tiene visita
PE;1003;14;2026-06-05;18223;236952;-;warning;no tiene visita
PE;1003;14;2026-06-05;18223;67161;-;warning;no tiene visita
PE;1003;14;2026-06-05;18180;231636;-;warning;no tiene visita
PE;1003;14;2026-06-05;18229;125447;-;warning;no tiene visita
PE;1003;14;2026-06-05;18211;69150;-;warning;no tiene visita
PE;1003;14;2026-06-05;18220;181546;-;warning;no tiene visita
PE;1003;14;2026-06-05;18191;121570;-;warning;no tiene visita
PE;1003;14;2026-06-05;18191;181799;-;warning;no tiene visita
PE;1003;14;2026-06-05;18154;72354;-;warning;no tiene visita
PE;1003;14;2026-06-05;18180;230675;-;warning;no tiene visita
PE;1003;14;2026-06-05;18220;184675;-;warning;no tiene visita
PE;1003;14;2026-06-05;18191;71320;-;warning;no tiene visita
PE;1003;14;2026-06-05;18180;236934;-;warning;no tiene visita
PE;1003;14;2026-06-05;18157;71843;-;warning;no tiene visita
PE;1003;14;2026-06-05;18184;236909;-;warning;no tiene visita
PE;1003;14;2026-06-05;18191;224227;-;warning;no tiene visita
PE;1003;14;2026-06-05;18223;72005;-;warning;no tiene visita
PE;1003;14;2026-06-05;18191;110259;-;warning;no tiene visita
PE;1003;14;2026-06-05;18180;114704;-;warning;no tiene visita
PE;1003;14;2026-06-05;18229;114716;-;warning;no tiene visita
PE;1003;14;2026-06-05;18223;74362;-;warning;no tiene visita
PE;1003;14;2026-06-05;18191;71344;-;warning;no tiene visita
PE;1003;14;2026-06-05;18191;70807;-;warning;no tiene visita
PE;1003;14;2026-06-05;18181;117538;-;warning;no tiene visita
PE;1003;14;2026-06-05;18185;66698;-;warning;no tiene visita
PE;1003;14;2026-06-05;18157;72468;-;warning;no tiene visita
PE;1003;14;2026-06-05;18223;100005;-;warning;no tiene visita
PE;1003;14;2026-06-05;18244;72958;-;warning;no tiene visita
PE;1003;14;2026-06-05;18223;112579;-;warning;no tiene visita
PE;1003;14;2026-06-05;18244;74153;-;warning;no tiene visita
PE;1003;14;2026-06-05;18191;68110;-;warning;no tiene visita
PE;1003;14;2026-06-05;18171;180634;-;warning;no tiene visita
PE;1003;14;2026-06-05;18154;71723;-;warning;no tiene visita
PE;1003;14;2026-06-05;18223;67276;-;warning;no tiene visita
PE;1003;14;2026-06-05;18154;117567;-;warning;no tiene visita
PE;1003;14;2026-06-05;18171;117650;-;warning;no tiene visita
PE;1003;14;2026-06-05;18160;117648;-;warning;no tiene visita
PE;1003;14;2026-06-05;18181;68789;-;warning;no tiene visita
PE;1003;14;2026-06-05;18191;184720;-;warning;no tiene visita
PE;1003;14;2026-06-05;18244;112577;-;warning;no tiene visita
PE;1003;14;2026-06-05;18223;100817;-;warning;no tiene visita
PE;1003;14;2026-06-05;18191;70851;-;warning;no tiene visita
PE;1003;14;2026-06-05;18229;72424;-;warning;no tiene visita
PE;1003;14;2026-06-05;18151;235017;-;warning;no tiene visita
PE;1003;14;2026-06-05;18223;103958;-;warning;no tiene visita
PE;1003;14;2026-06-05;18229;227236;-;warning;no tiene visita
PE;1003;14;2026-06-05;18180;231963;-;warning;no tiene visita
PE;1003;14;2026-06-05;18180;230372;-;warning;no tiene visita
PE;1003;14;2026-06-05;18223;113018;-;warning;no tiene visita
PE;1003;14;2026-06-05;18223;110901;-;warning;no tiene visita
PE;1003;14;2026-06-05;18220;126640;-;warning;no tiene visita
PE;1003;14;2026-06-05;18220;71319;-;warning;no tiene visita
PE;1003;14;2026-06-05;18232;67258;-;warning;no tiene visita
PE;1003;14;2026-06-05;18220;70042;-;warning;no tiene visita
PE;1003;14;2026-06-05;18232;124878;-;warning;no tiene visita
PE;1003;14;2026-06-05;18220;74847;-;warning;no tiene visita
PE;1003;14;2026-06-05;18229;227290;-;warning;no tiene visita
PE;1003;14;2026-06-05;18191;71385;-;warning;no tiene visita
PE;1003;14;2026-06-05;18170;69986;-;warning;no tiene visita
PE;1003;14;2026-06-05;18181;119944;-;warning;no tiene visita
PE;1003;14;2026-06-05;18223;70957;-;warning;no tiene visita
PE;1003;14;2026-06-05;18244;69010;-;warning;no tiene visita
PE;1003;14;2026-06-05;18229;184677;-;warning;no tiene visita
PE;1003;14;2026-06-05;18232;67772;-;warning;no tiene visita
PE;1003;14;2026-06-05;18191;182756;-;warning;no tiene visita
PE;1003;14;2026-06-05;18157;70353;-;warning;no tiene visita
PE;1003;14;2026-06-05;18180;71800;-;warning;no tiene visita
PE;1003;14;2026-06-05;18223;124872;-;warning;no tiene visita
PE;1003;14;2026-06-05;18193;71589;-;warning;no tiene visita
PE;1003;14;2026-06-05;18180;69389;-;warning;no tiene visita
PE;1003;14;2026-06-05;18211;230652;-;warning;no tiene visita
PE;1003;14;2026-06-05;18181;69639;-;warning;no tiene visita
PE;1003;14;2026-06-05;18191;180672;-;warning;no tiene visita
PE;1003;14;2026-06-05;18223;70263;-;warning;no tiene visita
PE;1003;14;2026-06-05;18180;73296;-;warning;no tiene visita
PE;1003;14;2026-06-05;18223;72130;-;warning;no tiene visita
PE;1003;14;2026-06-05;18223;73165;-;warning;no tiene visita
PE;1003;14;2026-06-05;18191;118471;-;warning;no tiene visita
PE;1003;14;2026-06-05;18232;114849;-;warning;no tiene visita
PE;1003;14;2026-06-05;18232;67985;-;warning;no tiene visita
PE;1003;14;2026-06-05;18181;102113;-;warning;no tiene visita
PE;1003;14;2026-06-05;18191;74580;-;warning;no tiene visita
PE;1003;14;2026-06-05;18191;192766;-;warning;no tiene visita
PE;1003;14;2026-06-05;18181;67888;-;warning;no tiene visita
PE;1003;14;2026-06-05;18191;68595;-;warning;no tiene visita
PE;1003;14;2026-06-05;18223;184110;-;warning;no tiene visita
PE;1003;14;2026-06-05;18220;67484;-;warning;no tiene visita
PE;1003;14;2026-06-05;18229;67327;-;warning;no tiene visita
PE;1003;14;2026-06-05;18157;99643;-;warning;no tiene visita
PE;1003;14;2026-06-05;18171;117649;-;warning;no tiene visita
PE;1003;14;2026-06-05;18191;113776;-;warning;no tiene visita
PE;1003;14;2026-06-05;18220;192762;-;warning;no tiene visita
PE;1003;14;2026-06-05;18223;105693;-;warning;no tiene visita
PE;1003;14;2026-06-05;18220;192760;-;warning;no tiene visita
PE;1003;07;2026-06-05;15331;113000;-;warning;no tiene visita
PE;1003;07;2026-06-05;15343;231949;-;warning;no tiene visita
PE;1003;07;2026-06-05;15307;183173;-;warning;no tiene visita
PE;1003;07;2026-06-05;15346;53320;-;warning;no tiene visita
PE;1003;07;2026-06-05;15331;118004;-;warning;no tiene visita
PE;1003;07;2026-06-05;15373;99602;-;warning;no tiene visita
PE;1003;07;2026-06-05;15346;233491;-;warning;no tiene visita
PE;1003;07;2026-06-05;15355;124861;-;warning;no tiene visita
PE;1003;07;2026-06-05;15355;49396;-;warning;no tiene visita
PE;1003;07;2026-06-05;15340;49631;-;warning;no tiene visita
PE;1003;07;2026-06-05;15361;188626;-;warning;no tiene visita
PE;1003;07;2026-06-05;15325;236942;-;warning;no tiene visita
PE;1003;07;2026-06-05;15373;121544;-;warning;no tiene visita
PE;1003;07;2026-06-05;15311;125703;-;warning;no tiene visita
PE;1003;07;2026-06-05;15373;230676;-;warning;no tiene visita
PE;1003;07;2026-06-05;15355;124871;-;warning;no tiene visita
PE;1003;07;2026-06-05;15373;113355;-;warning;no tiene visita
PE;1003;07;2026-06-05;15361;104890;-;warning;no tiene visita
PE;1003;07;2026-06-05;15361;189576;-;warning;no tiene visita
PE;1003;07;2026-06-05;15313;192366;-;warning;no tiene visita
PE;1003;07;2026-06-05;15343;231990;-;warning;no tiene visita
PE;1003;07;2026-06-05;15361;49604;-;warning;no tiene visita
PE;1003;07;2026-06-05;15355;50582;-;warning;no tiene visita
PE;1003;07;2026-06-05;15346;53844;-;warning;no tiene visita
PE;1003;07;2026-06-05;15355;186676;-;warning;no tiene visita
PE;1003;07;2026-06-05;15346;55557;-;warning;no tiene visita
PE;1003;07;2026-06-05;15331;112625;-;warning;no tiene visita
PE;1003;07;2026-06-05;15313;225202;-;warning;no tiene visita
PE;1003;07;2026-06-05;15313;224781;-;warning;no tiene visita
PE;1003;07;2026-06-05;15331;51632;-;warning;no tiene visita
PE;1003;07;2026-06-05;15373;110965;-;warning;no tiene visita
PE;1003;07;2026-06-05;15331;117022;-;warning;no tiene visita
PE;1003;07;2026-06-05;15305;122349;-;warning;no tiene visita
PE;1003;07;2026-06-05;15373;51012;-;warning;no tiene visita
PE;1003;07;2026-06-05;15373;113342;-;warning;no tiene visita
PE;1003;07;2026-06-05;15305;107715;-;warning;no tiene visita
PE;1003;07;2026-06-05;15361;127422;-;warning;no tiene visita
PE;1003;07;2026-06-05;15346;188445;-;warning;no tiene visita
PE;1003;07;2026-06-05;15343;53620;-;warning;no tiene visita
PE;1003;07;2026-06-05;15343;232679;-;warning;no tiene visita
PE;1003;07;2026-06-05;15379;235001;-;warning;no tiene visita
PE;1003;07;2026-06-05;15305;123156;-;warning;no tiene visita
PE;1003;07;2026-06-05;15346;53254;-;warning;no tiene visita
PE;1003;07;2026-06-05;15355;55613;-;warning;no tiene visita
PE;1003;07;2026-06-05;15355;54894;-;warning;no tiene visita
PE;1003;07;2026-06-05;15355;50075;-;warning;no tiene visita
PE;1003;07;2026-06-05;15305;123470;-;warning;no tiene visita
PE;1003;07;2026-06-05;15331;117556;-;warning;no tiene visita
PE;1003;07;2026-06-05;15379;123132;-;warning;no tiene visita
PE;1003;07;2026-06-05;15346;54250;-;warning;no tiene visita
PE;1003;07;2026-06-05;15331;55852;-;warning;no tiene visita
PE;1003;07;2026-06-05;15331;49237;-;warning;no tiene visita
PE;1003;07;2026-06-05;15346;123091;-;warning;no tiene visita
PE;1003;07;2026-06-05;15355;129041;-;warning;no tiene visita
PE;1003;07;2026-06-05;15355;128927;-;warning;no tiene visita
PE;1003;07;2026-06-05;15346;121853;-;warning;no tiene visita
PE;1003;07;2026-06-05;15361;102659;-;warning;no tiene visita
PE;1003;08;2026-06-05;18078;64763;-;warning;no tiene visita
PE;1003;08;2026-06-05;18050;62642;-;warning;no tiene visita
PE;1003;08;2026-06-05;17969;62258;-;warning;no tiene visita
PE;1003;08;2026-06-05;17962;61356;-;warning;no tiene visita
PE;1003;08;2026-06-05;17958;60814;-;warning;no tiene visita
PE;1003;08;2026-06-05;17952;185213;-;warning;no tiene visita
PE;1003;08;2026-06-05;17955;65614;-;warning;no tiene visita
PE;1003;08;2026-06-05;17955;112191;-;warning;no tiene visita
PE;1003;08;2026-06-05;18050;190077;-;warning;no tiene visita
PE;1003;08;2026-06-05;18036;233461;-;warning;no tiene visita
PE;1003;08;2026-06-05;17969;59401;-;warning;no tiene visita
PE;1003;08;2026-06-05;18050;64408;-;warning;no tiene visita
PE;1003;08;2026-06-05;17955;114968;-;warning;no tiene visita
PE;1003;08;2026-06-05;17962;126302;-;warning;no tiene visita
PE;1003;08;2026-06-05;17986;180578;-;warning;no tiene visita
PE;1003;08;2026-06-05;17958;65899;-;warning;no tiene visita
PE;1003;08;2026-06-05;17952;62024;-;warning;no tiene visita
PE;1003;08;2026-06-05;17986;180579;-;warning;no tiene visita
PE;1003;08;2026-06-05;17952;64357;-;warning;no tiene visita
PE;1003;08;2026-06-05;18036;59186;-;warning;no tiene visita
PE;1003;08;2026-06-05;17989;59400;-;warning;no tiene visita
PE;1003;08;2026-06-05;17955;65916;-;warning;no tiene visita
PE;1003;08;2026-06-05;17958;60286;-;warning;no tiene visita
PE;1003;08;2026-06-05;17969;60001;-;warning;no tiene visita
PE;1003;08;2026-06-05;17976;61050;-;warning;no tiene visita
PE;1003;08;2026-06-05;18043;65810;-;warning;no tiene visita
PE;1003;08;2026-06-05;17986;227307;-;warning;no tiene visita
PE;1003;08;2026-06-05;18044;66170;-;warning;no tiene visita
PE;1003;08;2026-06-05;18043;60292;-;warning;no tiene visita
PE;1003;08;2026-06-05;18050;61765;-;warning;no tiene visita
PE;1003;08;2026-06-05;17958;178585;-;warning;no tiene visita
PE;1003;08;2026-06-05;17989;62306;-;warning;no tiene visita
PE;1003;08;2026-06-05;17955;64547;-;warning;no tiene visita
PE;1003;08;2026-06-05;17966;185602;-;warning;no tiene visita
PE;1003;08;2026-06-05;17955;109572;-;warning;no tiene visita
PE;1003;08;2026-06-05;17958;60287;-;warning;no tiene visita
PE;1003;08;2026-06-05;17958;128934;-;warning;no tiene visita
PE;1003;08;2026-06-05;18078;63710;-;warning;no tiene visita
PE;1003;08;2026-06-05;17966;122882;-;warning;no tiene visita
PE;1003;08;2026-06-05;17966;186719;-;warning;no tiene visita
PE;1003;08;2026-06-05;17981;184672;-;warning;no tiene visita
PE;1003;08;2026-06-05;17966;63410;-;warning;no tiene visita
PE;1003;08;2026-06-05;17992;113362;-;warning;no tiene visita
PE;1003;08;2026-06-05;18044;118735;-;warning;no tiene visita
PE;1003;08;2026-06-05;18043;65191;-;warning;no tiene visita
PE;1003;08;2026-06-05;17955;120916;-;warning;no tiene visita
PE;1003;08;2026-06-05;18044;231955;-;warning;no tiene visita
PE;1003;08;2026-06-05;17986;66315;-;warning;no tiene visita
PE;1003;08;2026-06-05;17966;63585;-;warning;no tiene visita
PE;1003;08;2026-06-05;18036;62284;-;warning;no tiene visita
PE;1003;08;2026-06-05;17986;62594;-;warning;no tiene visita
PE;1003;08;2026-06-05;17994;102105;-;warning;no tiene visita
PE;1003;08;2026-06-05;18044;62478;-;warning;no tiene visita
PE;1003;08;2026-06-05;17962;118779;-;warning;no tiene visita
PE;1003;08;2026-06-05;17986;227230;-;warning;no tiene visita
PE;1003;08;2026-06-05;17981;189558;-;warning;no tiene visita
PE;1003;08;2026-06-05;17981;60769;-;warning;no tiene visita
PE;1003;08;2026-06-05;17986;59960;-;warning;no tiene visita
PE;1003;08;2026-06-05;18036;66476;-;warning;no tiene visita
PE;1003;08;2026-06-05;17952;59927;-;warning;no tiene visita
PE;1003;08;2026-06-05;17955;59459;-;warning;no tiene visita
PE;1003;08;2026-06-05;17981;63650;-;warning;no tiene visita
PE;1003;08;2026-06-05;17955;185226;-;warning;no tiene visita
PE;1003;08;2026-06-05;17969;60197;-;warning;no tiene visita
PE;1003;08;2026-06-05;17976;127951;-;warning;no tiene visita
PE;1003;08;2026-06-05;17981;192700;-;warning;no tiene visita
PE;1003;08;2026-06-05;18044;62643;-;warning;no tiene visita
PE;1003;08;2026-06-05;17955;62712;-;warning;no tiene visita
PE;1003;08;2026-06-05;17952;65314;-;warning;no tiene visita
PE;1003;08;2026-06-05;17981;64608;-;warning;no tiene visita
PE;1003;08;2026-06-05;17952;62917;-;warning;no tiene visita
PE;1003;08;2026-06-05;18044;63684;-;warning;no tiene visita
PE;1003;08;2026-06-05;17986;59961;-;warning;no tiene visita
PE;1003;08;2026-06-05;18078;62339;-;warning;no tiene visita
PE;1003;08;2026-06-05;17966;187368;-;warning;no tiene visita
PE;1003;08;2026-06-05;17986;65488;-;warning;no tiene visita
PE;1003;08;2026-06-05;17955;120917;-;warning;no tiene visita
PE;1003;08;2026-06-05;17952;65862;-;warning;no tiene visita
PE;1003;08;2026-06-05;18050;66317;-;warning;no tiene visita
PE;1003;08;2026-06-05;17958;60071;-;warning;no tiene visita
PE;1003;08;2026-06-05;18036;60465;-;warning;no tiene visita
PE;1003;08;2026-06-05;17952;113009;-;warning;no tiene visita
PE;1003;08;2026-06-05;17986;187930;-;warning;no tiene visita
PE;1003;08;2026-06-05;17952;117531;-;warning;no tiene visita
PE;1003;08;2026-06-05;18044;62145;-;warning;no tiene visita
PE;1003;08;2026-06-05;17952;114696;-;warning;no tiene visita
PE;1003;08;2026-06-05;17976;65370;-;warning;no tiene visita
PE;1003;08;2026-06-05;17966;181146;-;warning;no tiene visita
PE;1003;08;2026-06-05;17976;62617;-;warning;no tiene visita
PE;1003;08;2026-06-05;17952;62648;-;warning;no tiene visita
PE;1003;08;2026-06-05;17976;100664;-;warning;no tiene visita
PE;1003;08;2026-06-05;17976;100627;-;warning;no tiene visita
PE;1003;08;2026-06-05;17989;124318;-;warning;no tiene visita
PE;1003;08;2026-06-05;17994;59587;-;warning;no tiene visita
PE;1003;08;2026-06-05;18050;109529;-;warning;no tiene visita
PE;1003;08;2026-06-05;17958;64636;-;warning;no tiene visita
PE;1003;08;2026-06-05;18050;65019;-;warning;no tiene visita
PE;1003;08;2026-06-05;18078;60291;-;warning;no tiene visita
PE;1003;08;2026-06-05;17986;187980;-;warning;no tiene visita
PE;1003;08;2026-06-05;17994;233459;-;warning;no tiene visita
PE;1003;08;2026-06-05;17962;105689;-;warning;no tiene visita
PE;1003;08;2026-06-05;17952;60059;-;warning;no tiene visita
PE;1003;08;2026-06-05;17986;60417;-;warning;no tiene visita
PE;1003;08;2026-06-05;17981;192308;-;warning;no tiene visita
PE;1003;08;2026-06-05;17966;61861;-;warning;no tiene visita
PE;1003;08;2026-06-05;17976;65382;-;warning;no tiene visita
PE;1003;08;2026-06-05;18078;59134;-;warning;no tiene visita
PE;1003;08;2026-06-05;17994;118014;-;warning;no tiene visita
PE;1003;08;2026-06-05;17981;124600;-;warning;no tiene visita
PE;1003;08;2026-06-05;17952;61887;-;warning;no tiene visita
PE;1003;08;2026-06-05;17981;188945;-;warning;no tiene visita
PE;1003;08;2026-06-05;17969;63149;-;warning;no tiene visita
PE;1003;08;2026-06-05;17976;181471;-;warning;no tiene visita
PE;1003;08;2026-06-05;17981;60625;-;warning;no tiene visita
PE;1003;08;2026-06-05;18050;64936;-;warning;no tiene visita
PE;1003;08;2026-06-05;18043;62144;-;warning;no tiene visita
PE;1003;08;2026-06-05;17976;115607;-;warning;no tiene visita
PE;1003;08;2026-06-05;17966;64689;-;warning;no tiene visita
PE;1003;08;2026-06-05;17976;61051;-;warning;no tiene visita
PE;1003;08;2026-06-05;18044;66429;-;warning;no tiene visita
PE;1003;08;2026-06-05;18036;60201;-;warning;no tiene visita
PE;1003;08;2026-06-05;17989;105046;-;warning;no tiene visita
PE;1003;08;2026-06-05;17986;59701;-;warning;no tiene visita
PE;1003;08;2026-06-05;17989;60173;-;warning;no tiene visita
PE;1003;08;2026-06-05;18036;114644;-;warning;no tiene visita
PE;1003;08;2026-06-05;17981;61711;-;warning;no tiene visita
PE;1003;08;2026-06-05;17994;61871;-;warning;no tiene visita
PE;1003;08;2026-06-05;18050;105118;-;warning;no tiene visita
PE;1003;08;2026-06-05;18078;60289;-;warning;no tiene visita
PE;1003;08;2026-06-05;17952;107344;-;warning;no tiene visita
PE;1003;08;2026-06-05;18044;66414;-;warning;no tiene visita
PE;1003;08;2026-06-05;17952;60770;-;warning;no tiene visita
PE;1003;08;2026-06-05;17986;236885;-;warning;no tiene visita
PE;1003;08;2026-06-05;17992;229228;-;warning;no tiene visita
PE;1003;08;2026-06-05;17966;61316;-;warning;no tiene visita
PE;1003;08;2026-06-05;17994;184950;-;warning;no tiene visita
PE;1003;08;2026-06-05;17955;63339;-;warning;no tiene visita
PE;1003;08;2026-06-05;17952;114063;-;warning;no tiene visita
PE;1003;08;2026-06-05;17986;65780;-;warning;no tiene visita
PE;1003;08;2026-06-05;17986;61244;-;warning;no tiene visita
PE;1003;08;2026-06-05;17986;61291;-;warning;no tiene visita
PE;1003;08;2026-06-05;17955;117835;-;warning;no tiene visita
PE;1003;08;2026-06-05;17981;187929;-;warning;no tiene visita
PE;1003;08;2026-06-05;17955;59781;-;warning;no tiene visita
PE;1003;08;2026-06-05;17955;110102;-;warning;no tiene visita
PE;1003;08;2026-06-05;18050;65020;-;warning;no tiene visita
PE;1003;08;2026-06-05;17986;236887;-;warning;no tiene visita
PE;1003;08;2026-06-05;17969;117273;-;warning;no tiene visita
PE;1003;08;2026-06-05;18044;115946;-;warning;no tiene visita
PE;1003;08;2026-06-05;17958;90563;-;warning;no tiene visita
PE;1003;08;2026-06-05;18043;188948;-;warning;no tiene visita
PE;1003;08;2026-06-05;17989;110127;-;warning;no tiene visita
PE;1003;08;2026-06-05;18050;64839;-;warning;no tiene visita
PE;1003;08;2026-06-05;18050;65290;-;warning;no tiene visita
PE;1003;08;2026-06-05;17962;118449;-;warning;no tiene visita
PE;1003;08;2026-06-05;18044;230679;-;warning;no tiene visita
PE;1003;08;2026-06-05;17955;105074;-;warning;no tiene visita
PE;1003;08;2026-06-05;17952;62305;-;warning;no tiene visita
PE;1003;08;2026-06-05;17976;110808;-;warning;no tiene visita
PE;1003;08;2026-06-05;17994;64929;-;warning;no tiene visita
PE;1003;08;2026-06-05;17966;113784;-;warning;no tiene visita
PE;1003;08;2026-06-05;17966;103924;-;warning;no tiene visita
PE;1003;08;2026-06-05;17981;185145;-;warning;no tiene visita
PE;1003;08;2026-06-05;17952;61154;-;warning;no tiene visita
PE;1003;08;2026-06-05;17989;62358;-;warning;no tiene visita
PE;1003;08;2026-06-05;17955;63646;-;warning;no tiene visita
PE;1003;08;2026-06-05;17955;62932;-;warning;no tiene visita
PE;1003;08;2026-06-05;18050;65784;-;warning;no tiene visita
PE;1003;08;2026-06-05;17981;60720;-;warning;no tiene visita
PE;1003;08;2026-06-05;17958;62238;-;warning;no tiene visita
PE;1003;08;2026-06-05;17981;64079;-;warning;no tiene visita
PE;1003;08;2026-06-05;18078;59114;-;warning;no tiene visita
PE;1003;08;2026-06-05;17958;100875;-;warning;no tiene visita
PE;1003;04;2026-06-05;16364;235033;-;warning;no tiene visita
PE;1003;04;2026-06-05;16358;47930;-;warning;no tiene visita
PE;1003;04;2026-06-05;16367;100169;-;warning;no tiene visita
PE;1003;06;2026-06-05;10139;236890;-;warning;no tiene visita
PE;1003;06;2026-06-05;15256;128081;-;warning;no tiene visita
PE;1003;06;2026-06-05;15256;29524;-;warning;no tiene visita
PE;1003;06;2026-06-05;10028;127349;-;warning;no tiene visita
PE;1003;06;2026-06-05;10085;45700;-;warning;no tiene visita
PE;1003;03;2026-06-05;16939;108342;-;warning;no tiene visita
PE;1003;03;2026-06-05;16939;7138;-;warning;no tiene visita
PE;1003;03;2026-06-05;16966;9457;-;warning;no tiene visita
PE;1003;03;2026-06-05;16924;11152;-;warning;no tiene visita
PE;1003;03;2026-06-05;16975;9723;-;warning;no tiene visita
PE;1003;03;2026-06-05;16936;9241;-;warning;no tiene visita
PE;1003;03;2026-06-05;16924;3784;-;warning;no tiene visita
PE;1003;03;2026-06-05;16984;6552;-;warning;no tiene visita
PE;1003;03;2026-06-05;16927;90470;-;warning;no tiene visita
PE;1003;03;2026-06-05;16936;5239;-;warning;no tiene visita
PE;1003;03;2026-06-05;16936;4572;-;warning;no tiene visita
PE;1003;03;2026-06-05;16981;4683;-;warning;no tiene visita
PE;1003;03;2026-06-05;16945;180613;-;warning;no tiene visita
PE;1003;03;2026-06-05;16945;125126;-;warning;no tiene visita
PE;1003;03;2026-06-05;16981;10137;-;warning;no tiene visita
PE;1003;03;2026-06-05;16972;227274;-;warning;no tiene visita
PE;1003;03;2026-06-05;16981;122296;-;warning;no tiene visita
PE;1003;03;2026-06-05;16981;8872;-;warning;no tiene visita
PE;1003;03;2026-06-05;16939;9526;-;warning;no tiene visita
PE;1003;03;2026-06-05;16966;7627;-;warning;no tiene visita
PE;1003;03;2026-06-05;16933;178710;-;warning;no tiene visita
PE;1003;03;2026-06-05;16930;4979;-;warning;no tiene visita
PE;1003;20;2026-06-05;15211;123073;-;warning;no tiene visita
PE;1003;20;2026-06-05;15214;21645;-;warning;no tiene visita
PE;1003;20;2026-06-05;15220;23325;-;warning;no tiene visita
PE;1003;20;2026-06-05;15217;23628;-;warning;no tiene visita
PE;1003;20;2026-06-05;15220;19265;-;warning;no tiene visita
PE;1003;20;2026-06-05;15208;192900;-;warning;no tiene visita
PE;1003;20;2026-06-05;15220;19980;-;warning;no tiene visita
PE;1003;20;2026-06-05;15214;21183;-;warning;no tiene visita
PE;1003;20;2026-06-05;15205;109090;-;warning;no tiene visita
PE;1003;20;2026-06-05;15217;20282;-;warning;no tiene visita
PE;1003;20;2026-06-05;15232;19920;-;warning;no tiene visita
PE;1003;20;2026-06-05;15214;23120;-;warning;no tiene visita
PE;1003;20;2026-06-05;15235;19370;-;warning;no tiene visita
PE;1003;20;2026-06-05;15250;20897;-;warning;no tiene visita
PE;1003;20;2026-06-05;15241;190119;-;warning;no tiene visita
PE;1003;20;2026-06-05;15220;20802;-;warning;no tiene visita
PE;1003;20;2026-06-05;15220;22267;-;warning;no tiene visita
PE;1003;20;2026-06-05;15214;20833;-;warning;no tiene visita
PE;1003;20;2026-06-05;15202;79379;-;warning;no tiene visita
PE;1003;20;2026-06-05;15247;100217;-;warning;no tiene visita
PE;1003;20;2026-06-05;15241;19602;-;warning;no tiene visita
PE;1003;20;2026-06-05;15220;20416;-;warning;no tiene visita
PE;1003;20;2026-06-05;15205;21144;-;warning;no tiene visita
PE;1003;20;2026-06-05;15205;20824;-;warning;no tiene visita
PE;1003;20;2026-06-05;15211;113386;-;warning;no tiene visita
PE;1003;20;2026-06-05;15202;19583;-;warning;no tiene visita
PE;1003;20;2026-06-05;15226;23611;-;warning;no tiene visita
PE;1003;20;2026-06-05;15250;19401;-;warning;no tiene visita
PE;1003;20;2026-06-05;15232;23731;-;warning;no tiene visita
PE;1003;20;2026-06-05;15214;19316;-;warning;no tiene visita
PE;1003;20;2026-06-05;15208;192898;-;warning;no tiene visita
PE;1003;20;2026-06-05;15226;20152;-;warning;no tiene visita
PE;1003;20;2026-06-05;15205;121144;-;warning;no tiene visita
PE;1003;20;2026-06-05;15205;20259;-;warning;no tiene visita
PE;1003;20;2026-06-05;15205;20415;-;warning;no tiene visita
PE;1003;20;2026-06-05;15226;19803;-;warning;no tiene visita
PE;1003;20;2026-06-05;15220;22269;-;warning;no tiene visita
PE;1003;10;2026-06-05;18969;112967;-;warning;no tiene visita
PE;1003;10;2026-06-05;18959;77135;-;warning;no tiene visita
PE;1003;10;2026-06-05;18966;122275;-;warning;no tiene visita
PE;1003;10;2026-06-05;18958;112180;-;warning;no tiene visita
PE;1003;10;2026-06-05;18958;75976;-;warning;no tiene visita
PE;1003;10;2026-06-05;18974;75613;-;warning;no tiene visita
PE;1003;10;2026-06-05;18969;77093;-;warning;no tiene visita
PE;1003;10;2026-06-05;18959;111069;-;warning;no tiene visita
PE;1003;10;2026-06-05;18958;76579;-;warning;no tiene visita
PE;1003;10;2026-06-05;18966;78718;-;warning;no tiene visita
PE;1003;10;2026-06-05;18950;110401;-;warning;no tiene visita
PE;1003;10;2026-06-05;18958;75352;-;warning;no tiene visita
PE;1003;10;2026-06-05;18950;127381;-;warning;no tiene visita
PE;1003;10;2026-06-05;18969;230405;-;warning;no tiene visita
PE;1003;10;2026-06-05;18972;100669;-;warning;no tiene visita
PE;1003;10;2026-06-05;18969;101038;-;warning;no tiene visita
PE;1003;10;2026-06-05;18969;76939;-;warning;no tiene visita
PE;1003;10;2026-06-05;18969;76801;-;warning;no tiene visita
PE;1003;10;2026-06-05;18972;76486;-;warning;no tiene visita
PE;1003;10;2026-06-05;18966;76319;-;warning;no tiene visita
PE;1003;10;2026-06-05;18958;127730;-;warning;no tiene visita
PE;1003;10;2026-06-05;18959;75847;-;warning;no tiene visita
PE;1003;10;2026-06-05;18950;78198;-;warning;no tiene visita
PE;1003;10;2026-06-05;18966;78507;-;warning;no tiene visita
PE;1003;10;2026-06-05;18958;121992;-;warning;no tiene visita
PE;1003;10;2026-06-05;18959;77096;-;warning;no tiene visita
PE;1003;10;2026-06-05;18958;75975;-;warning;no tiene visita
PE;1003;10;2026-06-05;18958;75298;-;warning;no tiene visita
PE;1003;10;2026-06-05;18959;75684;-;warning;no tiene visita
PE;1003;10;2026-06-05;18966;77414;-;warning;no tiene visita
PE;1003;10;2026-06-05;18950;224203;-;warning;no tiene visita
PE;1003;10;2026-06-05;18959;76088;-;warning;no tiene visita
PE;1003;10;2026-06-05;18969;76072;-;warning;no tiene visita
PE;1003;10;2026-06-05;18969;77380;-;warning;no tiene visita
PE;1003;10;2026-06-05;18966;110045;-;warning;no tiene visita
PE;1003;10;2026-06-05;18966;75878;-;warning;no tiene visita
PE;1003;10;2026-06-05;18974;128549;-;warning;no tiene visita
PE;1003;10;2026-06-05;18950;76931;-;warning;no tiene visita
PE;1003;10;2026-06-05;18950;77873;-;warning;no tiene visita
PE;1003;10;2026-06-05;18958;78062;-;warning;no tiene visita
PE;1003;10;2026-06-05;18974;76547;-;warning;no tiene visita
PE;1003;10;2026-06-05;18958;127774;-;warning;no tiene visita
PE;1003;10;2026-06-05;18972;78524;-;warning;no tiene visita
PE;1003;10;2026-06-05;18974;116057;-;warning;no tiene visita
PE;1003;10;2026-06-05;18950;122992;-;warning;no tiene visita
PE;1003;10;2026-06-05;18950;112910;-;warning;no tiene visita
PE;1003;10;2026-06-05;18969;76798;-;warning;no tiene visita
PE;1003;10;2026-06-05;18972;236349;-;warning;no tiene visita
PE;1003;10;2026-06-05;18950;107590;-;warning;no tiene visita
PE;1003;10;2026-06-05;18966;75391;-;warning;no tiene visita
PE;1003;10;2026-06-05;18969;75470;-;warning;no tiene visita
PE;1003;10;2026-06-05;18972;77825;-;warning;no tiene visita
PE;1003;10;2026-06-05;18959;110037;-;warning;no tiene visita
PE;1003;10;2026-06-05;18966;180630;-;warning;no tiene visita
PE;1003;10;2026-06-05;18959;77738;-;warning;no tiene visita
PE;1003;10;2026-06-05;18958;110384;-;warning;no tiene visita
PE;1003;10;2026-06-05;18950;117067;-;warning;no tiene visita
PE;1003;10;2026-06-05;18969;77092;-;warning;no tiene visita
PE;1003;10;2026-06-05;18950;179567;-;warning;no tiene visita
PE;1003;10;2026-06-05;18969;76887;-;warning;no tiene visita
PE;1003;10;2026-06-05;18950;127725;-;warning;no tiene visita
PE;1003;10;2026-06-05;18958;127773;-;warning;no tiene visita
PE;1003;10;2026-06-05;18959;78362;-;warning;no tiene visita
PE;1003;10;2026-06-05;18959;75628;-;warning;no tiene visita
PE;1003;10;2026-06-05;18966;178588;-;warning;no tiene visita
PE;1003;10;2026-06-05;18958;109580;-;warning;no tiene visita
PE;1003;10;2026-06-05;18959;106722;-;warning;no tiene visita
PE;1003;10;2026-06-05;18959;77869;-;warning;no tiene visita
PE;1003;10;2026-06-05;18969;77543;-;warning;no tiene visita
PE;1003;10;2026-06-05;18950;128307;-;warning;no tiene visita
PE;1003;10;2026-06-05;18972;180669;-;warning;no tiene visita
PE;1003;10;2026-06-05;18972;76431;-;warning;no tiene visita
PE;1003;10;2026-06-05;18950;111837;-;warning;no tiene visita
PE;1003;10;2026-06-05;18950;188929;-;warning;no tiene visita
PE;1003;10;2026-06-05;18966;75448;-;warning;no tiene visita
PE;1003;10;2026-06-05;18958;110819;-;warning;no tiene visita
PE;1003;10;2026-06-05;18958;76409;-;warning;no tiene visita
PE;1003;10;2026-06-05;18959;106723;-;warning;no tiene visita
PE;1003;10;2026-06-05;18958;75092;-;warning;no tiene visita
PE;1003;10;2026-06-05;18966;76509;-;warning;no tiene visita
PE;1003;10;2026-06-05;18950;106187;-;warning;no tiene visita
PE;1003;10;2026-06-05;18966;180122;-;warning;no tiene visita
PE;1003;10;2026-06-05;18974;116951;-;warning;no tiene visita
PE;1003;10;2026-06-05;18959;111070;-;warning;no tiene visita
PE;1003;10;2026-06-05;18958;77240;-;warning;no tiene visita
PE;1003;10;2026-06-05;18966;76999;-;warning;no tiene visita
PE;1003;10;2026-06-05;18959;78166;-;warning;no tiene visita
PE;1003;10;2026-06-05;18958;106803;-;warning;no tiene visita
PE;1003;10;2026-06-05;18969;76876;-;warning;no tiene visita
PE;1003;10;2026-06-05;18958;75093;-;warning;no tiene visita
PE;1003;10;2026-06-05;18958;76599;-;warning;no tiene visita
PE;1003;10;2026-06-05;18972;75660;-;warning;no tiene visita
PE;1003;10;2026-06-05;18958;77697;-;warning;no tiene visita
PE;1003;10;2026-06-05;18972;236946;-;warning;no tiene visita
PE;1003;10;2026-06-05;18950;120730;-;warning;no tiene visita
PE;1003;10;2026-06-05;18958;78006;-;warning;no tiene visita
PE;1003;10;2026-06-05;18959;78343;-;warning;no tiene visita
PE;1003;10;2026-06-05;18950;78682;-;warning;no tiene visita
PE;1003;10;2026-06-05;18969;229575;-;warning;no tiene visita
PE;1003;10;2026-06-05;18974;128019;-;warning;no tiene visita
PE;1003;10;2026-06-05;18950;76602;-;warning;no tiene visita
PE;1003;10;2026-06-05;18974;77161;-;warning;no tiene visita
PE;1003;10;2026-06-05;18972;78523;-;warning;no tiene visita
PE;1003;10;2026-06-05;18958;180658;-;warning;no tiene visita
PE;1003;10;2026-06-05;18950;102255;-;warning;no tiene visita
PE;1003;10;2026-06-05;18966;185648;-;warning;no tiene visita
PE;1003;10;2026-06-05;18958;75206;-;warning;no tiene visita
PE;1003;10;2026-06-05;18969;110411;-;warning;no tiene visita
PE;1003;10;2026-06-05;18974;78426;-;warning;no tiene visita
PE;1003;10;2026-06-05;18958;75968;-;warning;no tiene visita
PE;1003;10;2026-06-05;18958;110756;-;warning;no tiene visita
PE;1003;10;2026-06-05;18950;127726;-;warning;no tiene visita
PE;1003;10;2026-06-05;18959;77569;-;warning;no tiene visita
PE;1003;10;2026-06-05;18958;117536;-;warning;no tiene visita
PE;1003;10;2026-06-05;18958;110846;-;warning;no tiene visita
PE;1003;10;2026-06-05;18969;78448;-;warning;no tiene visita
PE;1003;10;2026-06-05;18958;78272;-;warning;no tiene visita
PE;1003;10;2026-06-05;18950;115786;-;warning;no tiene visita
PE;1003;10;2026-06-05;18974;78276;-;warning;no tiene visita
PE;1003;10;2026-06-05;18969;228988;-;warning;no tiene visita
PE;1003;02;2026-06-05;16203;233758;-;warning;no tiene visita
PE;1003;02;2026-06-05;16194;3039;-;warning;no tiene visita
PE;1003;02;2026-06-05;16194;86875;-;warning;no tiene visita
PE;1003;02;2026-06-05;16167;87118;-;warning;no tiene visita
PE;1003;02;2026-06-05;16182;87314;-;warning;no tiene visita
PE;1003;02;2026-06-05;16167;86994;-;warning;no tiene visita
PE;1003;02;2026-06-05;16215;87376;-;warning;no tiene visita
PE;1003;02;2026-06-05;16167;127124;-;warning;no tiene visita
PE;1003;02;2026-06-05;16176;85692;-;warning;no tiene visita
PE;1003;02;2026-06-05;16200;2633;-;warning;no tiene visita
PE;1003;02;2026-06-05;16185;85335;-;warning;no tiene visita
PE;1003;02;2026-06-05;16173;87196;-;warning;no tiene visita
PE;1003;02;2026-06-05;16173;122999;-;warning;no tiene visita
PE;1003;02;2026-06-05;16167;83549;-;warning;no tiene visita
PE;1003;02;2026-06-05;16221;86128;-;warning;no tiene visita
PE;1003;02;2026-06-05;16221;85208;-;warning;no tiene visita
PE;1003;02;2026-06-05;16215;2429;-;warning;no tiene visita
PE;1003;02;2026-06-05;16194;85060;-;warning;no tiene visita
PE;1003;02;2026-06-05;16215;87318;-;warning;no tiene visita
PE;1003;02;2026-06-05;16197;84552;-;warning;no tiene visita
PE;1003;02;2026-06-05;16200;2834;-;warning;no tiene visita
PE;1003;02;2026-06-05;16197;84084;-;warning;no tiene visita
PE;1003;02;2026-06-05;16176;84926;-;warning;no tiene visita
PE;1003;02;2026-06-05;16185;87620;-;warning;no tiene visita
PE;1003;02;2026-06-05;16221;83468;-;warning;no tiene visita
PE;1003;02;2026-06-05;16215;119035;-;warning;no tiene visita
PE;1003;02;2026-06-05;16221;2697;-;warning;no tiene visita
PE;1003;02;2026-06-05;16164;2735;-;warning;no tiene visita
PE;1003;02;2026-06-05;16221;110573;-;warning;no tiene visita
PE;1003;01;2026-06-05;15178;18326;-;warning;no tiene visita
PE;1003;01;2026-06-05;15178;229010;-;warning;no tiene visita
PE;1003;01;2026-06-05;15105;231890;-;warning;no tiene visita
PE;1003;01;2026-06-05;15105;12038;-;warning;no tiene visita
PE;1003;01;2026-06-05;15107;18182;-;warning;no tiene visita
PE;1003;01;2026-06-05;15159;17504;-;warning;no tiene visita
PE;1003;01;2026-06-05;15147;14248;-;warning;no tiene visita
PE;1003;01;2026-06-05;15147;13204;-;warning;no tiene visita
PE;1003;01;2026-06-05;15159;12066;-;warning;no tiene visita
PE;1003;01;2026-06-05;15129;17173;-;warning;no tiene visita
PE;1003;01;2026-06-05;15107;15527;-;warning;no tiene visita
PE;1003;01;2026-06-05;15178;17983;-;warning;no tiene visita
PE;1003;01;2026-06-05;15138;11703;-;warning;no tiene visita
PE;1003;01;2026-06-05;15171;122873;-;warning;no tiene visita
PE;1003;01;2026-06-05;15184;13793;-;warning;no tiene visita
PE;1003;01;2026-06-05;15111;230882;-;warning;no tiene visita
PE;1003;01;2026-06-05;15145;12153;-;warning;no tiene visita
PE;1003;01;2026-06-05;15167;12745;-;warning;no tiene visita
PE;1003;01;2026-06-05;15101;121510;-;warning;no tiene visita
PE;1003;01;2026-06-05;15107;17582;-;warning;no tiene visita
PE;1003;01;2026-06-05;15175;188990;-;warning;no tiene visita
PE;1003;01;2026-06-05;15147;13650;-;warning;no tiene visita
PE;1003;01;2026-06-05;15181;16895;-;warning;no tiene visita
PE;1003;01;2026-06-05;15105;17440;-;warning;no tiene visita
PE;1003;01;2026-06-05;15115;14620;-;warning;no tiene visita
PE;1003;01;2026-06-05;15167;230129;-;warning;no tiene visita
PE;1003;01;2026-06-05;15129;18597;-;warning;no tiene visita
PE;1003;01;2026-06-05;15134;12752;-;warning;no tiene visita
PE;1003;01;2026-06-05;15147;18702;-;warning;no tiene visita
PE;1003;01;2026-06-05;15107;18994;-;warning;no tiene visita
PE;1003;01;2026-06-05;15175;17604;-;warning;no tiene visita
PE;1003;01;2026-06-05;15120;14321;-;warning;no tiene visita
PE;1003;01;2026-06-05;15181;13988;-;warning;no tiene visita
PE;1003;01;2026-06-05;15178;228651;-;warning;no tiene visita
PE;1003;01;2026-06-05;15134;15854;-;warning;no tiene visita
PE;1003;01;2026-06-05;15105;103625;-;warning;no tiene visita
PE;1003;01;2026-06-05;15147;104707;-;warning;no tiene visita
PE;1003;01;2026-06-05;15129;117045;-;warning;no tiene visita
PE;1003;01;2026-06-05;15178;127396;-;warning;no tiene visita
PE;1003;01;2026-06-05;15178;123124;-;warning;no tiene visita
PE;1003;01;2026-06-05;15101;12959;-;warning;no tiene visita
PE;1003;01;2026-06-05;15145;18907;-;warning;no tiene visita
PE;1003;01;2026-06-05;15115;19076;-;warning;no tiene visita
PE;1003;01;2026-06-05;15105;184735;-;warning;no tiene visita
PE;1003;01;2026-06-05;15167;13338;-;warning;no tiene visita
PE;1003;01;2026-06-05;15145;15618;-;warning;no tiene visita
PE;1003;01;2026-06-05;15112;182229;-;warning;no tiene visita
PE;1003;01;2026-06-05;15178;183163;-;warning;no tiene visita
PE;1003;01;2026-06-05;15105;186687;-;warning;no tiene visita
PE;1003;01;2026-06-05;15147;188658;-;warning;no tiene visita
PE;1003;01;2026-06-05;15115;17132;-;warning;no tiene visita
PE;1003;01;2026-06-05;15105;182236;-;warning;no tiene visita
PE;1003;01;2026-06-05;15154;16929;-;warning;no tiene visita
PE;1003;01;2026-06-05;15129;103086;-;warning;no tiene visita
PE;1003;01;2026-06-05;15129;16334;-;warning;no tiene visita
PE;1003;01;2026-06-05;15163;182942;-;warning;no tiene visita
PE;1003;01;2026-06-05;15181;17231;-;warning;no tiene visita
PE;1003;01;2026-06-05;15167;17633;-;warning;no tiene visita
PE;1003;01;2026-06-05;15101;17628;-;warning;no tiene visita
PE;1003;01;2026-06-05;15134;15393;-;warning;no tiene visita
PE;1003;01;2026-06-05;15147;14112;-;warning;no tiene visita
PE;1003;01;2026-06-05;15145;78750;-;warning;no tiene visita
PE;1003;21;2026-06-05;-;-;-;warning;no tiene visitas
PE;1003;22;2026-06-05;15923;226003;-;warning;no tiene visita
PE;1003;22;2026-06-05;15923;231643;-;warning;no tiene visita
PE;1003;26;2026-06-05;13340;193729;-;warning;no tiene visita
PE;1003;26;2026-06-05;13322;193954;-;warning;no tiene visita
PE;1003;26;2026-06-05;13391;197275;-;warning;no tiene visita
PE;1003;26;2026-06-05;13403;197904;-;warning;no tiene visita
PE;1003;26;2026-06-05;13397;201719;-;warning;no tiene visita
PE;1003;26;2026-06-05;13394;194435;-;warning;no tiene visita
PE;1003;26;2026-06-05;13406;201362;-;warning;no tiene visita
PE;1003;26;2026-06-05;13376;202201;-;warning;no tiene visita
PE;1003;26;2026-06-05;13394;205262;-;warning;no tiene visita
PE;1003;26;2026-06-05;13400;227842;-;warning;no tiene visita
PE;1003;26;2026-06-05;13331;226017;-;warning;no tiene visita
PE;1003;26;2026-06-05;13364;232371;-;warning;no tiene visita
PE;1003;26;2026-06-05;13406;195706;-;warning;no tiene visita
PE;1003;26;2026-06-05;13340;205328;-;warning;no tiene visita
PE;1003;26;2026-06-05;13388;194083;-;warning;no tiene visita
PE;1003;26;2026-06-05;13367;198685;-;warning;no tiene visita
PE;1003;26;2026-06-05;13367;204861;-;warning;no tiene visita
PE;1003;26;2026-06-05;13391;198826;-;warning;no tiene visita
PE;1003;26;2026-06-05;13400;195992;-;warning;no tiene visita
PE;1003;26;2026-06-05;13364;230946;-;warning;no tiene visita
PE;1003;26;2026-06-05;13406;194975;-;warning;no tiene visita
PE;1003;26;2026-06-05;13370;202882;-;warning;no tiene visita
PE;1003;26;2026-06-05;13367;193788;-;warning;no tiene visita
PE;1003;26;2026-06-05;13367;193798;-;warning;no tiene visita
PE;1003;26;2026-06-05;13340;196092;-;warning;no tiene visita
PE;1003;26;2026-06-05;13394;197047;-;warning;no tiene visita
PE;1003;26;2026-06-05;13373;203757;-;warning;no tiene visita
PE;1003;26;2026-06-05;13391;199582;-;warning;no tiene visita
PE;1003;26;2026-06-05;13391;201427;-;warning;no tiene visita
PE;1003;26;2026-06-05;13304;202802;-;warning;no tiene visita
PE;1003;26;2026-06-05;13394;194880;-;warning;no tiene visita
PE;1003;26;2026-06-05;13382;199304;-;warning;no tiene visita
PE;1003;26;2026-06-05;13406;205152;-;warning;no tiene visita
PE;1003;26;2026-06-05;13382;205178;-;warning;no tiene visita
PE;1003;26;2026-06-05;13391;201428;-;warning;no tiene visita
PE;1003;26;2026-06-05;13400;194876;-;warning;no tiene visita
PE;1003;26;2026-06-05;13355;203025;-;warning;no tiene visita
PE;1003;26;2026-06-05;13370;196727;-;warning;no tiene visita
PE;1003;26;2026-06-05;13382;204137;-;warning;no tiene visita
PE;1003;26;2026-06-05;13406;194358;-;warning;no tiene visita
PE;1003;26;2026-06-05;13304;195053;-;warning;no tiene visita
PE;1003;26;2026-06-05;13397;198182;-;warning;no tiene visita
PE;1003;26;2026-06-05;13391;194870;-;warning;no tiene visita
PE;1003;26;2026-06-05;13361;197559;-;warning;no tiene visita
PE;1003;26;2026-06-05;13325;198029;-;warning;no tiene visita
PE;1003;26;2026-06-05;13373;198886;-;warning;no tiene visita
PE;1003;26;2026-06-05;13328;197809;-;warning;no tiene visita
PE;1003;26;2026-06-05;13379;204120;-;warning;no tiene visita
PE;1003;26;2026-06-05;13328;205902;-;warning;no tiene visita
PE;1003;26;2026-06-05;13340;201709;-;warning;no tiene visita
PE;1003;26;2026-06-05;13391;200884;-;warning;no tiene visita
PE;1003;26;2026-06-05;13340;205798;-;warning;no tiene visita
PE;1003;26;2026-06-05;13397;201603;-;warning;no tiene visita
PE;1003;26;2026-06-05;13385;203187;-;warning;no tiene visita
PE;1003;26;2026-06-05;13391;201372;-;warning;no tiene visita
PE;1003;26;2026-06-05;13403;198268;-;warning;no tiene visita
PE;1003;26;2026-06-05;13400;203698;-;warning;no tiene visita
PE;1003;26;2026-06-05;13385;205804;-;warning;no tiene visita
PE;1003;26;2026-06-05;13322;214667;-;warning;no tiene visita
PE;1003;26;2026-06-05;13370;204399;-;warning;no tiene visita
PE;1003;26;2026-06-05;13382;198928;-;warning;no tiene visita
PE;1003;26;2026-06-05;13370;193724;-;warning;no tiene visita
PE;1003;26;2026-06-05;13403;201510;-;warning;no tiene visita
PE;1003;26;2026-06-05;13322;195160;-;warning;no tiene visita
PE;1003;25;2026-06-05;15794;219569;-;warning;no tiene visita
PE;1003;25;2026-06-05;15809;222042;-;warning;no tiene visita
PE;1003;25;2026-06-05;15791;220610;-;warning;no tiene visita
PE;1003;25;2026-06-05;15794;227204;-;warning;no tiene visita
PE;1003;25;2026-06-05;15979;221752;-;warning;no tiene visita
PE;1003;25;2026-06-05;15992;222115;-;warning;no tiene visita
PE;1003;25;2026-06-05;15981;219376;-;warning;no tiene visita
PE;1003;25;2026-06-05;15800;223828;-;warning;no tiene visita
PE;1003;25;2026-06-05;15800;223958;-;warning;no tiene visita
PE;1003;25;2026-06-05;15800;223936;-;warning;no tiene visita
PE;1003;25;2026-06-05;15985;222774;-;warning;no tiene visita
PE;1003;25;2026-06-05;15979;222483;-;warning;no tiene visita
PE;1003;25;2026-06-05;15992;224021;-;warning;no tiene visita
PE;1003;25;2026-06-05;15800;224082;-;warning;no tiene visita
PE;1003;25;2026-06-05;15797;223607;-;warning;no tiene visita
PE;1003;25;2026-06-05;15800;220853;-;warning;no tiene visita
PE;1003;25;2026-06-05;15809;225235;-;warning;no tiene visita
PE;1003;25;2026-06-05;15797;219960;-;warning;no tiene visita
PE;1003;25;2026-06-05;15794;223123;-;warning;no tiene visita
PE;1003;25;2026-06-05;15992;223984;-;warning;no tiene visita
PE;1003;25;2026-06-05;15800;222810;-;warning;no tiene visita
PE;1003;25;2026-06-05;15809;220524;-;warning;no tiene visita
PE;1003;25;2026-06-05;15979;231933;-;warning;no tiene visita
PE;1003;25;2026-06-05;15791;221798;-;warning;no tiene visita
PE;1003;25;2026-06-05;15809;221237;-;warning;no tiene visita
PE;1003;25;2026-06-05;15981;219362;-;warning;no tiene visita
PE;1003;25;2026-06-05;15797;219367;-;warning;no tiene visita
PE;1003;25;2026-06-05;15803;222748;-;warning;no tiene visita
PE;1003;25;2026-06-05;15791;221829;-;warning;no tiene visita
PE;1003;25;2026-06-05;15979;231896;-;warning;no tiene visita
PE;1003;25;2026-06-05;15974;222154;-;warning;no tiene visita
PE;1003;25;2026-06-05;15992;221599;-;warning;no tiene visita
PE;1003;25;2026-06-05;15985;222441;-;warning;no tiene visita
PE;1003;25;2026-06-05;15971;222138;-;warning;no tiene visita
PE;1003;25;2026-06-05;15992;220849;-;warning;no tiene visita
PE;1003;25;2026-06-05;15974;222036;-;warning;no tiene visita
PE;1003;25;2026-06-05;15992;222776;-;warning;no tiene visita
PE;1003;25;2026-06-05;15974;221574;-;warning;no tiene visita
PE;1003;25;2026-06-05;15992;220851;-;warning;no tiene visita
PE;1003;25;2026-06-05;15981;222773;-;warning;no tiene visita
PE;1003;25;2026-06-05;15800;219727;-;warning;no tiene visita
PE;1003;25;2026-06-05;15992;224043;-;warning;no tiene visita
PE;1003;25;2026-06-05;15791;219906;-;warning;no tiene visita
PE;1003;25;2026-06-05;15794;221914;-;warning;no tiene visita
PE;1003;25;2026-06-05;15979;231917;-;warning;no tiene visita
PE;1003;25;2026-06-05;15803;219805;-;warning;no tiene visita
PE;1003;25;2026-06-05;15797;223166;-;warning;no tiene visita
PE;1003;25;2026-06-05;15971;220743;-;warning;no tiene visita
PE;1003;25;2026-06-05;15988;222715;-;warning;no tiene visita
PE;1003;25;2026-06-05;15979;220214;-;warning;no tiene visita
PE;1003;25;2026-06-05;15985;220113;-;warning;no tiene visita
PE;1003;25;2026-06-05;15971;220398;-;warning;no tiene visita
PE;1003;25;2026-06-05;15981;220646;-;warning;no tiene visita
PE;1003;25;2026-06-05;15809;220169;-;warning;no tiene visita
PE;1003;25;2026-06-05;15971;223767;-;warning;no tiene visita
PE;1003;25;2026-06-05;15974;220658;-;warning;no tiene visita
PE;1003;25;2026-06-05;15992;220988;-;warning;no tiene visita
PE;1003;25;2026-06-05;15981;221595;-;warning;no tiene visita
PE;1003;25;2026-06-05;15992;222440;-;warning;no tiene visita
PE;1003;25;2026-06-05;15800;223635;-;warning;no tiene visita
PE;1003;25;2026-06-05;15791;222420;-;warning;no tiene visita
PE;1003;25;2026-06-05;15797;220148;-;warning;no tiene visita
PE;1003;25;2026-06-05;15992;220118;-;warning;no tiene visita
PE;1003;25;2026-06-05;15979;223574;-;warning;no tiene visita
PE;1003;25;2026-06-05;15809;223939;-;warning;no tiene visita
PE;1003;25;2026-06-05;15971;220467;-;warning;no tiene visita
PE;1003;25;2026-06-05;15992;222091;-;warning;no tiene visita
PE;1003;25;2026-06-05;15971;220969;-;warning;no tiene visita
PE;1003;25;2026-06-05;15992;221476;-;warning;no tiene visita
PE;1003;25;2026-06-05;15971;219555;-;warning;no tiene visita
PE;1003;25;2026-06-05;15974;231305;-;warning;no tiene visita
PE;1003;25;2026-06-05;15974;222433;-;warning;no tiene visita
PE;1003;25;2026-06-05;15974;223678;-;warning;no tiene visita
PE;1003;25;2026-06-05;15974;221902;-;warning;no tiene visita
PE;1003;25;2026-06-05;15791;220231;-;warning;no tiene visita
PE;1003;25;2026-06-05;15992;221575;-;warning;no tiene visita
PE;1003;25;2026-06-05;15981;220716;-;warning;no tiene visita
PE;1003;25;2026-06-05;15985;221549;-;warning;no tiene visita
PE;1003;25;2026-06-05;15791;223239;-;warning;no tiene visita
PE;1003;25;2026-06-05;15979;223875;-;warning;no tiene visita
PE;1003;25;2026-06-05;15809;219511;-;warning;no tiene visita
PE;1003;25;2026-06-05;15809;230705;-;warning;no tiene visita
PE;1003;25;2026-06-05;15981;220437;-;warning;no tiene visita
PE;1003;25;2026-06-05;15974;222779;-;warning;no tiene visita
PE;1003;25;2026-06-05;15809;231895;-;warning;no tiene visita
PE;1003;25;2026-06-05;15981;223647;-;warning;no tiene visita
PE;1003;25;2026-06-05;15791;221812;-;warning;no tiene visita
PE;1003;25;2026-06-05;15985;223983;-;warning;no tiene visita
PE;1003;25;2026-06-05;15809;221420;-;warning;no tiene visita
PE;1003;25;2026-06-05;15985;223914;-;warning;no tiene visita
PE;1003;25;2026-06-05;15974;222459;-;warning;no tiene visita
PE;1003;25;2026-06-05;15985;222150;-;warning;no tiene visita
PE;1003;25;2026-06-05;15797;219539;-;warning;no tiene visita
PE;1003;25;2026-06-05;15797;219714;-;warning;no tiene visita
PE;1003;25;2026-06-05;15797;220317;-;warning;no tiene visita
PE;1003;25;2026-06-05;15797;220562;-;warning;no tiene visita
PE;1003;25;2026-06-05;15979;222880;-;warning;no tiene visita
PE;1003;25;2026-06-05;15794;221151;-;warning;no tiene visita
PE;1003;25;2026-06-05;15981;223434;-;warning;no tiene visita
PE;1003;25;2026-06-05;15992;221827;-;warning;no tiene visita
PE;1003;25;2026-06-05;15985;222775;-;warning;no tiene visita
PE;1003;25;2026-06-05;15974;231598;-;warning;no tiene visita
PE;1003;25;2026-06-05;15971;219496;-;warning;no tiene visita
PE;1003;25;2026-06-05;15794;221090;-;warning;no tiene visita
PE;1003;25;2026-06-05;15992;223636;-;warning;no tiene visita
PE;1003;25;2026-06-05;15979;219992;-;warning;no tiene visita
PE;1003;25;2026-06-05;15981;220847;-;warning;no tiene visita
PE;1003;25;2026-06-05;15797;222199;-;warning;no tiene visita
PE;1003;25;2026-06-05;15791;221785;-;warning;no tiene visita
PE;1003;25;2026-06-05;15971;223452;-;warning;no tiene visita
PE;1003;25;2026-06-05;15791;223504;-;warning;no tiene visita
PE;1003;25;2026-06-05;15809;220657;-;warning;no tiene visita
PE;1003;25;2026-06-05;15800;222081;-;warning;no tiene visita
PE;1003;25;2026-06-05;15800;220339;-;warning;no tiene visita
PE;1003;25;2026-06-05;15992;221509;-;warning;no tiene visita
PE;1003;25;2026-06-05;15791;223391;-;warning;no tiene visita
PE;1003;25;2026-06-05;15791;228646;-;warning;no tiene visita
PE;1003;25;2026-06-05;15992;221501;-;warning;no tiene visita
PE;1003;25;2026-06-05;15971;228466;-;warning;no tiene visita
PE;1003;25;2026-06-05;15981;220160;-;warning;no tiene visita
PE;1003;25;2026-06-05;15797;222362;-;warning;no tiene visita
PE;1003;25;2026-06-05;15971;220145;-;warning;no tiene visita
PE;1003;25;2026-06-05;15800;219903;-;warning;no tiene visita
PE;1003;25;2026-06-05;15791;223251;-;warning;no tiene visita
PE;1003;25;2026-06-05;15992;221457;-;warning;no tiene visita
PE;1003;25;2026-06-05;15979;223295;-;warning;no tiene visita
PE;1003;25;2026-06-05;15992;221621;-;warning;no tiene visita
PE;1003;25;2026-06-05;15971;220907;-;warning;no tiene visita
PE;1003;25;2026-06-05;15981;222357;-;warning;no tiene visita
PE;1003;25;2026-06-05;15803;220312;-;warning;no tiene visita
PE;1003;25;2026-06-05;15979;221580;-;warning;no tiene visita
PE;1003;25;2026-06-05;15791;223341;-;warning;no tiene visita
PE;1003;25;2026-06-05;15992;223765;-;warning;no tiene visita
PE;1003;25;2026-06-05;15971;220423;-;warning;no tiene visita
PE;1003;25;2026-06-05;15981;222519;-;warning;no tiene visita
PE;1003;25;2026-06-05;15794;219568;-;warning;no tiene visita
PE;1003;25;2026-06-05;15794;220915;-;warning;no tiene visita
PE;1003;25;2026-06-05;15974;220371;-;warning;no tiene visita
PE;1003;25;2026-06-05;15985;222417;-;warning;no tiene visita
PE;1003;25;2026-06-05;15981;220535;-;warning;no tiene visita
PE;1003;25;2026-06-05;15981;220649;-;warning;no tiene visita
PE;1003;25;2026-06-05;15979;223595;-;warning;no tiene visita
PE;1003;25;2026-06-05;15791;219460;-;warning;no tiene visita
PE;1003;25;2026-06-05;15800;220598;-;warning;no tiene visita
PE;1003;25;2026-06-05;15794;219456;-;warning;no tiene visita
PE;1003;25;2026-06-05;15992;223396;-;warning;no tiene visita
PE;1003;25;2026-06-05;15985;221114;-;warning;no tiene visita
PE;1003;25;2026-06-05;15794;223007;-;warning;no tiene visita
PE;1003;25;2026-06-05;15979;223877;-;warning;no tiene visita
PE;1003;25;2026-06-05;15992;224047;-;warning;no tiene visita
PE;1003;25;2026-06-05;15985;223537;-;warning;no tiene visita
PE;1003;25;2026-06-05;15971;220315;-;warning;no tiene visita
PE;1003;25;2026-06-05;15992;222439;-;warning;no tiene visita
PE;1003;25;2026-06-05;15800;221038;-;warning;no tiene visita
PE;1003;25;2026-06-05;15797;220182;-;warning;no tiene visita
PE;1003;25;2026-06-05;15800;219548;-;warning;no tiene visita
PE;1003;25;2026-06-05;15992;222095;-;warning;no tiene visita
PE;1003;25;2026-06-05;15979;223918;-;warning;no tiene visita
PE;1003;25;2026-06-05;15981;221441;-;warning;no tiene visita
PE;1003;25;2026-06-05;15985;221986;-;warning;no tiene visita
PE;1003;25;2026-06-05;15992;221510;-;warning;no tiene visita
PE;1003;25;2026-06-05;15971;220952;-;warning;no tiene visita
PE;1003;25;2026-06-05;15800;220419;-;warning;no tiene visita
PE;1003;25;2026-06-05;15992;220234;-;warning;no tiene visita
PE;1003;25;2026-06-05;15979;221581;-;warning;no tiene visita
PE;1003;25;2026-06-05;15791;221799;-;warning;no tiene visita
PE;1003;25;2026-06-05;15974;222461;-;warning;no tiene visita
PE;1003;25;2026-06-05;15979;222151;-;warning;no tiene visita
PE;1003;25;2026-06-05;15981;220017;-;warning;no tiene visita
PE;1003;25;2026-06-05;15791;223250;-;warning;no tiene visita
PE;1003;25;2026-06-05;15985;222678;-;warning;no tiene visita
PE;1003;25;2026-06-05;15791;222238;-;warning;no tiene visita
PE;1003;25;2026-06-05;15809;219684;-;warning;no tiene visita
PE;1003;25;2026-06-05;15791;220491;-;warning;no tiene visita
PE;1003;25;2026-06-05;15979;231918;-;warning;no tiene visita
PE;1003;25;2026-06-05;15794;219263;-;warning;no tiene visita
PE;1003;25;2026-06-05;15800;220338;-;warning;no tiene visita
PE;1003;25;2026-06-05;15800;219894;-;warning;no tiene visita
PE;1003;25;2026-06-05;15809;223992;-;warning;no tiene visita
PE;1003;25;2026-06-05;15974;221668;-;warning;no tiene visita
PE;1003;25;2026-06-05;15974;222442;-;warning;no tiene visita
PE;1003;25;2026-06-05;15979;219948;-;warning;no tiene visita
PE;1003;25;2026-06-05;15992;222038;-;warning;no tiene visita
PE;1003;25;2026-06-05;15985;220434;-;warning;no tiene visita
PE;1003;25;2026-06-05;15809;220824;-;warning;no tiene visita
PE;1003;25;2026-06-05;15797;221726;-;warning;no tiene visita
PE;1003;25;2026-06-05;15981;220466;-;warning;no tiene visita
PE;1003;25;2026-06-05;15791;219991;-;warning;no tiene visita
PE;1003;25;2026-06-05;15803;223811;-;warning;no tiene visita
PE;1003;25;2026-06-05;15797;221877;-;warning;no tiene visita
PE;1003;25;2026-06-05;15992;220470;-;warning;no tiene visita
PE;1003;25;2026-06-05;15979;230151;-;warning;no tiene visita
PE;1003;25;2026-06-05;15981;223603;-;warning;no tiene visita
PE;1003;25;2026-06-05;15981;221217;-;warning;no tiene visita
PE;1003;25;2026-06-05;15979;227203;-;warning;no tiene visita
PE;1003;25;2026-06-05;15971;220612;-;warning;no tiene visita
PE;1003;25;2026-06-05;15988;220189;-;warning;no tiene visita
PE;1003;25;2026-06-05;15971;220613;-;warning;no tiene visita
PE;1003;25;2026-06-05;15981;220276;-;warning;no tiene visita
PE;1003;25;2026-06-05;15794;222607;-;warning;no tiene visita
PE;1003;25;2026-06-05;15803;220374;-;warning;no tiene visita
PE;1003;25;2026-06-05;15971;219284;-;warning;no tiene visita
PE;1003;25;2026-06-05;15988;223416;-;warning;no tiene visita
PE;1003;25;2026-06-05;15981;219689;-;warning;no tiene visita
PE;1003;25;2026-06-05;15992;221511;-;warning;no tiene visita
PE;1003;25;2026-06-05;15981;221385;-;warning;no tiene visita
PE;1003;25;2026-06-05;15791;219944;-;warning;no tiene visita
PE;1003;25;2026-06-05;15794;219824;-;warning;no tiene visita
PE;1003;25;2026-06-05;15981;221780;-;warning;no tiene visita
PE;1003;25;2026-06-05;15992;221818;-;warning;no tiene visita
PE;1003;25;2026-06-05;15794;223923;-;warning;no tiene visita
PE;1003;25;2026-06-05;15988;219668;-;warning;no tiene visita
PE;1003;25;2026-06-05;15800;223711;-;warning;no tiene visita
PE;1003;25;2026-06-05;15971;220949;-;warning;no tiene visita
PE;1003;25;2026-06-05;15791;221813;-;warning;no tiene visita
PE;1003;25;2026-06-05;15794;220041;-;warning;no tiene visita
PE;1003;25;2026-06-05;15992;223634;-;warning;no tiene visita
PE;1003;25;2026-06-05;15797;220274;-;warning;no tiene visita
PE;1003;25;2026-06-05;15794;223560;-;warning;no tiene visita
PE;1003;25;2026-06-05;15979;223432;-;warning;no tiene visita
PE;1003;25;2026-06-05;15791;223301;-;warning;no tiene visita
PE;1003;25;2026-06-05;15981;219351;-;warning;no tiene visita
PE;1003;25;2026-06-05;15800;222128;-;warning;no tiene visita
PE;1003;25;2026-06-05;15797;221743;-;warning;no tiene visita
PE;1003;25;2026-06-05;15988;222988;-;warning;no tiene visita
PE;1003;25;2026-06-05;15981;220530;-;warning;no tiene visita
PE;1003;25;2026-06-05;15797;220174;-;warning;no tiene visita
PE;1003;25;2026-06-05;15979;223318;-;warning;no tiene visita
PE;1003;25;2026-06-05;15985;221473;-;warning;no tiene visita
PE;1003;25;2026-06-05;15794;220773;-;warning;no tiene visita
PE;1003;25;2026-06-05;15803;223730;-;warning;no tiene visita
PE;1003;25;2026-06-05;15791;220487;-;warning;no tiene visita
PE;1003;25;2026-06-05;15803;219679;-;warning;no tiene visita
PE;1003;25;2026-06-05;15981;220543;-;warning;no tiene visita
PE;1003;25;2026-06-05;15979;231916;-;warning;no tiene visita
PE;1003;25;2026-06-05;15809;219683;-;warning;no tiene visita
PE;1003;25;2026-06-05;15971;223769;-;warning;no tiene visita
PE;1003;25;2026-06-05;15992;221943;-;warning;no tiene visita
PE;1003;25;2026-06-05;15981;220616;-;warning;no tiene visita
PE;1003;25;2026-06-05;15974;221140;-;warning;no tiene visita
PE;1003;25;2026-06-05;15988;220209;-;warning;no tiene visita
PE;1003;25;2026-06-05;15971;227295;-;warning;no tiene visita
PE;1003;25;2026-06-05;15791;222424;-;warning;no tiene visita
PE;1003;25;2026-06-05;15971;220468;-;warning;no tiene visita
PE;1003;25;2026-06-05;15985;222525;-;warning;no tiene visita
PE;1003;25;2026-06-05;15974;221857;-;warning;no tiene visita
PE;1003;25;2026-06-05;15803;227205;-;warning;no tiene visita
PE;1003;25;2026-06-05;15992;222188;-;warning;no tiene visita
PE;1003;25;2026-06-05;15971;222078;-;warning;no tiene visita
PE;1003;25;2026-06-05;15794;219397;-;warning;no tiene visita
PE;1003;25;2026-06-05;15974;221642;-;warning;no tiene visita
PE;1003;25;2026-06-05;15797;220551;-;warning;no tiene visita
PE;1003;25;2026-06-05;15981;226419;-;warning;no tiene visita
PE;1003;25;2026-06-05;15794;220046;-;warning;no tiene visita
PE;1003;25;2026-06-05;15791;222876;-;warning;no tiene visita
PE;1003;25;2026-06-05;15791;219962;-;warning;no tiene visita
PE;1003;25;2026-06-05;15985;229569;-;warning;no tiene visita
PE;1003;25;2026-06-05;15791;220630;-;warning;no tiene visita
PE;1003;25;2026-06-05;15992;221641;-;warning;no tiene visita
PE;1003;25;2026-06-05;15979;221825;-;warning;no tiene visita
PE;1003;25;2026-06-05;15985;221991;-;warning;no tiene visita
PE;1003;25;2026-06-05;15794;219840;-;warning;no tiene visita
PE;1003;25;2026-06-05;15974;223378;-;warning;no tiene visita
PE;1003;25;2026-06-05;15791;220251;-;warning;no tiene visita
PE;1003;25;2026-06-05;15979;231931;-;warning;no tiene visita
PE;1003;25;2026-06-05;15979;219520;-;warning;no tiene visita
PE;1003;25;2026-06-05;15803;222142;-;warning;no tiene visita
PE;1003;25;2026-06-05;15800;223394;-;warning;no tiene visita
PE;1003;25;2026-06-05;15974;221523;-;warning;no tiene visita
PE;1003;25;2026-06-05;15992;223916;-;warning;no tiene visita
PE;1003;25;2026-06-05;15797;221377;-;warning;no tiene visita
PE;1003;25;2026-06-05;15794;220406;-;warning;no tiene visita
PE;1003;25;2026-06-05;15803;219878;-;warning;no tiene visita
PE;1003;25;2026-06-05;15791;220939;-;warning;no tiene visita
PE;1003;25;2026-06-05;15971;219743;-;warning;no tiene visita
PE;1003;25;2026-06-05;15974;221806;-;warning;no tiene visita
PE;1003;25;2026-06-05;15800;224019;-;warning;no tiene visita
PE;1003;25;2026-06-05;15803;219450;-;warning;no tiene visita
PE;1003;25;2026-06-05;15985;219932;-;warning;no tiene visita
PE;1003;25;2026-06-05;15974;221544;-;warning;no tiene visita
PE;1003;25;2026-06-05;15992;223480;-;warning;no tiene visita
PE;1003;25;2026-06-05;15800;219243;-;warning;no tiene visita
PE;1003;25;2026-06-05;15981;220518;-;warning;no tiene visita
PE;1003;25;2026-06-05;15971;220564;-;warning;no tiene visita
PE;1003;25;2026-06-05;15985;222398;-;warning;no tiene visita
PE;1003;25;2026-06-05;15794;219429;-;warning;no tiene visita
PE;1003;25;2026-06-05;15809;223997;-;warning;no tiene visita
PE;1003;25;2026-06-05;15794;219580;-;warning;no tiene visita
PE;1003;25;2026-06-05;15985;223058;-;warning;no tiene visita
PE;1003;25;2026-06-05;15803;221716;-;warning;no tiene visita
PE;1003;25;2026-06-05;15979;223682;-;warning;no tiene visita
PE;1003;25;2026-06-05;15979;223594;-;warning;no tiene visita
PE;1003;25;2026-06-05;15988;219729;-;warning;no tiene visita
PE;1003;25;2026-06-05;15974;219930;-;warning;no tiene visita
PE;1003;25;2026-06-05;15981;220219;-;warning;no tiene visita
PE;1003;25;2026-06-05;15803;219207;-;warning;no tiene visita
PE;1003;25;2026-06-05;15974;223481;-;warning;no tiene visita
PE;1003;25;2026-06-05;15971;223776;-;warning;no tiene visita
PE;1003;25;2026-06-05;15800;221645;-;warning;no tiene visita
PE;1003;25;2026-06-05;15797;229288;-;warning;no tiene visita
PE;1003;25;2026-06-05;15981;219536;-;warning;no tiene visita
PE;1003;25;2026-06-05;15974;221643;-;warning;no tiene visita
PE;1003;25;2026-06-05;15791;221744;-;warning;no tiene visita
PE;1003;25;2026-06-05;15971;220146;-;warning;no tiene visita
PE;1003;25;2026-06-05;15979;220409;-;warning;no tiene visita
PE;1003;25;2026-06-05;15974;222178;-;warning;no tiene visita
PE;1003;25;2026-06-05;15981;223662;-;warning;no tiene visita
PE;1003;25;2026-06-05;15803;222972;-;warning;no tiene visita
PE;1003;25;2026-06-05;15979;219945;-;warning;no tiene visita
PE;1003;25;2026-06-05;15971;222165;-;warning;no tiene visita
PE;1003;25;2026-06-05;15794;222668;-;warning;no tiene visita
PE;1003;25;2026-06-05;15800;219864;-;warning;no tiene visita
PE;1003;25;2026-06-05;15809;220661;-;warning;no tiene visita
PE;1003;25;2026-06-05;15985;224020;-;warning;no tiene visita
EC;0090;11;2026-06-05;510;482082;-;warning;no tiene visita
EC;0090;04;2026-06-05;445;185815;-;warning;no tiene visita
EC;0090;04;2026-06-05;463;486483;-;warning;no tiene visita
EC;0090;07;2026-06-05;355;424861;-;warning;no tiene visita
EC;0090;06;2026-06-05;309;482624;-;warning;no tiene visita
CR;0070;06;2026-06-05;11529;82518;-;warning;no tiene visita
CR;0070;10;2026-06-05;-;-;-;warning;no tiene visitas
GT;0076;08;2026-06-05;2417;328177;-;warning;no tiene visita
GT;0076;02;2026-06-05;2546;328744;-;warning;no tiene visita
GT;0076;02;2026-06-05;2480;333838;-;warning;no tiene visita
GT;0076;15;2026-06-05;2230;328219;-;warning;no tiene visita
GT;0076;15;2026-06-05;2237;329464;-;warning;no tiene visita
GT;0076;15;2026-06-05;2131;334100;-;warning;no tiene visita
GT;0076;15;2026-06-05;2227;334121;-;warning;no tiene visita
GT;0076;15;2026-06-05;2152;333478;-;warning;no tiene visita
GT;0076;15;2026-06-05;2148;333550;-;warning;no tiene visita
GT;0076;15;2026-06-05;2249;328924;-;warning;no tiene visita
GT;0076;15;2026-06-05;2122;328165;-;warning;no tiene visita
GT;0076;16;2026-06-05;2014;329477;-;warning;no tiene visita
GT;0076;16;2026-06-05;2014;329497;-;warning;no tiene visita
GT;0076;16;2026-06-05;2027;333845;-;warning;no tiene visita
GT;0076;16;2026-06-05;2014;334407;-;warning;no tiene visita
GT;0076;16;2026-06-05;2014;328766;-;warning;no tiene visita
GT;0076;16;2026-06-05;2014;327874;-;warning;no tiene visita
GT;0076;16;2026-06-05;2014;328729;-;warning;no tiene visita
GT;0076;16;2026-06-05;2014;329476;-;warning;no tiene visita
GT;0076;16;2026-06-05;2014;328778;-;warning;no tiene visita
GT;0076;16;2026-06-05;2014;334405;-;warning;no tiene visita
GT;0076;16;2026-06-05;2030;333870;-;warning;no tiene visita
GT;0076;16;2026-06-05;2030;333479;-;warning;no tiene visita
GT;0076;16;2026-06-05;2014;328752;-;warning;no tiene visita
GT;0076;16;2026-06-05;2014;329478;-;warning;no tiene visita
GT;0076;16;2026-06-05;2019;327661;-;warning;no tiene visita
GT;0076;16;2026-06-05;2014;327971;-;warning;no tiene visita
GT;0076;17;2026-06-05;2351;328449;-;warning;no tiene visita
GT;0076;26;2026-06-05;2107;328184;-;warning;no tiene visita
GT;0076;26;2026-06-05;2072;328936;-;warning;no tiene visita
GT;0076;26;2026-06-05;2101;328227;-;warning;no tiene visita
GT;0076;27;2026-06-05;2260;327834;-;warning;no tiene visita
GT;0076;27;2026-06-05;2296;328223;-;warning;no tiene visita
BO;0150;02;2026-06-05;22055;389344;-;warning;no tiene visita
BO;0150;02;2026-06-05;22015;387849;-;warning;no tiene visita
BO;0150;03;2026-06-05;31095;316765;-;warning;no tiene visita
BO;0150;03;2026-06-05;31065;372371;-;warning;no tiene visita
BO;0150;03;2026-06-05;31085;372345;-;warning;no tiene visita
BO;0150;03;2026-06-05;31035;371159;-;warning;no tiene visita
BO;0150;03;2026-06-05;31025;354789;-;warning;no tiene visita
BO;0150;03;2026-06-05;31055;385169;-;warning;no tiene visita
BO;0150;03;2026-06-05;31065;385914;-;warning;no tiene visita
BO;0150;03;2026-06-05;31065;367801;-;warning;no tiene visita
BO;0150;03;2026-06-05;31095;380032;-;warning;no tiene visita
BO;0150;03;2026-06-05;31055;385710;-;warning;no tiene visita
BO;0150;03;2026-06-05;31045;385402;-;warning;no tiene visita
BO;0150;03;2026-06-05;31105;370163;-;warning;no tiene visita
BO;0150;03;2026-06-05;31095;314205;-;warning;no tiene visita
BO;0150;03;2026-06-05;31095;370131;-;warning;no tiene visita
BO;0150;03;2026-06-05;31045;303465;-;warning;no tiene visita
BO;0150;03;2026-06-05;31105;375333;-;warning;no tiene visita
BO;0150;03;2026-06-05;31035;369684;-;warning;no tiene visita
BO;0150;03;2026-06-05;31025;347743;-;warning;no tiene visita
BO;0150;03;2026-06-05;31095;378424;-;warning;no tiene visita
BO;0150;03;2026-06-05;31065;375825;-;warning;no tiene visita
BO;0150;03;2026-06-05;31055;372380;-;warning;no tiene visita
BO;0150;03;2026-06-05;31035;375046;-;warning;no tiene visita
BO;0150;03;2026-06-05;31085;375888;-;warning;no tiene visita
BO;0150;03;2026-06-05;31095;364236;-;warning;no tiene visita
BO;0150;03;2026-06-05;31055;384578;-;warning;no tiene visita
BO;0150;03;2026-06-05;31065;354579;-;warning;no tiene visita
BO;0150;03;2026-06-05;31095;361293;-;warning;no tiene visita
BO;0150;03;2026-06-05;31105;385122;-;warning;no tiene visita
BO;0150;03;2026-06-05;31065;382315;-;warning;no tiene visita
BO;0150;03;2026-06-05;31045;382230;-;warning;no tiene visita
BO;0150;03;2026-06-05;31045;383930;-;warning;no tiene visita
BO;0150;03;2026-06-05;31045;373509;-;warning;no tiene visita
BO;0150;03;2026-06-05;31025;281028;-;warning;no tiene visita
BO;0150;03;2026-06-05;31075;371535;-;warning;no tiene visita
BO;0150;03;2026-06-05;31035;374019;-;warning;no tiene visita
BO;0150;03;2026-06-05;31095;365211;-;warning;no tiene visita
BO;0150;03;2026-06-05;31095;361294;-;warning;no tiene visita
BO;0150;03;2026-06-05;31105;379688;-;warning;no tiene visita
BO;0150;03;2026-06-05;31035;373617;-;warning;no tiene visita
BO;0150;03;2026-06-05;31025;369971;-;warning;no tiene visita
BO;0150;03;2026-06-05;31065;374029;-;warning;no tiene visita
BO;0150;03;2026-06-05;31025;374278;-;warning;no tiene visita
BO;0150;03;2026-06-05;31075;375881;-;warning;no tiene visita
BO;0150;03;2026-06-05;31075;364708;-;warning;no tiene visita
BO;0150;03;2026-06-05;31035;381199;-;warning;no tiene visita
BO;0150;03;2026-06-05;31075;365521;-;warning;no tiene visita
BO;0150;03;2026-06-05;31085;318131;-;warning;no tiene visita
BO;0150;03;2026-06-05;31045;372992;-;warning;no tiene visita
BO;0150;03;2026-06-05;31095;356777;-;warning;no tiene visita
BO;0150;03;2026-06-05;31035;313195;-;warning;no tiene visita
BO;0150;03;2026-06-05;31085;369383;-;warning;no tiene visita
BO;0150;03;2026-06-05;31105;373570;-;warning;no tiene visita
BO;0150;03;2026-06-05;31085;374757;-;warning;no tiene visita
BO;0150;03;2026-06-05;31025;378427;-;warning;no tiene visita
BO;0150;03;2026-06-05;31105;371592;-;warning;no tiene visita
BO;0150;03;2026-06-05;31085;369098;-;warning;no tiene visita
BO;0150;03;2026-06-05;31095;369951;-;warning;no tiene visita
BO;0150;03;2026-06-05;31105;318357;-;warning;no tiene visita
BO;0150;03;2026-06-05;31095;373613;-;warning;no tiene visita
BO;0150;03;2026-06-05;31085;347499;-;warning;no tiene visita
BO;0150;03;2026-06-05;31085;319261;-;warning;no tiene visita
BO;0150;03;2026-06-05;31095;370917;-;warning;no tiene visita
BO;0150;03;2026-06-05;31035;364731;-;warning;no tiene visita
BO;0150;03;2026-06-05;31035;369369;-;warning;no tiene visita
BO;0150;03;2026-06-05;31035;371525;-;warning;no tiene visita
BO;0150;03;2026-06-05;31035;371540;-;warning;no tiene visita
BO;0150;03;2026-06-05;31105;374287;-;warning;no tiene visita
BO;0150;03;2026-06-05;31065;379083;-;warning;no tiene visita
BO;0150;03;2026-06-05;31025;357893;-;warning;no tiene visita
BO;0150;03;2026-06-05;31065;369300;-;warning;no tiene visita
BO;0150;03;2026-06-05;31055;371150;-;warning;no tiene visita