Pais,Compania,Sucursal,Cliente,Modulo,Producto,Cajas,Unidades,Fecha,tipoRecomendacion,ultFecha,Destacar
EC,0090,07,205355,330,524670,1,0,2026-06-18,PE1,,true
EC,0090,07,82400,330,524670,1,0,2026-06-18,PE1,,true
EC,0090,07,255445,330,524670,1,0,2026-06-18,PE1,,true
EC,0090,07,84657,330,524670,1,0,2026-06-18,PE1,,true
EC,0090,07,84630,330,524670,1,0,2026-06-18,PE1,,true
EC,0090,07,84596,330,524670,1,0,2026-06-18,PE1,,true
EC,0090,07,84594,330,524670,1,0,2026-06-18,PE1,,true
EC,0090,07,84500,330,524670,1,0,2026-06-18,PE1,,true
EC,0090,07,126997,330,524670,1,0,2026-06-18,PE1,,true
EC,0090,07,183148,330,524670,1,0,2026-06-18,PE1,,true
EC,0090,07,141615,330,524670,1,0,2026-06-18,PE1,,true
EC,0090,07,242097,330,524670,1,0,2026-06-18,PE1,,true
EC,0090,07,241497,330,524670,1,0,2026-06-18,PE1,,true
EC,0090,07,241140,330,524670,1,0,2026-06-18,PE1,,true
EC,0090,07,238832,330,524670,1,0,2026-06-18,PE1,,true
EC,0090,07,214660,330,524670,1,0,2026-06-18,PE1,,true
EC,0090,07,305013,330,524670,1,0,2026-06-18,PE1,,true
EC,0090,07,254225,330,524670,1,0,2026-06-18,PE1,,true
EC,0090,07,329023,330,524670,1,0,2026-06-18,PE1,,true
EC,0090,07,321470,330,524670,1,0,2026-06-18,PE1,,true
EC,0090,07,306397,330,524670,1,0,2026-06-18,PE1,,true
EC,0090,07,306016,330,524670,1,0,2026-06-18,PE1,,true
EC,0090,07,358839,330,524670,1,0,2026-06-18,PE1,,true
EC,0090,07,346557,330,524670,1,0,2026-06-18,PE1,,true
EC,0090,07,338106,330,524670,1,0,2026-06-18,PE1,,true
EC,0090,07,334972,330,524670,1,0,2026-06-18,PE1,,true
EC,0090,07,334412,330,524670,1,0,2026-06-18,PE1,,true
EC,0090,07,333993,330,524670,1,0,2026-06-18,PE1,,true
EC,0090,07,374022,330,524670,1,0,2026-06-18,PE1,,true
EC,0090,07,373634,330,524670,1,0,2026-06-18,PE1,,true
EC,0090,07,365882,330,524670,1,0,2026-06-18,PE1,,true
EC,0090,07,364599,330,524670,1,0,2026-06-18,PE1,,true
EC,0090,07,364598,330,524670,1,0,2026-06-18,PE1,,true
EC,0090,07,360768,330,524670,1,0,2026-06-18,PE1,,true
EC,0090,07,377304,330,524670,1,0,2026-06-18,PE1,,true
EC,0090,07,382522,330,524670,1,0,2026-06-18,PE1,,true
EC,0090,07,382072,330,524670,1,0,2026-06-18,PE1,,true
EC,0090,07,379251,330,524670,1,0,2026-06-18,PE1,,true
EC,0090,07,389949,330,524670,1,0,2026-06-18,PE1,,true
EC,0090,07,387236,330,524670,1,0,2026-06-18,PE1,,true
EC,0090,07,387199,330,524670,1,0,2026-06-18,PE1,,true
EC,0090,07,384758,330,524670,1,0,2026-06-18,PE1,,true
EC,0090,07,414690,330,524670,1,0,2026-06-18,PE1,,true
EC,0090,07,415654,330,524670,1,0,2026-06-18,PE1,,true
EC,0090,07,83405,330,524670,1,0,2026-06-18,PE1,,true
EC,0090,07,82388,330,524670,1,0,2026-06-18,PE1,,true
EC,0090,07,84498,330,524670,1,0,2026-06-18,PE1,,true
EC,0090,07,85296,330,524670,1,0,2026-06-18,PE1,,true
EC,0090,07,420366,330,524670,1,0,2026-06-18,PE1,,true
EC,0090,07,419785,330,524670,1,0,2026-06-18,PE1,,true
EC,0090,07,85933,330,524670,1,0,2026-06-18,PE1,,true
EC,0090,07,85488,330,524670,1,0,2026-06-18,PE1,,true
EC,0090,07,421617,330,524670,1,0,2026-06-18,PE1,,true
EC,0090,07,431313,330,524670,1,0,2026-06-18,PE1,,true
EC,0090,07,428893,330,524670,1,0,2026-06-18,PE1,,true
EC,0090,07,432702,330,524670,1,0,2026-06-18,PE1,,true
EC,0090,07,432253,330,524670,1,0,2026-06-18,PE1,,true
EC,0090,07,437982,330,524670,1,0,2026-06-18,PE1,,true
EC,0090,07,437597,330,524670,1,0,2026-06-18,PE1,,true
EC,0090,07,438482,330,524670,1,0,2026-06-18,PE1,,true
EC,0090,07,443691,330,524670,1,0,2026-06-18,PE1,,true
EC,0090,07,446961,330,524670,1,0,2026-06-18,PE1,,true
EC,0090,07,456174,330,524670,1,0,2026-06-18,PE1,,true
EC,0090,07,454542,330,524670,1,0,2026-06-18,PE1,,true
EC,0090,07,462941,330,524670,1,0,2026-06-18,PE1,,true
EC,0090,07,464683,330,524670,1,0,2026-06-18,PE1,,true
EC,0090,07,425394,330,524670,1,0,2026-06-18,PE1,,true
EC,0090,07,466390,330,524670,1,0,2026-06-18,PE1,,true
EC,0090,07,469759,330,524670,1,0,2026-06-18,PE1,,true
EC,0090,07,469382,330,524670,1,0,2026-06-18,PE1,,true
EC,0090,07,477493,330,524670,1,0,2026-06-18,PE1,,true
EC,0090,07,478703,330,524670,1,0,2026-06-18,PE1,,true
EC,0090,07,478493,330,524670,1,0,2026-06-18,PE1,,true
EC,0090,07,479766,330,524670,1,0,2026-06-18,PE1,,true
EC,0090,07,481429,330,524670,1,0,2026-06-18,PE1,,true
EC,0090,07,482356,330,524670,1,0,2026-06-18,PE1,,true
EC,0090,07,482848,330,524670,1,0,2026-06-18,PE1,,true
EC,0090,07,486564,330,524670,1,0,2026-06-18,PE1,,true
EC,0090,07,486383,330,524670,1,0,2026-06-18,PE1,,true
EC,0090,07,234454,331,524670,1,0,2026-06-18,PE1,,true
EC,0090,07,234267,331,524670,1,0,2026-06-18,PE1,,true
EC,0090,07,235281,331,524670,1,0,2026-06-18,PE1,,true
EC,0090,07,234452,331,524670,1,0,2026-06-18,PE1,,true
EC,0090,07,234450,331,524670,1,0,2026-06-18,PE1,,true
EC,0090,07,234268,331,524670,1,0,2026-06-18,PE1,,true
EC,0090,07,234211,331,524670,1,0,2026-06-18,PE1,,true
EC,0090,07,299833,331,524670,1,0,2026-06-18,PE1,,true
EC,0090,07,299831,331,524670,1,0,2026-06-18,PE1,,true
EC,0090,07,282601,331,524670,1,0,2026-06-18,PE1,,true
EC,0090,07,282591,331,524670,1,0,2026-06-18,PE1,,true
EC,0090,07,282579,331,524670,1,0,2026-06-18,PE1,,true
EC,0090,07,329044,331,524670,1,0,2026-06-18,PE1,,true
EC,0090,07,329043,331,524670,1,0,2026-06-18,PE1,,true
EC,0090,07,329040,331,524670,1,0,2026-06-18,PE1,,true
EC,0090,07,329036,331,524670,1,0,2026-06-18,PE1,,true
EC,0090,07,378459,331,524670,1,0,2026-06-18,PE1,,true
EC,0090,07,376827,331,524670,1,0,2026-06-18,PE1,,true
EC,0090,07,374170,331,524670,1,0,2026-06-18,PE1,,true
EC,0090,07,374169,331,524670,1,0,2026-06-18,PE1,,true
EC,0090,07,374167,331,524670,1,0,2026-06-18,PE1,,true
EC,0090,07,374162,331,524670,1,0,2026-06-18,PE1,,true
EC,0090,07,374161,331,524670,1,0,2026-06-18,PE1,,true
EC,0090,07,391656,331,524670,1,0,2026-06-18,PE1,,true
EC,0090,07,390921,331,524670,1,0,2026-06-18,PE1,,true
EC,0090,07,397977,331,524670,1,0,2026-06-18,PE1,,true
EC,0090,07,394757,331,524670,1,0,2026-06-18,PE1,,true
EC,0090,07,411234,331,524670,1,0,2026-06-18,PE1,,true
EC,0090,07,416270,331,524670,1,0,2026-06-18,PE1,,true
EC,0090,07,415770,331,524670,1,0,2026-06-18,PE1,,true
EC,0090,07,414850,331,524670,1,0,2026-06-18,PE1,,true
EC,0090,07,422352,331,524670,1,0,2026-06-18,PE1,,true
EC,0090,07,422008,331,524670,1,0,2026-06-18,PE1,,true
EC,0090,07,427029,331,524670,1,0,2026-06-18,PE1,,true
EC,0090,07,431836,331,524670,1,0,2026-06-18,PE1,,true
EC,0090,07,429297,331,524670,1,0,2026-06-18,PE1,,true
EC,0090,07,428884,331,524670,1,0,2026-06-18,PE1,,true
EC,0090,07,434438,331,524670,1,0,2026-06-18,PE1,,true
EC,0090,07,432811,331,524670,1,0,2026-06-18,PE1,,true
EC,0090,07,432471,331,524670,1,0,2026-06-18,PE1,,true
EC,0090,07,436686,331,524670,1,0,2026-06-18,PE1,,true
EC,0090,07,441073,331,524670,1,0,2026-06-18,PE1,,true
EC,0090,07,441126,331,524670,1,0,2026-06-18,PE1,,true
EC,0090,07,441419,331,524670,1,0,2026-06-18,PE1,,true
EC,0090,07,442013,331,524670,1,0,2026-06-18,PE1,,true
EC,0090,07,442011,331,524670,1,0,2026-06-18,PE1,,true
EC,0090,07,442010,331,524670,1,0,2026-06-18,PE1,,true
EC,0090,07,444278,331,524670,1,0,2026-06-18,PE1,,true
EC,0090,07,449538,331,524670,1,0,2026-06-18,PE1,,true
EC,0090,07,456430,331,524670,1,0,2026-06-18,PE1,,true
EC,0090,07,458779,331,524670,1,0,2026-06-18,PE1,,true
EC,0090,07,466596,331,524670,1,0,2026-06-18,PE1,,true
EC,0090,07,470821,331,524670,1,0,2026-06-18,PE1,,true
EC,0090,07,470822,331,524670,1,0,2026-06-18,PE1,,true
EC,0090,07,473225,331,524670,1,0,2026-06-18,PE1,,true
EC,0090,07,473224,331,524670,1,0,2026-06-18,PE1,,true
EC,0090,07,474992,331,524670,1,0,2026-06-18,PE1,,true
EC,0090,07,478018,331,524670,1,0,2026-06-18,PE1,,true
EC,0090,07,478934,331,524670,1,0,2026-06-18,PE1,,true
EC,0090,07,480757,331,524670,1,0,2026-06-18,PE1,,true
EC,0090,07,480756,331,524670,1,0,2026-06-18,PE1,,true
EC,0090,07,481011,331,524670,1,0,2026-06-18,PE1,,true
EC,0090,07,480958,331,524670,1,0,2026-06-18,PE1,,true
EC,0090,07,480833,331,524670,1,0,2026-06-18,PE1,,true
EC,0090,07,482869,331,524670,1,0,2026-06-18,PE1,,true
EC,0090,07,482606,331,524670,1,0,2026-06-18,PE1,,true
EC,0090,07,486005,331,524670,1,0,2026-06-18,PE1,,true
EC,0090,07,489249,331,524670,1,0,2026-06-18,PE1,,true
EC,0090,07,211756,339,524670,1,0,2026-06-18,PE1,,true
EC,0090,07,205736,339,524670,1,0,2026-06-18,PE1,,true
EC,0090,07,175738,339,524670,1,0,2026-06-18,PE1,,true
EC,0090,07,119524,339,524670,1,0,2026-06-18,PE1,,true
EC,0090,07,82867,339,524670,1,0,2026-06-18,PE1,,true
EC,0090,07,82425,339,524670,1,0,2026-06-18,PE1,,true
EC,0090,07,84622,339,524670,1,0,2026-06-18,PE1,,true
EC,0090,07,83445,339,524670,1,0,2026-06-18,PE1,,true
EC,0090,07,118811,339,524670,1,0,2026-06-18,PE1,,true
EC,0090,07,105298,339,524670,1,0,2026-06-18,PE1,,true
EC,0090,07,210513,339,524670,1,0,2026-06-18,PE1,,true
EC,0090,07,205434,339,524670,1,0,2026-06-18,PE1,,true
EC,0090,07,182972,339,524670,1,0,2026-06-18,PE1,,true
EC,0090,07,180423,339,524670,1,0,2026-06-18,PE1,,true
EC,0090,07,174474,339,524670,1,0,2026-06-18,PE1,,true
EC,0090,07,141632,339,524670,1,0,2026-06-18,PE1,,true
EC,0090,07,238837,339,524670,1,0,2026-06-18,PE1,,true
EC,0090,07,295181,339,524670,1,0,2026-06-18,PE1,,true
EC,0090,07,251378,339,524670,1,0,2026-06-18,PE1,,true
EC,0090,07,332823,339,524670,1,0,2026-06-18,PE1,,true
EC,0090,07,317652,339,524670,1,0,2026-06-18,PE1,,true
EC,0090,07,337717,339,524670,1,0,2026-06-18,PE1,,true
EC,0090,07,333987,339,524670,1,0,2026-06-18,PE1,,true
EC,0090,07,373945,339,524670,1,0,2026-06-18,PE1,,true
EC,0090,07,373944,339,524670,1,0,2026-06-18,PE1,,true
EC,0090,07,363179,339,524670,1,0,2026-06-18,PE1,,true
EC,0090,07,378449,339,524670,1,0,2026-06-18,PE1,,true
EC,0090,07,374873,339,524670,1,0,2026-06-18,PE1,,true
EC,0090,07,374797,339,524670,1,0,2026-06-18,PE1,,true
EC,0090,07,381662,339,524670,1,0,2026-06-18,PE1,,true
EC,0090,07,379385,339,524670,1,0,2026-06-18,PE1,,true
EC,0090,07,387413,339,524670,1,0,2026-06-18,PE1,,true
EC,0090,07,382959,339,524670,1,0,2026-06-18,PE1,,true
EC,0090,07,399942,339,524670,1,0,2026-06-18,PE1,,true
EC,0090,07,399609,339,524670,1,0,2026-06-18,PE1,,true
EC,0090,07,416895,339,524670,1,0,2026-06-18,PE1,,true
EC,0090,07,416376,339,524670,1,0,2026-06-18,PE1,,true
EC,0090,07,415964,339,524670,1,0,2026-06-18,PE1,,true
EC,0090,07,415772,339,524670,1,0,2026-06-18,PE1,,true
EC,0090,07,83412,339,524670,1,0,2026-06-18,PE1,,true
EC,0090,07,82919,339,524670,1,0,2026-06-18,PE1,,true
EC,0090,07,85389,339,524670,1,0,2026-06-18,PE1,,true
EC,0090,07,84653,339,524670,1,0,2026-06-18,PE1,,true
EC,0090,07,84649,339,524670,1,0,2026-06-18,PE1,,true
EC,0090,07,84641,339,524670,1,0,2026-06-18,PE1,,true
EC,0090,07,84615,339,524670,1,0,2026-06-18,PE1,,true
EC,0090,07,84614,339,524670,1,0,2026-06-18,PE1,,true
EC,0090,07,420113,339,524670,1,0,2026-06-18,PE1,,true
EC,0090,07,85493,339,524670,1,0,2026-06-18,PE1,,true
EC,0090,07,432228,339,524670,1,0,2026-06-18,PE1,,true
EC,0090,07,430409,339,524670,1,0,2026-06-18,PE1,,true
EC,0090,07,434761,339,524670,1,0,2026-06-18,PE1,,true
EC,0090,07,373627,339,524670,1,0,2026-06-18,PE1,,true
EC,0090,07,436984,339,524670,1,0,2026-06-18,PE1,,true
EC,0090,07,436765,339,524670,1,0,2026-06-18,PE1,,true
EC,0090,07,435195,339,524670,1,0,2026-06-18,PE1,,true
EC,0090,07,439153,339,524670,1,0,2026-06-18,PE1,,true
EC,0090,07,443567,339,524670,1,0,2026-06-18,PE1,,true
EC,0090,07,442254,339,524670,1,0,2026-06-18,PE1,,true
EC,0090,07,444481,339,524670,1,0,2026-06-18,PE1,,true
EC,0090,07,449888,339,524670,1,0,2026-06-18,PE1,,true
EC,0090,07,454505,339,524670,1,0,2026-06-18,PE1,,true
EC,0090,07,457225,339,524670,1,0,2026-06-18,PE1,,true
EC,0090,07,458893,339,524670,1,0,2026-06-18,PE1,,true
EC,0090,07,458843,339,524670,1,0,2026-06-18,PE1,,true
EC,0090,07,458062,339,524670,1,0,2026-06-18,PE1,,true
EC,0090,07,473313,339,524670,1,0,2026-06-18,PE1,,true
EC,0090,07,474631,339,524670,1,0,2026-06-18,PE1,,true
EC,0090,07,477979,339,524670,1,0,2026-06-18,PE1,,true
EC,0090,07,478807,339,524670,1,0,2026-06-18,PE1,,true
EC,0090,07,478533,339,524670,1,0,2026-06-18,PE1,,true
EC,0090,07,480749,339,524670,1,0,2026-06-18,PE1,,true
EC,0090,07,480624,339,524670,1,0,2026-06-18,PE1,,true
EC,0090,07,480260,339,524670,1,0,2026-06-18,PE1,,true
EC,0090,07,479077,339,524670,1,0,2026-06-18,PE1,,true
EC,0090,07,360957,339,524670,1,0,2026-06-18,PE1,,true
EC,0090,07,483023,339,524670,1,0,2026-06-18,PE1,,true
EC,0090,07,489169,339,524670,1,0,2026-06-18,PE1,,true
EC,0090,07,131794,342,524670,1,0,2026-06-18,PE1,,true
EC,0090,07,82592,342,524670,1,0,2026-06-18,PE1,,true
EC,0090,07,82348,342,524670,1,0,2026-06-18,PE1,,true
EC,0090,07,83703,342,524670,1,0,2026-06-18,PE1,,true
EC,0090,07,83702,342,524670,1,0,2026-06-18,PE1,,true
EC,0090,07,83546,342,524670,1,0,2026-06-18,PE1,,true
EC,0090,07,119185,342,524670,1,0,2026-06-18,PE1,,true
EC,0090,07,205833,342,524670,1,0,2026-06-18,PE1,,true
EC,0090,07,205321,342,524670,1,0,2026-06-18,PE1,,true
EC,0090,07,182866,342,524670,1,0,2026-06-18,PE1,,true
EC,0090,07,161820,342,524670,1,0,2026-06-18,PE1,,true
EC,0090,07,144120,342,524670,1,0,2026-06-18,PE1,,true
EC,0090,07,141785,342,524670,1,0,2026-06-18,PE1,,true
EC,0090,07,136903,342,524670,1,0,2026-06-18,PE1,,true
EC,0090,07,242806,342,524670,1,0,2026-06-18,PE1,,true
EC,0090,07,240218,342,524670,1,0,2026-06-18,PE1,,true
EC,0090,07,302275,342,524670,1,0,2026-06-18,PE1,,true
EC,0090,07,275457,342,524670,1,0,2026-06-18,PE1,,true
EC,0090,07,324220,342,524670,1,0,2026-06-18,PE1,,true
EC,0090,07,324129,342,524670,1,0,2026-06-18,PE1,,true
EC,0090,07,336960,342,524670,1,0,2026-06-18,PE1,,true
EC,0090,07,376283,342,524670,1,0,2026-06-18,PE1,,true
EC,0090,07,374746,342,524670,1,0,2026-06-18,PE1,,true
EC,0090,07,381587,342,524670,1,0,2026-06-18,PE1,,true
EC,0090,07,387230,342,524670,1,0,2026-06-18,PE1,,true
EC,0090,07,385277,342,524670,1,0,2026-06-18,PE1,,true
EC,0090,07,399147,342,524670,1,0,2026-06-18,PE1,,true
EC,0090,07,398226,342,524670,1,0,2026-06-18,PE1,,true
EC,0090,07,395153,342,524670,1,0,2026-06-18,PE1,,true
EC,0090,07,406554,342,524670,1,0,2026-06-18,PE1,,true
EC,0090,07,406552,342,524670,1,0,2026-06-18,PE1,,true
EC,0090,07,406240,342,524670,1,0,2026-06-18,PE1,,true
EC,0090,07,400388,342,524670,1,0,2026-06-18,PE1,,true
EC,0090,07,413112,342,524670,1,0,2026-06-18,PE1,,true
EC,0090,07,411895,342,524670,1,0,2026-06-18,PE1,,true
EC,0090,07,411237,342,524670,1,0,2026-06-18,PE1,,true
EC,0090,07,415339,342,524670,1,0,2026-06-18,PE1,,true
EC,0090,07,419097,342,524670,1,0,2026-06-18,PE1,,true
EC,0090,07,82578,342,524670,1,0,2026-06-18,PE1,,true
EC,0090,07,82291,342,524670,1,0,2026-06-18,PE1,,true
EC,0090,07,82274,342,524670,1,0,2026-06-18,PE1,,true
EC,0090,07,82268,342,524670,1,0,2026-06-18,PE1,,true
EC,0090,07,84154,342,524670,1,0,2026-06-18,PE1,,true
EC,0090,07,83788,342,524670,1,0,2026-06-18,PE1,,true
EC,0090,07,83750,342,524670,1,0,2026-06-18,PE1,,true
EC,0090,07,83742,342,524670,1,0,2026-06-18,PE1,,true
EC,0090,07,83738,342,524670,1,0,2026-06-18,PE1,,true
EC,0090,07,83732,342,524670,1,0,2026-06-18,PE1,,true
EC,0090,07,83726,342,524670,1,0,2026-06-18,PE1,,true
EC,0090,07,83717,342,524670,1,0,2026-06-18,PE1,,true
EC,0090,07,83694,342,524670,1,0,2026-06-18,PE1,,true
EC,0090,07,83688,342,524670,1,0,2026-06-18,PE1,,true
EC,0090,07,83687,342,524670,1,0,2026-06-18,PE1,,true
EC,0090,07,83528,342,524670,1,0,2026-06-18,PE1,,true
EC,0090,07,85328,342,524670,1,0,2026-06-18,PE1,,true
EC,0090,07,420589,342,524670,1,0,2026-06-18,PE1,,true
EC,0090,07,82290,342,524670,1,0,2026-06-18,PE1,,true
EC,0090,07,178311,342,524670,1,0,2026-06-18,PE1,,true
EC,0090,07,82200,342,524670,1,0,2026-06-18,PE1,,true
EC,0090,07,85835,342,524670,1,0,2026-06-18,PE1,,true
EC,0090,07,423288,342,524670,1,0,2026-06-18,PE1,,true
EC,0090,07,422358,342,524670,1,0,2026-06-18,PE1,,true
EC,0090,07,300229,342,524670,1,0,2026-06-18,PE1,,true
EC,0090,07,420836,342,524670,1,0,2026-06-18,PE1,,true
EC,0090,07,429301,342,524670,1,0,2026-06-18,PE1,,true
EC,0090,07,429062,342,524670,1,0,2026-06-18,PE1,,true
EC,0090,07,434925,342,524670,1,0,2026-06-18,PE1,,true
EC,0090,07,180421,342,524670,1,0,2026-06-18,PE1,,true
EC,0090,07,436555,342,524670,1,0,2026-06-18,PE1,,true
EC,0090,07,435837,342,524670,1,0,2026-06-18,PE1,,true
EC,0090,07,435324,342,524670,1,0,2026-06-18,PE1,,true
EC,0090,07,439175,342,524670,1,0,2026-06-18,PE1,,true
EC,0090,07,443514,342,524670,1,0,2026-06-18,PE1,,true
EC,0090,07,443414,342,524670,1,0,2026-06-18,PE1,,true
EC,0090,07,446734,342,524670,1,0,2026-06-18,PE1,,true
EC,0090,07,446272,342,524670,1,0,2026-06-18,PE1,,true
EC,0090,07,444886,342,524670,1,0,2026-06-18,PE1,,true
EC,0090,07,452909,342,524670,1,0,2026-06-18,PE1,,true
EC,0090,07,457804,342,524670,1,0,2026-06-18,PE1,,true
EC,0090,07,457074,342,524670,1,0,2026-06-18,PE1,,true
EC,0090,07,456620,342,524670,1,0,2026-06-18,PE1,,true
EC,0090,07,463251,342,524670,1,0,2026-06-18,PE1,,true
EC,0090,07,468010,342,524670,1,0,2026-06-18,PE1,,true
EC,0090,07,467788,342,524670,1,0,2026-06-18,PE1,,true
EC,0090,07,470714,342,524670,1,0,2026-06-18,PE1,,true
EC,0090,07,470481,342,524670,1,0,2026-06-18,PE1,,true
EC,0090,07,473119,342,524670,1,0,2026-06-18,PE1,,true
EC,0090,07,475190,342,524670,1,0,2026-06-18,PE1,,true
EC,0090,07,475187,342,524670,1,0,2026-06-18,PE1,,true
EC,0090,07,478016,342,524670,1,0,2026-06-18,PE1,,true
EC,0090,07,480227,342,524670,1,0,2026-06-18,PE1,,true
EC,0090,07,480040,342,524670,1,0,2026-06-18,PE1,,true
EC,0090,07,482364,342,524670,1,0,2026-06-18,PE1,,true
EC,0090,07,482650,342,524670,1,0,2026-06-18,PE1,,true
EC,0090,07,482581,342,524670,1,0,2026-06-18,PE1,,true
EC,0090,07,488038,342,524670,1,0,2026-06-18,PE1,,true
EC,0090,07,487481,342,524670,1,0,2026-06-18,PE1,,true
EC,0090,07,487422,342,524670,1,0,2026-06-18,PE1,,true
EC,0090,07,181987,344,524670,1,0,2026-06-18,PE1,,true
EC,0090,07,82834,344,524670,1,0,2026-06-18,PE1,,true
EC,0090,07,82799,344,524670,1,0,2026-06-18,PE1,,true
EC,0090,07,82363,344,524670,1,0,2026-06-18,PE1,,true
EC,0090,07,84362,344,524670,1,0,2026-06-18,PE1,,true
EC,0090,07,84360,344,524670,1,0,2026-06-18,PE1,,true
EC,0090,07,84324,344,524670,1,0,2026-06-18,PE1,,true
EC,0090,07,122096,344,524670,1,0,2026-06-18,PE1,,true
EC,0090,07,118940,344,524670,1,0,2026-06-18,PE1,,true
EC,0090,07,210528,344,524670,1,0,2026-06-18,PE1,,true
EC,0090,07,237920,344,524670,1,0,2026-06-18,PE1,,true
EC,0090,07,289212,344,524670,1,0,2026-06-18,PE1,,true
EC,0090,07,331375,344,524670,1,0,2026-06-18,PE1,,true
EC,0090,07,329547,344,524670,1,0,2026-06-18,PE1,,true
EC,0090,07,328072,344,524670,1,0,2026-06-18,PE1,,true
EC,0090,07,321074,344,524670,1,0,2026-06-18,PE1,,true
EC,0090,07,352589,344,524670,1,0,2026-06-18,PE1,,true
EC,0090,07,333211,344,524670,1,0,2026-06-18,PE1,,true
EC,0090,07,369127,344,524670,1,0,2026-06-18,PE1,,true
EC,0090,07,375276,344,524670,1,0,2026-06-18,PE1,,true
EC,0090,07,374155,344,524670,1,0,2026-06-18,PE1,,true
EC,0090,07,381682,344,524670,1,0,2026-06-18,PE1,,true
EC,0090,07,380343,344,524670,1,0,2026-06-18,PE1,,true
EC,0090,07,380336,344,524670,1,0,2026-06-18,PE1,,true
EC,0090,07,390329,344,524670,1,0,2026-06-18,PE1,,true
EC,0090,07,389671,344,524670,1,0,2026-06-18,PE1,,true
EC,0090,07,386992,344,524670,1,0,2026-06-18,PE1,,true
EC,0090,07,399419,344,524670,1,0,2026-06-18,PE1,,true
EC,0090,07,398236,344,524670,1,0,2026-06-18,PE1,,true
EC,0090,07,406773,344,524670,1,0,2026-06-18,PE1,,true
EC,0090,07,417552,344,524670,1,0,2026-06-18,PE1,,true
EC,0090,07,84325,344,524670,1,0,2026-06-18,PE1,,true
EC,0090,07,84280,344,524670,1,0,2026-06-18,PE1,,true
EC,0090,07,84238,344,524670,1,0,2026-06-18,PE1,,true
EC,0090,07,420148,344,524670,1,0,2026-06-18,PE1,,true
EC,0090,07,420125,344,524670,1,0,2026-06-18,PE1,,true
EC,0090,07,205264,344,524670,1,0,2026-06-18,PE1,,true
EC,0090,07,422680,344,524670,1,0,2026-06-18,PE1,,true
EC,0090,07,421552,344,524670,1,0,2026-06-18,PE1,,true
EC,0090,07,427559,344,524670,1,0,2026-06-18,PE1,,true
EC,0090,07,426291,344,524670,1,0,2026-06-18,PE1,,true
EC,0090,07,425291,344,524670,1,0,2026-06-18,PE1,,true
EC,0090,07,432218,344,524670,1,0,2026-06-18,PE1,,true
EC,0090,07,361744,344,524670,1,0,2026-06-18,PE1,,true
EC,0090,07,438337,344,524670,1,0,2026-06-18,PE1,,true
EC,0090,07,438225,344,524670,1,0,2026-06-18,PE1,,true
EC,0090,07,437465,344,524670,1,0,2026-06-18,PE1,,true
EC,0090,07,436985,344,524670,1,0,2026-06-18,PE1,,true
EC,0090,07,437818,344,524670,1,0,2026-06-18,PE1,,true
EC,0090,07,439396,344,524670,1,0,2026-06-18,PE1,,true
EC,0090,07,444261,344,524670,1,0,2026-06-18,PE1,,true
EC,0090,07,448020,344,524670,1,0,2026-06-18,PE1,,true
EC,0090,07,453553,344,524670,1,0,2026-06-18,PE1,,true
EC,0090,07,453049,344,524670,1,0,2026-06-18,PE1,,true
EC,0090,07,456523,344,524670,1,0,2026-06-18,PE1,,true
EC,0090,07,457821,344,524670,1,0,2026-06-18,PE1,,true
EC,0090,07,458455,344,524670,1,0,2026-06-18,PE1,,true
EC,0090,07,459380,344,524670,1,0,2026-06-18,PE1,,true
EC,0090,07,465671,344,524670,1,0,2026-06-18,PE1,,true
EC,0090,07,465389,344,524670,1,0,2026-06-18,PE1,,true
EC,0090,07,469233,344,524670,1,0,2026-06-18,PE1,,true
EC,0090,07,471465,344,524670,1,0,2026-06-18,PE1,,true
EC,0090,07,471167,344,524670,1,0,2026-06-18,PE1,,true
EC,0090,07,473219,344,524670,1,0,2026-06-18,PE1,,true
EC,0090,07,473100,344,524670,1,0,2026-06-18,PE1,,true
EC,0090,07,474997,344,524670,1,0,2026-06-18,PE1,,true
EC,0090,07,475427,344,524670,1,0,2026-06-18,PE1,,true
EC,0090,07,479029,344,524670,1,0,2026-06-18,PE1,,true
EC,0090,07,478928,344,524670,1,0,2026-06-18,PE1,,true
EC,0090,07,478929,344,524670,1,0,2026-06-18,PE1,,true
EC,0090,07,478066,344,524670,1,0,2026-06-18,PE1,,true
EC,0090,07,481889,344,524670,1,0,2026-06-18,PE1,,true
EC,0090,07,481646,344,524670,1,0,2026-06-18,PE1,,true
EC,0090,07,481577,344,524670,1,0,2026-06-18,PE1,,true
EC,0090,07,481497,344,524670,1,0,2026-06-18,PE1,,true
EC,0090,07,480955,344,524670,1,0,2026-06-18,PE1,,true
EC,0090,07,482351,344,524670,1,0,2026-06-18,PE1,,true
EC,0090,07,482096,344,524670,1,0,2026-06-18,PE1,,true
EC,0090,07,482091,344,524670,1,0,2026-06-18,PE1,,true
EC,0090,07,482846,344,524670,1,0,2026-06-18,PE1,,true
EC,0090,07,482603,344,524670,1,0,2026-06-18,PE1,,true
EC,0090,07,484468,344,524670,1,0,2026-06-18,PE1,,true
EC,0090,07,483895,344,524670,1,0,2026-06-18,PE1,,true
EC,0090,07,483731,344,524670,1,0,2026-06-18,PE1,,true
EC,0090,07,483575,344,524670,1,0,2026-06-18,PE1,,true
EC,0090,07,483110,344,524670,1,0,2026-06-18,PE1,,true
EC,0090,07,485930,344,524670,1,0,2026-06-18,PE1,,true
EC,0090,07,485477,344,524670,1,0,2026-06-18,PE1,,true
EC,0090,07,485097,344,524670,1,0,2026-06-18,PE1,,true
EC,0090,07,486686,344,524670,1,0,2026-06-18,PE1,,true
EC,0090,07,486685,344,524670,1,0,2026-06-18,PE1,,true
EC,0090,07,486559,344,524670,1,0,2026-06-18,PE1,,true
EC,0090,07,488146,344,524670,1,0,2026-06-18,PE1,,true
EC,0090,07,487978,344,524670,1,0,2026-06-18,PE1,,true
EC,0090,07,487503,344,524670,1,0,2026-06-18,PE1,,true
EC,0090,07,487285,344,524670,1,0,2026-06-18,PE1,,true
EC,0090,07,489406,344,524670,1,0,2026-06-18,PE1,,true
EC,0090,07,489196,344,524670,1,0,2026-06-18,PE1,,true
EC,0090,07,489170,344,524670,1,0,2026-06-18,PE1,,true
EC,0090,07,488790,344,524670,1,0,2026-06-18,PE1,,true
EC,0090,07,488782,344,524670,1,0,2026-06-18,PE1,,true
EC,0090,07,488504,344,524670,1,0,2026-06-18,PE1,,true
EC,0090,07,182173,347,524670,1,0,2026-06-18,PE1,,true
EC,0090,07,122080,347,524670,1,0,2026-06-18,PE1,,true
EC,0090,07,126340,347,524670,1,0,2026-06-18,PE1,,true
EC,0090,07,126327,347,524670,1,0,2026-06-18,PE1,,true
EC,0090,07,125668,347,524670,1,0,2026-06-18,PE1,,true
EC,0090,07,118797,347,524670,1,0,2026-06-18,PE1,,true
EC,0090,07,85184,347,524670,1,0,2026-06-18,PE1,,true
EC,0090,07,85126,347,524670,1,0,2026-06-18,PE1,,true
EC,0090,07,85118,347,524670,1,0,2026-06-18,PE1,,true
EC,0090,07,209024,347,524670,1,0,2026-06-18,PE1,,true
EC,0090,07,205428,347,524670,1,0,2026-06-18,PE1,,true
EC,0090,07,205341,347,524670,1,0,2026-06-18,PE1,,true
EC,0090,07,241233,347,524670,1,0,2026-06-18,PE1,,true
EC,0090,07,236617,347,524670,1,0,2026-06-18,PE1,,true
EC,0090,07,235196,347,524670,1,0,2026-06-18,PE1,,true
EC,0090,07,228943,347,524670,1,0,2026-06-18,PE1,,true
EC,0090,07,227527,347,524670,1,0,2026-06-18,PE1,,true
EC,0090,07,281106,347,524670,1,0,2026-06-18,PE1,,true
EC,0090,07,251899,347,524670,1,0,2026-06-18,PE1,,true
EC,0090,07,329662,347,524670,1,0,2026-06-18,PE1,,true
EC,0090,07,328149,347,524670,1,0,2026-06-18,PE1,,true
EC,0090,07,373601,347,524670,1,0,2026-06-18,PE1,,true
EC,0090,07,373063,347,524670,1,0,2026-06-18,PE1,,true
EC,0090,07,369921,347,524670,1,0,2026-06-18,PE1,,true
EC,0090,07,374207,347,524670,1,0,2026-06-18,PE1,,true
EC,0090,07,382623,347,524670,1,0,2026-06-18,PE1,,true
EC,0090,07,379955,347,524670,1,0,2026-06-18,PE1,,true
EC,0090,07,379759,347,524670,1,0,2026-06-18,PE1,,true
EC,0090,07,389497,347,524670,1,0,2026-06-18,PE1,,true
EC,0090,07,389041,347,524670,1,0,2026-06-18,PE1,,true
EC,0090,07,391222,347,524670,1,0,2026-06-18,PE1,,true
EC,0090,07,390938,347,524670,1,0,2026-06-18,PE1,,true
EC,0090,07,398739,347,524670,1,0,2026-06-18,PE1,,true
EC,0090,07,412414,347,524670,1,0,2026-06-18,PE1,,true
EC,0090,07,416755,347,524670,1,0,2026-06-18,PE1,,true
EC,0090,07,415428,347,524670,1,0,2026-06-18,PE1,,true
EC,0090,07,415034,347,524670,1,0,2026-06-18,PE1,,true
EC,0090,07,82895,347,524670,1,0,2026-06-18,PE1,,true
EC,0090,07,82874,347,524670,1,0,2026-06-18,PE1,,true
EC,0090,07,82561,347,524670,1,0,2026-06-18,PE1,,true
EC,0090,07,85473,347,524670,1,0,2026-06-18,PE1,,true
EC,0090,07,85105,347,524670,1,0,2026-06-18,PE1,,true
EC,0090,07,86070,347,524670,1,0,2026-06-18,PE1,,true
EC,0090,07,86007,347,524670,1,0,2026-06-18,PE1,,true
EC,0090,07,85571,347,524670,1,0,2026-06-18,PE1,,true
EC,0090,07,85570,347,524670,1,0,2026-06-18,PE1,,true
EC,0090,07,85475,347,524670,1,0,2026-06-18,PE1,,true
EC,0090,07,239241,347,524670,1,0,2026-06-18,PE1,,true
EC,0090,07,420743,347,524670,1,0,2026-06-18,PE1,,true
EC,0090,07,426314,347,524670,1,0,2026-06-18,PE1,,true
EC,0090,07,434350,347,524670,1,0,2026-06-18,PE1,,true
EC,0090,07,432284,347,524670,1,0,2026-06-18,PE1,,true
EC,0090,07,438164,347,524670,1,0,2026-06-18,PE1,,true
EC,0090,07,438529,347,524670,1,0,2026-06-18,PE1,,true
EC,0090,07,442691,347,524670,1,0,2026-06-18,PE1,,true
EC,0090,07,443752,347,524670,1,0,2026-06-18,PE1,,true
EC,0090,07,454161,347,524670,1,0,2026-06-18,PE1,,true
EC,0090,07,454424,347,524670,1,0,2026-06-18,PE1,,true
EC,0090,07,458928,347,524670,1,0,2026-06-18,PE1,,true
EC,0090,07,467222,347,524670,1,0,2026-06-18,PE1,,true
EC,0090,07,466870,347,524670,1,0,2026-06-18,PE1,,true
EC,0090,07,466498,347,524670,1,0,2026-06-18,PE1,,true
EC,0090,07,470337,347,524670,1,0,2026-06-18,PE1,,true
EC,0090,07,473676,347,524670,1,0,2026-06-18,PE1,,true
EC,0090,07,473296,347,524670,1,0,2026-06-18,PE1,,true
EC,0090,07,472937,347,524670,1,0,2026-06-18,PE1,,true
EC,0090,07,478477,347,524670,1,0,2026-06-18,PE1,,true
EC,0090,07,481325,347,524670,1,0,2026-06-18,PE1,,true
EC,0090,07,481216,347,524670,1,0,2026-06-18,PE1,,true
EC,0090,07,481207,347,524670,1,0,2026-06-18,PE1,,true
EC,0090,07,482383,347,524670,1,0,2026-06-18,PE1,,true
EC,0090,07,485253,347,524670,1,0,2026-06-18,PE1,,true
EC,0090,07,487155,347,524670,1,0,2026-06-18,PE1,,true
EC,0090,07,183971,348,524670,1,0,2026-06-18,PE1,,true
EC,0090,07,82932,348,524670,1,0,2026-06-18,PE1,,true
EC,0090,07,82335,348,524670,1,0,2026-06-18,PE1,,true
EC,0090,07,390053,348,524670,1,0,2026-06-18,PE1,,true
EC,0090,07,84480,348,524670,1,0,2026-06-18,PE1,,true
EC,0090,07,84477,348,524670,1,0,2026-06-18,PE1,,true
EC,0090,07,84473,348,524670,1,0,2026-06-18,PE1,,true
EC,0090,07,84431,348,524670,1,0,2026-06-18,PE1,,true
EC,0090,07,122519,348,524670,1,0,2026-06-18,PE1,,true
EC,0090,07,85868,348,524670,1,0,2026-06-18,PE1,,true
EC,0090,07,85853,348,524670,1,0,2026-06-18,PE1,,true
EC,0090,07,85453,348,524670,1,0,2026-06-18,PE1,,true
EC,0090,07,180461,348,524670,1,0,2026-06-18,PE1,,true
EC,0090,07,180415,348,524670,1,0,2026-06-18,PE1,,true
EC,0090,07,304079,348,524670,1,0,2026-06-18,PE1,,true
EC,0090,07,303758,348,524670,1,0,2026-06-18,PE1,,true
EC,0090,07,330604,348,524670,1,0,2026-06-18,PE1,,true
EC,0090,07,317564,348,524670,1,0,2026-06-18,PE1,,true
EC,0090,07,349504,348,524670,1,0,2026-06-18,PE1,,true
EC,0090,07,373139,348,524670,1,0,2026-06-18,PE1,,true
EC,0090,07,373137,348,524670,1,0,2026-06-18,PE1,,true
EC,0090,07,373135,348,524670,1,0,2026-06-18,PE1,,true
EC,0090,07,373134,348,524670,1,0,2026-06-18,PE1,,true
EC,0090,07,378030,348,524670,1,0,2026-06-18,PE1,,true
EC,0090,07,374132,348,524670,1,0,2026-06-18,PE1,,true
EC,0090,07,374123,348,524670,1,0,2026-06-18,PE1,,true
EC,0090,07,374122,348,524670,1,0,2026-06-18,PE1,,true
EC,0090,07,374121,348,524670,1,0,2026-06-18,PE1,,true
EC,0090,07,374025,348,524670,1,0,2026-06-18,PE1,,true
EC,0090,07,382523,348,524670,1,0,2026-06-18,PE1,,true
EC,0090,07,380501,348,524670,1,0,2026-06-18,PE1,,true
EC,0090,07,378628,348,524670,1,0,2026-06-18,PE1,,true
EC,0090,07,386590,348,524670,1,0,2026-06-18,PE1,,true
EC,0090,07,385075,348,524670,1,0,2026-06-18,PE1,,true
EC,0090,07,391779,348,524670,1,0,2026-06-18,PE1,,true
EC,0090,07,393804,348,524670,1,0,2026-06-18,PE1,,true
EC,0090,07,403964,348,524670,1,0,2026-06-18,PE1,,true
EC,0090,07,411405,348,524670,1,0,2026-06-18,PE1,,true
EC,0090,07,418442,348,524670,1,0,2026-06-18,PE1,,true
EC,0090,07,418045,348,524670,1,0,2026-06-18,PE1,,true
EC,0090,07,82927,348,524670,1,0,2026-06-18,PE1,,true
EC,0090,07,84541,348,524670,1,0,2026-06-18,PE1,,true
EC,0090,07,84468,348,524670,1,0,2026-06-18,PE1,,true
EC,0090,07,85462,348,524670,1,0,2026-06-18,PE1,,true
EC,0090,07,85867,348,524670,1,0,2026-06-18,PE1,,true
EC,0090,07,427959,348,524670,1,0,2026-06-18,PE1,,true
EC,0090,07,427700,348,524670,1,0,2026-06-18,PE1,,true
EC,0090,07,424904,348,524670,1,0,2026-06-18,PE1,,true
EC,0090,07,431312,348,524670,1,0,2026-06-18,PE1,,true
EC,0090,07,330709,348,524670,1,0,2026-06-18,PE1,,true
EC,0090,07,429045,348,524670,1,0,2026-06-18,PE1,,true
EC,0090,07,432971,348,524670,1,0,2026-06-18,PE1,,true
EC,0090,07,432626,348,524670,1,0,2026-06-18,PE1,,true
EC,0090,07,444776,348,524670,1,0,2026-06-18,PE1,,true
EC,0090,07,444775,348,524670,1,0,2026-06-18,PE1,,true
EC,0090,07,444710,348,524670,1,0,2026-06-18,PE1,,true
EC,0090,07,444549,348,524670,1,0,2026-06-18,PE1,,true
EC,0090,07,446318,348,524670,1,0,2026-06-18,PE1,,true
EC,0090,07,446062,348,524670,1,0,2026-06-18,PE1,,true
EC,0090,07,444921,348,524670,1,0,2026-06-18,PE1,,true
EC,0090,07,449804,348,524670,1,0,2026-06-18,PE1,,true
EC,0090,07,455803,348,524670,1,0,2026-06-18,PE1,,true
EC,0090,07,462907,348,524670,1,0,2026-06-18,PE1,,true
EC,0090,07,465363,348,524670,1,0,2026-06-18,PE1,,true
EC,0090,07,464351,348,524670,1,0,2026-06-18,PE1,,true
EC,0090,07,463953,348,524670,1,0,2026-06-18,PE1,,true
EC,0090,07,467528,348,524670,1,0,2026-06-18,PE1,,true
EC,0090,07,469457,348,524670,1,0,2026-06-18,PE1,,true
EC,0090,07,471445,348,524670,1,0,2026-06-18,PE1,,true
EC,0090,07,472893,348,524670,1,0,2026-06-18,PE1,,true
EC,0090,07,475201,348,524670,1,0,2026-06-18,PE1,,true
EC,0090,07,478879,348,524670,1,0,2026-06-18,PE1,,true
EC,0090,07,478433,348,524670,1,0,2026-06-18,PE1,,true
EC,0090,07,481496,348,524670,1,0,2026-06-18,PE1,,true
EC,0090,07,482352,348,524670,1,0,2026-06-18,PE1,,true
EC,0090,07,482179,348,524670,1,0,2026-06-18,PE1,,true
EC,0090,07,488263,348,524670,1,0,2026-06-18,PE1,,true
EC,0090,07,250049,349,524670,1,0,2026-06-18,PE1,,true
EC,0090,07,391979,349,524670,1,0,2026-06-18,PE1,,true
EC,0090,07,391919,349,524670,1,0,2026-06-18,PE1,,true
EC,0090,07,392168,349,524670,1,0,2026-06-18,PE1,,true
EC,0090,07,392166,349,524670,1,0,2026-06-18,PE1,,true
EC,0090,07,392051,349,524670,1,0,2026-06-18,PE1,,true
EC,0090,07,392296,349,524670,1,0,2026-06-18,PE1,,true
EC,0090,07,392197,349,524670,1,0,2026-06-18,PE1,,true
EC,0090,07,392496,349,524670,1,0,2026-06-18,PE1,,true
EC,0090,07,392426,349,524670,1,0,2026-06-18,PE1,,true
EC,0090,07,392407,349,524670,1,0,2026-06-18,PE1,,true
EC,0090,07,392769,349,524670,1,0,2026-06-18,PE1,,true
EC,0090,07,392768,349,524670,1,0,2026-06-18,PE1,,true
EC,0090,07,392714,349,524670,1,0,2026-06-18,PE1,,true
EC,0090,07,392703,349,524670,1,0,2026-06-18,PE1,,true
EC,0090,07,392678,349,524670,1,0,2026-06-18,PE1,,true
EC,0090,07,392669,349,524670,1,0,2026-06-18,PE1,,true
EC,0090,07,392894,349,524670,1,0,2026-06-18,PE1,,true
EC,0090,07,392815,349,524670,1,0,2026-06-18,PE1,,true
EC,0090,07,392811,349,524670,1,0,2026-06-18,PE1,,true
EC,0090,07,393096,349,524670,1,0,2026-06-18,PE1,,true
EC,0090,07,393065,349,524670,1,0,2026-06-18,PE1,,true
EC,0090,07,392967,349,524670,1,0,2026-06-18,PE1,,true
EC,0090,07,393252,349,524670,1,0,2026-06-18,PE1,,true
EC,0090,07,393200,349,524670,1,0,2026-06-18,PE1,,true
EC,0090,07,393126,349,524670,1,0,2026-06-18,PE1,,true
EC,0090,07,393372,349,524670,1,0,2026-06-18,PE1,,true
EC,0090,07,393366,349,524670,1,0,2026-06-18,PE1,,true
EC,0090,07,393358,349,524670,1,0,2026-06-18,PE1,,true
EC,0090,07,393349,349,524670,1,0,2026-06-18,PE1,,true
EC,0090,07,393298,349,524670,1,0,2026-06-18,PE1,,true
EC,0090,07,393539,349,524670,1,0,2026-06-18,PE1,,true
EC,0090,07,393538,349,524670,1,0,2026-06-18,PE1,,true
EC,0090,07,393496,349,524670,1,0,2026-06-18,PE1,,true
EC,0090,07,400037,349,524670,1,0,2026-06-18,PE1,,true
EC,0090,07,400036,349,524670,1,0,2026-06-18,PE1,,true
EC,0090,07,395209,349,524670,1,0,2026-06-18,PE1,,true
EC,0090,07,406551,349,524670,1,0,2026-06-18,PE1,,true
EC,0090,07,414567,349,524670,1,0,2026-06-18,PE1,,true
EC,0090,07,411769,349,524670,1,0,2026-06-18,PE1,,true
EC,0090,07,418900,349,524670,1,0,2026-06-18,PE1,,true
EC,0090,07,417918,349,524670,1,0,2026-06-18,PE1,,true
EC,0090,07,422211,349,524670,1,0,2026-06-18,PE1,,true
EC,0090,07,422027,349,524670,1,0,2026-06-18,PE1,,true
EC,0090,07,422015,349,524670,1,0,2026-06-18,PE1,,true
EC,0090,07,421632,349,524670,1,0,2026-06-18,PE1,,true
EC,0090,07,421825,349,524670,1,0,2026-06-18,PE1,,true
EC,0090,07,420845,349,524670,1,0,2026-06-18,PE1,,true
EC,0090,07,434052,349,524670,1,0,2026-06-18,PE1,,true
EC,0090,07,436894,349,524670,1,0,2026-06-18,PE1,,true
EC,0090,07,436687,349,524670,1,0,2026-06-18,PE1,,true
EC,0090,07,437843,349,524670,1,0,2026-06-18,PE1,,true
EC,0090,07,444735,349,524670,1,0,2026-06-18,PE1,,true
EC,0090,07,444734,349,524670,1,0,2026-06-18,PE1,,true
EC,0090,07,444705,349,524670,1,0,2026-06-18,PE1,,true
EC,0090,07,447187,349,524670,1,0,2026-06-18,PE1,,true
EC,0090,07,446266,349,524670,1,0,2026-06-18,PE1,,true
EC,0090,07,448729,349,524670,1,0,2026-06-18,PE1,,true
EC,0090,07,453795,349,524670,1,0,2026-06-18,PE1,,true
EC,0090,07,453427,349,524670,1,0,2026-06-18,PE1,,true
EC,0090,07,457689,349,524670,1,0,2026-06-18,PE1,,true
EC,0090,07,458034,349,524670,1,0,2026-06-18,PE1,,true
EC,0090,07,465232,349,524670,1,0,2026-06-18,PE1,,true
EC,0090,07,467789,349,524670,1,0,2026-06-18,PE1,,true
EC,0090,07,469063,349,524670,1,0,2026-06-18,PE1,,true
EC,0090,07,471672,349,524670,1,0,2026-06-18,PE1,,true
EC,0090,07,473365,349,524670,1,0,2026-06-18,PE1,,true
EC,0090,07,476705,349,524670,1,0,2026-06-18,PE1,,true
EC,0090,07,479019,349,524670,1,0,2026-06-18,PE1,,true
EC,0090,07,480814,349,524670,1,0,2026-06-18,PE1,,true
EC,0090,07,480362,349,524670,1,0,2026-06-18,PE1,,true
EC,0090,07,479387,349,524670,1,0,2026-06-18,PE1,,true
EC,0090,07,482605,349,524670,1,0,2026-06-18,PE1,,true
EC,0090,07,483576,349,524670,1,0,2026-06-18,PE1,,true
EC,0090,07,486002,349,524670,1,0,2026-06-18,PE1,,true
EC,0090,07,486800,349,524670,1,0,2026-06-18,PE1,,true
EC,0090,07,489413,349,524670,1,0,2026-06-18,PE1,,true
EC,0090,07,218710,351,524670,1,0,2026-06-18,PE1,,true
EC,0090,07,206125,351,524670,1,0,2026-06-18,PE1,,true
EC,0090,07,141613,351,524670,1,0,2026-06-18,PE1,,true
EC,0090,07,136588,351,524670,1,0,2026-06-18,PE1,,true
EC,0090,07,82641,351,524670,1,0,2026-06-18,PE1,,true
EC,0090,07,84654,351,524670,1,0,2026-06-18,PE1,,true
EC,0090,07,84602,351,524670,1,0,2026-06-18,PE1,,true
EC,0090,07,84466,351,524670,1,0,2026-06-18,PE1,,true
EC,0090,07,84453,351,524670,1,0,2026-06-18,PE1,,true
EC,0090,07,84443,351,524670,1,0,2026-06-18,PE1,,true
EC,0090,07,84435,351,524670,1,0,2026-06-18,PE1,,true
EC,0090,07,125686,351,524670,1,0,2026-06-18,PE1,,true
EC,0090,07,122781,351,524670,1,0,2026-06-18,PE1,,true
EC,0090,07,121793,351,524670,1,0,2026-06-18,PE1,,true
EC,0090,07,205820,351,524670,1,0,2026-06-18,PE1,,true
EC,0090,07,138640,351,524670,1,0,2026-06-18,PE1,,true
EC,0090,07,230094,351,524670,1,0,2026-06-18,PE1,,true
EC,0090,07,274839,351,524670,1,0,2026-06-18,PE1,,true
EC,0090,07,374020,351,524670,1,0,2026-06-18,PE1,,true
EC,0090,07,373942,351,524670,1,0,2026-06-18,PE1,,true
EC,0090,07,373940,351,524670,1,0,2026-06-18,PE1,,true
EC,0090,07,363146,351,524670,1,0,2026-06-18,PE1,,true
EC,0090,07,363143,351,524670,1,0,2026-06-18,PE1,,true
EC,0090,07,380042,351,524670,1,0,2026-06-18,PE1,,true
EC,0090,07,379906,351,524670,1,0,2026-06-18,PE1,,true
EC,0090,07,389125,351,524670,1,0,2026-06-18,PE1,,true
EC,0090,07,387647,351,524670,1,0,2026-06-18,PE1,,true
EC,0090,07,383081,351,524670,1,0,2026-06-18,PE1,,true
EC,0090,07,391778,351,524670,1,0,2026-06-18,PE1,,true
EC,0090,07,398350,351,524670,1,0,2026-06-18,PE1,,true
EC,0090,07,414332,351,524670,1,0,2026-06-18,PE1,,true
EC,0090,07,418040,351,524670,1,0,2026-06-18,PE1,,true
EC,0090,07,82880,351,524670,1,0,2026-06-18,PE1,,true
EC,0090,07,82654,351,524670,1,0,2026-06-18,PE1,,true
EC,0090,07,82653,351,524670,1,0,2026-06-18,PE1,,true
EC,0090,07,82650,351,524670,1,0,2026-06-18,PE1,,true
EC,0090,07,84497,351,524670,1,0,2026-06-18,PE1,,true
EC,0090,07,84493,351,524670,1,0,2026-06-18,PE1,,true
EC,0090,07,84457,351,524670,1,0,2026-06-18,PE1,,true
EC,0090,07,84444,351,524670,1,0,2026-06-18,PE1,,true
EC,0090,07,84663,351,524670,1,0,2026-06-18,PE1,,true
EC,0090,07,84648,351,524670,1,0,2026-06-18,PE1,,true
EC,0090,07,84573,351,524670,1,0,2026-06-18,PE1,,true
EC,0090,07,85612,351,524670,1,0,2026-06-18,PE1,,true
EC,0090,07,421253,351,524670,1,0,2026-06-18,PE1,,true
EC,0090,07,426070,351,524670,1,0,2026-06-18,PE1,,true
EC,0090,07,434673,351,524670,1,0,2026-06-18,PE1,,true
EC,0090,07,321050,351,524670,1,0,2026-06-18,PE1,,true
EC,0090,07,443226,351,524670,1,0,2026-06-18,PE1,,true
EC,0090,07,445910,351,524670,1,0,2026-06-18,PE1,,true
EC,0090,07,445093,351,524670,1,0,2026-06-18,PE1,,true
EC,0090,07,449834,351,524670,1,0,2026-06-18,PE1,,true
EC,0090,07,454188,351,524670,1,0,2026-06-18,PE1,,true
EC,0090,07,463223,351,524670,1,0,2026-06-18,PE1,,true
EC,0090,07,470211,351,524670,1,0,2026-06-18,PE1,,true
EC,0090,07,470216,351,524670,1,0,2026-06-18,PE1,,true
EC,0090,07,478514,351,524670,1,0,2026-06-18,PE1,,true
EC,0090,07,478313,351,524670,1,0,2026-06-18,PE1,,true
EC,0090,07,481578,351,524670,1,0,2026-06-18,PE1,,true
EC,0090,07,481437,351,524670,1,0,2026-06-18,PE1,,true
EC,0090,07,482345,351,524670,1,0,2026-06-18,PE1,,true
EC,0090,07,482845,351,524670,1,0,2026-06-18,PE1,,true
EC,0090,07,482589,351,524670,1,0,2026-06-18,PE1,,true
EC,0090,07,482474,351,524670,1,0,2026-06-18,PE1,,true
EC,0090,07,483726,351,524670,1,0,2026-06-18,PE1,,true
EC,0090,07,485616,351,524670,1,0,2026-06-18,PE1,,true
EC,0090,07,485478,351,524670,1,0,2026-06-18,PE1,,true
EC,0090,07,486635,351,524670,1,0,2026-06-18,PE1,,true
EC,0090,07,487009,351,524670,1,0,2026-06-18,PE1,,true
EC,0090,07,488525,351,524670,1,0,2026-06-18,PE1,,true
EC,0090,07,391905,360,524670,1,0,2026-06-18,PE1,,true
EC,0090,07,392190,360,524670,1,0,2026-06-18,PE1,,true
EC,0090,07,392134,360,524670,1,0,2026-06-18,PE1,,true
EC,0090,07,392127,360,524670,1,0,2026-06-18,PE1,,true
EC,0090,07,392119,360,524670,1,0,2026-06-18,PE1,,true
EC,0090,07,392118,360,524670,1,0,2026-06-18,PE1,,true
EC,0090,07,392073,360,524670,1,0,2026-06-18,PE1,,true
EC,0090,07,392046,360,524670,1,0,2026-06-18,PE1,,true
EC,0090,07,392366,360,524670,1,0,2026-06-18,PE1,,true
EC,0090,07,392349,360,524670,1,0,2026-06-18,PE1,,true
EC,0090,07,392287,360,524670,1,0,2026-06-18,PE1,,true
EC,0090,07,392270,360,524670,1,0,2026-06-18,PE1,,true
EC,0090,07,392259,360,524670,1,0,2026-06-18,PE1,,true
EC,0090,07,392194,360,524670,1,0,2026-06-18,PE1,,true
EC,0090,07,392491,360,524670,1,0,2026-06-18,PE1,,true
EC,0090,07,392450,360,524670,1,0,2026-06-18,PE1,,true
EC,0090,07,392377,360,524670,1,0,2026-06-18,PE1,,true
EC,0090,07,392770,360,524670,1,0,2026-06-18,PE1,,true
EC,0090,07,392699,360,524670,1,0,2026-06-18,PE1,,true
EC,0090,07,392619,360,524670,1,0,2026-06-18,PE1,,true
EC,0090,07,392893,360,524670,1,0,2026-06-18,PE1,,true
EC,0090,07,392822,360,524670,1,0,2026-06-18,PE1,,true
EC,0090,07,392793,360,524670,1,0,2026-06-18,PE1,,true
EC,0090,07,392776,360,524670,1,0,2026-06-18,PE1,,true
EC,0090,07,393028,360,524670,1,0,2026-06-18,PE1,,true
EC,0090,07,393235,360,524670,1,0,2026-06-18,PE1,,true
EC,0090,07,393194,360,524670,1,0,2026-06-18,PE1,,true
EC,0090,07,393174,360,524670,1,0,2026-06-18,PE1,,true
EC,0090,07,393164,360,524670,1,0,2026-06-18,PE1,,true
EC,0090,07,393160,360,524670,1,0,2026-06-18,PE1,,true
EC,0090,07,393159,360,524670,1,0,2026-06-18,PE1,,true
EC,0090,07,393445,360,524670,1,0,2026-06-18,PE1,,true
EC,0090,07,393376,360,524670,1,0,2026-06-18,PE1,,true
EC,0090,07,393302,360,524670,1,0,2026-06-18,PE1,,true
EC,0090,07,393559,360,524670,1,0,2026-06-18,PE1,,true
EC,0090,07,393521,360,524670,1,0,2026-06-18,PE1,,true
EC,0090,07,393486,360,524670,1,0,2026-06-18,PE1,,true
EC,0090,07,393471,360,524670,1,0,2026-06-18,PE1,,true
EC,0090,07,393448,360,524670,1,0,2026-06-18,PE1,,true
EC,0090,07,399406,360,524670,1,0,2026-06-18,PE1,,true
EC,0090,07,412989,360,524670,1,0,2026-06-18,PE1,,true
EC,0090,07,416630,360,524670,1,0,2026-06-18,PE1,,true
EC,0090,07,416375,360,524670,1,0,2026-06-18,PE1,,true
EC,0090,07,416365,360,524670,1,0,2026-06-18,PE1,,true
EC,0090,07,415474,360,524670,1,0,2026-06-18,PE1,,true
EC,0090,07,415072,360,524670,1,0,2026-06-18,PE1,,true
EC,0090,07,417174,360,524670,1,0,2026-06-18,PE1,,true
EC,0090,07,421112,360,524670,1,0,2026-06-18,PE1,,true
EC,0090,07,421836,360,524670,1,0,2026-06-18,PE1,,true
EC,0090,07,426776,360,524670,1,0,2026-06-18,PE1,,true
EC,0090,07,426353,360,524670,1,0,2026-06-18,PE1,,true
EC,0090,07,430079,360,524670,1,0,2026-06-18,PE1,,true
EC,0090,07,440627,360,524670,1,0,2026-06-18,PE1,,true
EC,0090,07,440478,360,524670,1,0,2026-06-18,PE1,,true
EC,0090,07,447564,360,524670,1,0,2026-06-18,PE1,,true
EC,0090,07,448464,360,524670,1,0,2026-06-18,PE1,,true
EC,0090,07,453610,360,524670,1,0,2026-06-18,PE1,,true
EC,0090,07,454618,360,524670,1,0,2026-06-18,PE1,,true
EC,0090,07,454245,360,524670,1,0,2026-06-18,PE1,,true
EC,0090,07,457101,360,524670,1,0,2026-06-18,PE1,,true
EC,0090,07,456871,360,524670,1,0,2026-06-18,PE1,,true
EC,0090,07,465989,360,524670,1,0,2026-06-18,PE1,,true
EC,0090,07,465481,360,524670,1,0,2026-06-18,PE1,,true
EC,0090,07,471819,360,524670,1,0,2026-06-18,PE1,,true
EC,0090,07,471820,360,524670,1,0,2026-06-18,PE1,,true
EC,0090,07,474173,360,524670,1,0,2026-06-18,PE1,,true
EC,0090,07,473646,360,524670,1,0,2026-06-18,PE1,,true
EC,0090,07,473002,360,524670,1,0,2026-06-18,PE1,,true
EC,0090,07,472649,360,524670,1,0,2026-06-18,PE1,,true
EC,0090,07,474802,360,524670,1,0,2026-06-18,PE1,,true
EC,0090,07,479528,360,524670,1,0,2026-06-18,PE1,,true
EC,0090,07,479456,360,524670,1,0,2026-06-18,PE1,,true
EC,0090,07,481504,360,524670,1,0,2026-06-18,PE1,,true
EC,0090,07,481447,360,524670,1,0,2026-06-18,PE1,,true
EC,0090,07,481419,360,524670,1,0,2026-06-18,PE1,,true
EC,0090,07,482344,360,524670,1,0,2026-06-18,PE1,,true
EC,0090,07,482602,360,524670,1,0,2026-06-18,PE1,,true
EC,0090,07,482452,360,524670,1,0,2026-06-18,PE1,,true
EC,0090,07,486079,360,524670,1,0,2026-06-18,PE1,,true
EC,0090,07,485486,360,524670,1,0,2026-06-18,PE1,,true
EC,0090,07,486978,360,524670,1,0,2026-06-18,PE1,,true
EC,0090,07,486942,360,524670,1,0,2026-06-18,PE1,,true
EC,0090,07,487716,360,524670,1,0,2026-06-18,PE1,,true
EC,0090,07,488714,360,524670,1,0,2026-06-18,PE1,,true
EC,0090,07,83118,364,524670,1,0,2026-06-18,PE1,,true
EC,0090,07,82940,364,524670,1,0,2026-06-18,PE1,,true
EC,0090,07,82780,364,524670,1,0,2026-06-18,PE1,,true
EC,0090,07,82726,364,524670,1,0,2026-06-18,PE1,,true
EC,0090,07,82688,364,524670,1,0,2026-06-18,PE1,,true
EC,0090,07,82676,364,524670,1,0,2026-06-18,PE1,,true
EC,0090,07,82607,364,524670,1,0,2026-06-18,PE1,,true
EC,0090,07,82594,364,524670,1,0,2026-06-18,PE1,,true
EC,0090,07,304681,364,524670,1,0,2026-06-18,PE1,,true
EC,0090,07,84304,364,524670,1,0,2026-06-18,PE1,,true
EC,0090,07,83525,364,524670,1,0,2026-06-18,PE1,,true
EC,0090,07,127487,364,524670,1,0,2026-06-18,PE1,,true
EC,0090,07,126745,364,524670,1,0,2026-06-18,PE1,,true
EC,0090,07,105467,364,524670,1,0,2026-06-18,PE1,,true
EC,0090,07,211280,364,524670,1,0,2026-06-18,PE1,,true
EC,0090,07,211190,364,524670,1,0,2026-06-18,PE1,,true
EC,0090,07,205724,364,524670,1,0,2026-06-18,PE1,,true
EC,0090,07,182371,364,524670,1,0,2026-06-18,PE1,,true
EC,0090,07,171401,364,524670,1,0,2026-06-18,PE1,,true
EC,0090,07,171382,364,524670,1,0,2026-06-18,PE1,,true
EC,0090,07,305132,364,524670,1,0,2026-06-18,PE1,,true
EC,0090,07,267311,364,524670,1,0,2026-06-18,PE1,,true
EC,0090,07,252332,364,524670,1,0,2026-06-18,PE1,,true
EC,0090,07,322282,364,524670,1,0,2026-06-18,PE1,,true
EC,0090,07,354092,364,524670,1,0,2026-06-18,PE1,,true
EC,0090,07,370766,364,524670,1,0,2026-06-18,PE1,,true
EC,0090,07,363867,364,524670,1,0,2026-06-18,PE1,,true
EC,0090,07,375634,364,524670,1,0,2026-06-18,PE1,,true
EC,0090,07,374758,364,524670,1,0,2026-06-18,PE1,,true
EC,0090,07,374116,364,524670,1,0,2026-06-18,PE1,,true
EC,0090,07,390196,364,524670,1,0,2026-06-18,PE1,,true
EC,0090,07,389950,364,524670,1,0,2026-06-18,PE1,,true
EC,0090,07,389680,364,524670,1,0,2026-06-18,PE1,,true
EC,0090,07,388992,364,524670,1,0,2026-06-18,PE1,,true
EC,0090,07,384759,364,524670,1,0,2026-06-18,PE1,,true
EC,0090,07,391198,364,524670,1,0,2026-06-18,PE1,,true
EC,0090,07,399348,364,524670,1,0,2026-06-18,PE1,,true
EC,0090,07,397737,364,524670,1,0,2026-06-18,PE1,,true
EC,0090,07,411774,364,524670,1,0,2026-06-18,PE1,,true
EC,0090,07,416047,364,524670,1,0,2026-06-18,PE1,,true
EC,0090,07,419104,364,524670,1,0,2026-06-18,PE1,,true
EC,0090,07,419103,364,524670,1,0,2026-06-18,PE1,,true
EC,0090,07,417170,364,524670,1,0,2026-06-18,PE1,,true
EC,0090,07,83112,364,524670,1,0,2026-06-18,PE1,,true
EC,0090,07,82286,364,524670,1,0,2026-06-18,PE1,,true
EC,0090,07,84302,364,524670,1,0,2026-06-18,PE1,,true
EC,0090,07,84301,364,524670,1,0,2026-06-18,PE1,,true
EC,0090,07,83565,364,524670,1,0,2026-06-18,PE1,,true
EC,0090,07,83549,364,524670,1,0,2026-06-18,PE1,,true
EC,0090,07,83545,364,524670,1,0,2026-06-18,PE1,,true
EC,0090,07,83540,364,524670,1,0,2026-06-18,PE1,,true
EC,0090,07,126308,364,524670,1,0,2026-06-18,PE1,,true
EC,0090,07,431581,364,524670,1,0,2026-06-18,PE1,,true
EC,0090,07,82725,364,524670,1,0,2026-06-18,PE1,,true
EC,0090,07,430308,364,524670,1,0,2026-06-18,PE1,,true
EC,0090,07,434423,364,524670,1,0,2026-06-18,PE1,,true
EC,0090,07,443392,364,524670,1,0,2026-06-18,PE1,,true
EC,0090,07,442637,364,524670,1,0,2026-06-18,PE1,,true
EC,0090,07,446899,364,524670,1,0,2026-06-18,PE1,,true
EC,0090,07,444962,364,524670,1,0,2026-06-18,PE1,,true
EC,0090,07,449547,364,524670,1,0,2026-06-18,PE1,,true
EC,0090,07,456244,364,524670,1,0,2026-06-18,PE1,,true
EC,0090,07,457816,364,524670,1,0,2026-06-18,PE1,,true
EC,0090,07,459273,364,524670,1,0,2026-06-18,PE1,,true
EC,0090,07,465778,364,524670,1,0,2026-06-18,PE1,,true
EC,0090,07,212422,364,524670,1,0,2026-06-18,PE1,,true
EC,0090,07,469065,364,524670,1,0,2026-06-18,PE1,,true
EC,0090,07,469066,364,524670,1,0,2026-06-18,PE1,,true
EC,0090,07,472255,364,524670,1,0,2026-06-18,PE1,,true
EC,0090,07,471452,364,524670,1,0,2026-06-18,PE1,,true
EC,0090,07,471453,364,524670,1,0,2026-06-18,PE1,,true
EC,0090,07,477287,364,524670,1,0,2026-06-18,PE1,,true
EC,0090,07,476291,364,524670,1,0,2026-06-18,PE1,,true
EC,0090,07,478669,364,524670,1,0,2026-06-18,PE1,,true
EC,0090,07,478494,364,524670,1,0,2026-06-18,PE1,,true
EC,0090,07,479896,364,524670,1,0,2026-06-18,PE1,,true
EC,0090,07,481844,364,524670,1,0,2026-06-18,PE1,,true
EC,0090,07,482350,364,524670,1,0,2026-06-18,PE1,,true
EC,0090,07,482237,364,524670,1,0,2026-06-18,PE1,,true
EC,0090,07,482090,364,524670,1,0,2026-06-18,PE1,,true
EC,0090,07,482473,364,524670,1,0,2026-06-18,PE1,,true
EC,0090,07,314400,366,524670,1,0,2026-06-18,PE1,,true
EC,0090,07,391971,366,524670,1,0,2026-06-18,PE1,,true
EC,0090,07,391958,366,524670,1,0,2026-06-18,PE1,,true
EC,0090,07,391927,366,524670,1,0,2026-06-18,PE1,,true
EC,0090,07,391926,366,524670,1,0,2026-06-18,PE1,,true
EC,0090,07,392192,366,524670,1,0,2026-06-18,PE1,,true
EC,0090,07,392172,366,524670,1,0,2026-06-18,PE1,,true
EC,0090,07,392105,366,524670,1,0,2026-06-18,PE1,,true
EC,0090,07,392347,366,524670,1,0,2026-06-18,PE1,,true
EC,0090,07,392334,366,524670,1,0,2026-06-18,PE1,,true
EC,0090,07,392333,366,524670,1,0,2026-06-18,PE1,,true
EC,0090,07,392306,366,524670,1,0,2026-06-18,PE1,,true
EC,0090,07,392269,366,524670,1,0,2026-06-18,PE1,,true
EC,0090,07,392268,366,524670,1,0,2026-06-18,PE1,,true
EC,0090,07,392267,366,524670,1,0,2026-06-18,PE1,,true
EC,0090,07,392233,366,524670,1,0,2026-06-18,PE1,,true
EC,0090,07,392230,366,524670,1,0,2026-06-18,PE1,,true
EC,0090,07,392566,366,524670,1,0,2026-06-18,PE1,,true
EC,0090,07,392404,366,524670,1,0,2026-06-18,PE1,,true
EC,0090,07,392392,366,524670,1,0,2026-06-18,PE1,,true
EC,0090,07,392656,366,524670,1,0,2026-06-18,PE1,,true
EC,0090,07,392641,366,524670,1,0,2026-06-18,PE1,,true
EC,0090,07,392639,366,524670,1,0,2026-06-18,PE1,,true
EC,0090,07,392923,366,524670,1,0,2026-06-18,PE1,,true
EC,0090,07,392881,366,524670,1,0,2026-06-18,PE1,,true
EC,0090,07,392826,366,524670,1,0,2026-06-18,PE1,,true
EC,0090,07,393100,366,524670,1,0,2026-06-18,PE1,,true
EC,0090,07,393095,366,524670,1,0,2026-06-18,PE1,,true
EC,0090,07,393080,366,524670,1,0,2026-06-18,PE1,,true
EC,0090,07,393032,366,524670,1,0,2026-06-18,PE1,,true
EC,0090,07,393030,366,524670,1,0,2026-06-18,PE1,,true
EC,0090,07,393027,366,524670,1,0,2026-06-18,PE1,,true
EC,0090,07,393024,366,524670,1,0,2026-06-18,PE1,,true
EC,0090,07,392972,366,524670,1,0,2026-06-18,PE1,,true
EC,0090,07,393264,366,524670,1,0,2026-06-18,PE1,,true
EC,0090,07,393236,366,524670,1,0,2026-06-18,PE1,,true
EC,0090,07,393217,366,524670,1,0,2026-06-18,PE1,,true
EC,0090,07,393176,366,524670,1,0,2026-06-18,PE1,,true
EC,0090,07,393152,366,524670,1,0,2026-06-18,PE1,,true
EC,0090,07,393151,366,524670,1,0,2026-06-18,PE1,,true
EC,0090,07,393150,366,524670,1,0,2026-06-18,PE1,,true
EC,0090,07,393143,366,524670,1,0,2026-06-18,PE1,,true
EC,0090,07,393361,366,524670,1,0,2026-06-18,PE1,,true
EC,0090,07,393354,366,524670,1,0,2026-06-18,PE1,,true
EC,0090,07,393353,366,524670,1,0,2026-06-18,PE1,,true
EC,0090,07,393327,366,524670,1,0,2026-06-18,PE1,,true
EC,0090,07,393983,366,524670,1,0,2026-06-18,PE1,,true
EC,0090,07,393515,366,524670,1,0,2026-06-18,PE1,,true
EC,0090,07,395155,366,524670,1,0,2026-06-18,PE1,,true
EC,0090,07,406781,366,524670,1,0,2026-06-18,PE1,,true
EC,0090,07,406779,366,524670,1,0,2026-06-18,PE1,,true
EC,0090,07,406694,366,524670,1,0,2026-06-18,PE1,,true
EC,0090,07,406556,366,524670,1,0,2026-06-18,PE1,,true
EC,0090,07,400260,366,524670,1,0,2026-06-18,PE1,,true
EC,0090,07,400163,366,524670,1,0,2026-06-18,PE1,,true
EC,0090,07,415398,366,524670,1,0,2026-06-18,PE1,,true
EC,0090,07,414854,366,524670,1,0,2026-06-18,PE1,,true
EC,0090,07,414851,366,524670,1,0,2026-06-18,PE1,,true
EC,0090,07,414695,366,524670,1,0,2026-06-18,PE1,,true
EC,0090,07,419252,366,524670,1,0,2026-06-18,PE1,,true
EC,0090,07,418708,366,524670,1,0,2026-06-18,PE1,,true
EC,0090,07,419478,366,524670,1,0,2026-06-18,PE1,,true
EC,0090,07,421579,366,524670,1,0,2026-06-18,PE1,,true
EC,0090,07,428754,366,524670,1,0,2026-06-18,PE1,,true
EC,0090,07,424495,366,524670,1,0,2026-06-18,PE1,,true
EC,0090,07,433999,366,524670,1,0,2026-06-18,PE1,,true
EC,0090,07,439851,366,524670,1,0,2026-06-18,PE1,,true
EC,0090,07,439654,366,524670,1,0,2026-06-18,PE1,,true
EC,0090,07,439185,366,524670,1,0,2026-06-18,PE1,,true
EC,0090,07,441139,366,524670,1,0,2026-06-18,PE1,,true
EC,0090,07,441135,366,524670,1,0,2026-06-18,PE1,,true
EC,0090,07,441131,366,524670,1,0,2026-06-18,PE1,,true
EC,0090,07,441428,366,524670,1,0,2026-06-18,PE1,,true
EC,0090,07,446164,366,524670,1,0,2026-06-18,PE1,,true
EC,0090,07,453611,366,524670,1,0,2026-06-18,PE1,,true
EC,0090,07,457820,366,524670,1,0,2026-06-18,PE1,,true
EC,0090,07,456885,366,524670,1,0,2026-06-18,PE1,,true
EC,0090,07,458172,366,524670,1,0,2026-06-18,PE1,,true
EC,0090,07,465680,366,524670,1,0,2026-06-18,PE1,,true
EC,0090,07,467593,366,524670,1,0,2026-06-18,PE1,,true
EC,0090,07,468993,366,524670,1,0,2026-06-18,PE1,,true
EC,0090,07,472475,366,524670,1,0,2026-06-18,PE1,,true
EC,0090,07,473572,366,524670,1,0,2026-06-18,PE1,,true
EC,0090,07,472987,366,524670,1,0,2026-06-18,PE1,,true
EC,0090,07,472850,366,524670,1,0,2026-06-18,PE1,,true
EC,0090,07,472565,366,524670,1,0,2026-06-18,PE1,,true
EC,0090,07,475010,366,524670,1,0,2026-06-18,PE1,,true
EC,0090,07,479048,366,524670,1,0,2026-06-18,PE1,,true
EC,0090,07,478417,366,524670,1,0,2026-06-18,PE1,,true
EC,0090,07,480102,366,524670,1,0,2026-06-18,PE1,,true
EC,0090,07,479737,366,524670,1,0,2026-06-18,PE1,,true
EC,0090,07,482263,366,524670,1,0,2026-06-18,PE1,,true
EC,0090,07,482393,366,524670,1,0,2026-06-18,PE1,,true
EC,0090,07,484940,366,524670,1,0,2026-06-18,PE1,,true
EC,0090,07,487657,366,524670,1,0,2026-06-18,PE1,,true
EC,0090,07,487597,366,524670,1,0,2026-06-18,PE1,,true
EC,0090,07,487030,366,524670,1,0,2026-06-18,PE1,,true
EC,0090,07,392045,368,524670,1,0,2026-06-18,PE1,,true
EC,0090,07,392202,368,524670,1,0,2026-06-18,PE1,,true
EC,0090,07,392559,368,524670,1,0,2026-06-18,PE1,,true
EC,0090,07,392623,368,524670,1,0,2026-06-18,PE1,,true
EC,0090,07,392845,368,524670,1,0,2026-06-18,PE1,,true
EC,0090,07,393114,368,524670,1,0,2026-06-18,PE1,,true
EC,0090,07,393060,368,524670,1,0,2026-06-18,PE1,,true
EC,0090,07,392978,368,524670,1,0,2026-06-18,PE1,,true
EC,0090,07,393214,368,524670,1,0,2026-06-18,PE1,,true
EC,0090,07,393125,368,524670,1,0,2026-06-18,PE1,,true
EC,0090,07,394137,368,524670,1,0,2026-06-18,PE1,,true
EC,0090,07,393561,368,524670,1,0,2026-06-18,PE1,,true
EC,0090,07,399868,368,524670,1,0,2026-06-18,PE1,,true
EC,0090,07,398962,368,524670,1,0,2026-06-18,PE1,,true
EC,0090,07,394436,368,524670,1,0,2026-06-18,PE1,,true
EC,0090,07,394431,368,524670,1,0,2026-06-18,PE1,,true
EC,0090,07,400040,368,524670,1,0,2026-06-18,PE1,,true
EC,0090,07,414689,368,524670,1,0,2026-06-18,PE1,,true
EC,0090,07,414577,368,524670,1,0,2026-06-18,PE1,,true
EC,0090,07,414446,368,524670,1,0,2026-06-18,PE1,,true
EC,0090,07,413561,368,524670,1,0,2026-06-18,PE1,,true
EC,0090,07,413113,368,524670,1,0,2026-06-18,PE1,,true
EC,0090,07,414797,368,524670,1,0,2026-06-18,PE1,,true
EC,0090,07,419112,368,524670,1,0,2026-06-18,PE1,,true
EC,0090,07,422465,368,524670,1,0,2026-06-18,PE1,,true
EC,0090,07,421618,368,524670,1,0,2026-06-18,PE1,,true
EC,0090,07,425699,368,524670,1,0,2026-06-18,PE1,,true
EC,0090,07,431485,368,524670,1,0,2026-06-18,PE1,,true
EC,0090,07,434463,368,524670,1,0,2026-06-18,PE1,,true
EC,0090,07,441111,368,524670,1,0,2026-06-18,PE1,,true
EC,0090,07,441110,368,524670,1,0,2026-06-18,PE1,,true
EC,0090,07,441108,368,524670,1,0,2026-06-18,PE1,,true
EC,0090,07,441105,368,524670,1,0,2026-06-18,PE1,,true
EC,0090,07,441104,368,524670,1,0,2026-06-18,PE1,,true
EC,0090,07,441103,368,524670,1,0,2026-06-18,PE1,,true
EC,0090,07,441072,368,524670,1,0,2026-06-18,PE1,,true
EC,0090,07,441065,368,524670,1,0,2026-06-18,PE1,,true
EC,0090,07,441063,368,524670,1,0,2026-06-18,PE1,,true
EC,0090,07,441062,368,524670,1,0,2026-06-18,PE1,,true
EC,0090,07,441061,368,524670,1,0,2026-06-18,PE1,,true
EC,0090,07,441059,368,524670,1,0,2026-06-18,PE1,,true
EC,0090,07,441058,368,524670,1,0,2026-06-18,PE1,,true
EC,0090,07,441052,368,524670,1,0,2026-06-18,PE1,,true
EC,0090,07,441141,368,524670,1,0,2026-06-18,PE1,,true
EC,0090,07,441127,368,524670,1,0,2026-06-18,PE1,,true
EC,0090,07,441426,368,524670,1,0,2026-06-18,PE1,,true
EC,0090,07,441425,368,524670,1,0,2026-06-18,PE1,,true
EC,0090,07,441424,368,524670,1,0,2026-06-18,PE1,,true
EC,0090,07,441418,368,524670,1,0,2026-06-18,PE1,,true
EC,0090,07,441417,368,524670,1,0,2026-06-18,PE1,,true
EC,0090,07,441412,368,524670,1,0,2026-06-18,PE1,,true
EC,0090,07,441404,368,524670,1,0,2026-06-18,PE1,,true
EC,0090,07,441402,368,524670,1,0,2026-06-18,PE1,,true
EC,0090,07,441401,368,524670,1,0,2026-06-18,PE1,,true
EC,0090,07,441399,368,524670,1,0,2026-06-18,PE1,,true
EC,0090,07,441398,368,524670,1,0,2026-06-18,PE1,,true
EC,0090,07,441392,368,524670,1,0,2026-06-18,PE1,,true
EC,0090,07,441378,368,524670,1,0,2026-06-18,PE1,,true
EC,0090,07,441676,368,524670,1,0,2026-06-18,PE1,,true
EC,0090,07,441668,368,524670,1,0,2026-06-18,PE1,,true
EC,0090,07,441667,368,524670,1,0,2026-06-18,PE1,,true
EC,0090,07,441666,368,524670,1,0,2026-06-18,PE1,,true
EC,0090,07,441657,368,524670,1,0,2026-06-18,PE1,,true
EC,0090,07,441655,368,524670,1,0,2026-06-18,PE1,,true
EC,0090,07,441654,368,524670,1,0,2026-06-18,PE1,,true
EC,0090,07,441653,368,524670,1,0,2026-06-18,PE1,,true
EC,0090,07,441652,368,524670,1,0,2026-06-18,PE1,,true
EC,0090,07,441651,368,524670,1,0,2026-06-18,PE1,,true
EC,0090,07,441649,368,524670,1,0,2026-06-18,PE1,,true
EC,0090,07,445313,368,524670,1,0,2026-06-18,PE1,,true
EC,0090,07,445274,368,524670,1,0,2026-06-18,PE1,,true
EC,0090,07,453212,368,524670,1,0,2026-06-18,PE1,,true
EC,0090,07,459230,368,524670,1,0,2026-06-18,PE1,,true
EC,0090,07,458797,368,524670,1,0,2026-06-18,PE1,,true
EC,0090,07,468376,368,524670,1,0,2026-06-18,PE1,,true
EC,0090,07,467177,368,524670,1,0,2026-06-18,PE1,,true
EC,0090,07,469440,368,524670,1,0,2026-06-18,PE1,,true
EC,0090,07,469416,368,524670,1,0,2026-06-18,PE1,,true
EC,0090,07,472020,368,524670,1,0,2026-06-18,PE1,,true
EC,0090,07,472019,368,524670,1,0,2026-06-18,PE1,,true
EC,0090,07,475731,368,524670,1,0,2026-06-18,PE1,,true
EC,0090,07,475674,368,524670,1,0,2026-06-18,PE1,,true
EC,0090,07,475261,368,524670,1,0,2026-06-18,PE1,,true
EC,0090,07,480219,368,524670,1,0,2026-06-18,PE1,,true
EC,0090,07,481915,368,524670,1,0,2026-06-18,PE1,,true
EC,0090,07,481521,368,524670,1,0,2026-06-18,PE1,,true
EC,0090,07,481463,368,524670,1,0,2026-06-18,PE1,,true
EC,0090,07,482295,368,524670,1,0,2026-06-18,PE1,,true
EC,0090,07,481916,368,524670,1,0,2026-06-18,PE1,,true
EC,0090,07,482807,368,524670,1,0,2026-06-18,PE1,,true
EC,0090,07,482629,368,524670,1,0,2026-06-18,PE1,,true
EC,0090,07,482553,368,524670,1,0,2026-06-18,PE1,,true
EC,0090,07,482449,368,524670,1,0,2026-06-18,PE1,,true
EC,0090,07,484230,368,524670,1,0,2026-06-18,PE1,,true
EC,0090,07,483768,368,524670,1,0,2026-06-18,PE1,,true
EC,0090,07,483450,368,524670,1,0,2026-06-18,PE1,,true
EC,0090,07,483013,368,524670,1,0,2026-06-18,PE1,,true
EC,0090,07,485868,368,524670,1,0,2026-06-18,PE1,,true
EC,0090,07,485443,368,524670,1,0,2026-06-18,PE1,,true
EC,0090,07,485375,368,524670,1,0,2026-06-18,PE1,,true
EC,0090,07,486491,368,524670,1,0,2026-06-18,PE1,,true
EC,0090,07,441256,370,524670,1,0,2026-06-18,PE1,,true
EC,0090,07,441253,370,524670,1,0,2026-06-18,PE1,,true
EC,0090,07,441252,370,524670,1,0,2026-06-18,PE1,,true
EC,0090,07,441246,370,524670,1,0,2026-06-18,PE1,,true
EC,0090,07,441245,370,524670,1,0,2026-06-18,PE1,,true
EC,0090,07,441244,370,524670,1,0,2026-06-18,PE1,,true
EC,0090,07,441242,370,524670,1,0,2026-06-18,PE1,,true
EC,0090,07,441240,370,524670,1,0,2026-06-18,PE1,,true
EC,0090,07,441239,370,524670,1,0,2026-06-18,PE1,,true
EC,0090,07,441238,370,524670,1,0,2026-06-18,PE1,,true
EC,0090,07,441237,370,524670,1,0,2026-06-18,PE1,,true
EC,0090,07,441236,370,524670,1,0,2026-06-18,PE1,,true
EC,0090,07,441234,370,524670,1,0,2026-06-18,PE1,,true
EC,0090,07,441232,370,524670,1,0,2026-06-18,PE1,,true
EC,0090,07,441231,370,524670,1,0,2026-06-18,PE1,,true
EC,0090,07,441229,370,524670,1,0,2026-06-18,PE1,,true
EC,0090,07,441226,370,524670,1,0,2026-06-18,PE1,,true
EC,0090,07,441225,370,524670,1,0,2026-06-18,PE1,,true
EC,0090,07,441224,370,524670,1,0,2026-06-18,PE1,,true
EC,0090,07,441266,370,524670,1,0,2026-06-18,PE1,,true
EC,0090,07,441260,370,524670,1,0,2026-06-18,PE1,,true
EC,0090,07,441537,370,524670,1,0,2026-06-18,PE1,,true
EC,0090,07,441784,370,524670,1,0,2026-06-18,PE1,,true
EC,0090,07,441783,370,524670,1,0,2026-06-18,PE1,,true
EC,0090,07,441780,370,524670,1,0,2026-06-18,PE1,,true
EC,0090,07,441778,370,524670,1,0,2026-06-18,PE1,,true
EC,0090,07,441776,370,524670,1,0,2026-06-18,PE1,,true
EC,0090,07,441773,370,524670,1,0,2026-06-18,PE1,,true
EC,0090,07,441772,370,524670,1,0,2026-06-18,PE1,,true
EC,0090,07,441771,370,524670,1,0,2026-06-18,PE1,,true
EC,0090,07,441770,370,524670,1,0,2026-06-18,PE1,,true
EC,0090,07,441769,370,524670,1,0,2026-06-18,PE1,,true
EC,0090,07,441763,370,524670,1,0,2026-06-18,PE1,,true
EC,0090,07,441761,370,524670,1,0,2026-06-18,PE1,,true
EC,0090,07,441760,370,524670,1,0,2026-06-18,PE1,,true
EC,0090,07,441759,370,524670,1,0,2026-06-18,PE1,,true
EC,0090,07,441755,370,524670,1,0,2026-06-18,PE1,,true
EC,0090,07,441754,370,524670,1,0,2026-06-18,PE1,,true
EC,0090,07,441753,370,524670,1,0,2026-06-18,PE1,,true
EC,0090,07,441752,370,524670,1,0,2026-06-18,PE1,,true
EC,0090,07,441751,370,524670,1,0,2026-06-18,PE1,,true
EC,0090,07,443458,370,524670,1,0,2026-06-18,PE1,,true
EC,0090,07,444763,370,524670,1,0,2026-06-18,PE1,,true
EC,0090,07,444692,370,524670,1,0,2026-06-18,PE1,,true
EC,0090,07,269827,370,524670,1,0,2026-06-18,PE1,,true
EC,0090,07,444690,370,524670,1,0,2026-06-18,PE1,,true
EC,0090,07,446898,370,524670,1,0,2026-06-18,PE1,,true
EC,0090,07,446817,370,524670,1,0,2026-06-18,PE1,,true
EC,0090,07,449170,370,524670,1,0,2026-06-18,PE1,,true
EC,0090,07,453550,370,524670,1,0,2026-06-18,PE1,,true
EC,0090,07,458457,370,524670,1,0,2026-06-18,PE1,,true
EC,0090,07,456635,370,524670,1,0,2026-06-18,PE1,,true
EC,0090,07,463028,370,524670,1,0,2026-06-18,PE1,,true
EC,0090,07,466303,370,524670,1,0,2026-06-18,PE1,,true
EC,0090,07,466305,370,524670,1,0,2026-06-18,PE1,,true
EC,0090,07,466127,370,524670,1,0,2026-06-18,PE1,,true
EC,0090,07,466126,370,524670,1,0,2026-06-18,PE1,,true
EC,0090,07,465947,370,524670,1,0,2026-06-18,PE1,,true
EC,0090,07,463912,370,524670,1,0,2026-06-18,PE1,,true
EC,0090,07,468024,370,524670,1,0,2026-06-18,PE1,,true
EC,0090,07,466359,370,524670,1,0,2026-06-18,PE1,,true
EC,0090,07,470401,370,524670,1,0,2026-06-18,PE1,,true
EC,0090,07,469265,370,524670,1,0,2026-06-18,PE1,,true
EC,0090,07,471361,370,524670,1,0,2026-06-18,PE1,,true
EC,0090,07,473222,370,524670,1,0,2026-06-18,PE1,,true
EC,0090,07,473810,370,524670,1,0,2026-06-18,PE1,,true
EC,0090,07,473798,370,524670,1,0,2026-06-18,PE1,,true
EC,0090,07,474465,370,524670,1,0,2026-06-18,PE1,,true
EC,0090,07,478068,370,524670,1,0,2026-06-18,PE1,,true
EC,0090,07,478051,370,524670,1,0,2026-06-18,PE1,,true
EC,0090,07,480671,370,524670,1,0,2026-06-18,PE1,,true
EC,0090,07,480663,370,524670,1,0,2026-06-18,PE1,,true
EC,0090,07,480512,370,524670,1,0,2026-06-18,PE1,,true
EC,0090,07,480436,370,524670,1,0,2026-06-18,PE1,,true
EC,0090,07,480089,370,524670,1,0,2026-06-18,PE1,,true
EC,0090,07,479790,370,524670,1,0,2026-06-18,PE1,,true
EC,0090,07,479373,370,524670,1,0,2026-06-18,PE1,,true
EC,0090,07,481772,370,524670,1,0,2026-06-18,PE1,,true
EC,0090,07,481128,370,524670,1,0,2026-06-18,PE1,,true
EC,0090,07,482290,370,524670,1,0,2026-06-18,PE1,,true
EC,0090,07,482689,370,524670,1,0,2026-06-18,PE1,,true
EC,0090,07,483249,370,524670,1,0,2026-06-18,PE1,,true
EC,0090,07,486110,370,524670,1,0,2026-06-18,PE1,,true
EC,0090,07,486092,370,524670,1,0,2026-06-18,PE1,,true
EC,0090,07,486090,370,524670,1,0,2026-06-18,PE1,,true
EC,0090,07,486948,370,524670,1,0,2026-06-18,PE1,,true
EC,0090,07,486949,370,524670,1,0,2026-06-18,PE1,,true
EC,0090,07,486735,370,524670,1,0,2026-06-18,PE1,,true
EC,0090,07,486541,370,524670,1,0,2026-06-18,PE1,,true
EC,0090,07,486537,370,524670,1,0,2026-06-18,PE1,,true
EC,0090,07,486476,370,524670,1,0,2026-06-18,PE1,,true
EC,0090,07,486478,370,524670,1,0,2026-06-18,PE1,,true
EC,0090,07,486345,370,524670,1,0,2026-06-18,PE1,,true
EC,0090,07,486276,370,524670,1,0,2026-06-18,PE1,,true
EC,0090,07,486275,370,524670,1,0,2026-06-18,PE1,,true
EC,0090,07,486200,370,524670,1,0,2026-06-18,PE1,,true
EC,0090,07,486190,370,524670,1,0,2026-06-18,PE1,,true
EC,0090,07,486129,370,524670,1,0,2026-06-18,PE1,,true
EC,0090,07,486117,370,524670,1,0,2026-06-18,PE1,,true
EC,0090,07,487878,370,524670,1,0,2026-06-18,PE1,,true
EC,0090,07,487484,370,524670,1,0,2026-06-18,PE1,,true
EC,0090,07,488249,370,524670,1,0,2026-06-18,PE1,,true
EC,0090,07,391921,371,524670,1,0,2026-06-18,PE1,,true
EC,0090,07,391906,371,524670,1,0,2026-06-18,PE1,,true
EC,0090,07,392092,371,524670,1,0,2026-06-18,PE1,,true
EC,0090,07,392354,371,524670,1,0,2026-06-18,PE1,,true
EC,0090,07,392344,371,524670,1,0,2026-06-18,PE1,,true
EC,0090,07,392235,371,524670,1,0,2026-06-18,PE1,,true
EC,0090,07,392213,371,524670,1,0,2026-06-18,PE1,,true
EC,0090,07,392576,371,524670,1,0,2026-06-18,PE1,,true
EC,0090,07,392732,371,524670,1,0,2026-06-18,PE1,,true
EC,0090,07,392955,371,524670,1,0,2026-06-18,PE1,,true
EC,0090,07,392823,371,524670,1,0,2026-06-18,PE1,,true
EC,0090,07,393234,371,524670,1,0,2026-06-18,PE1,,true
EC,0090,07,393203,371,524670,1,0,2026-06-18,PE1,,true
EC,0090,07,393195,371,524670,1,0,2026-06-18,PE1,,true
EC,0090,07,393116,371,524670,1,0,2026-06-18,PE1,,true
EC,0090,07,393374,371,524670,1,0,2026-06-18,PE1,,true
EC,0090,07,393333,371,524670,1,0,2026-06-18,PE1,,true
EC,0090,07,393310,371,524670,1,0,2026-06-18,PE1,,true
EC,0090,07,393284,371,524670,1,0,2026-06-18,PE1,,true
EC,0090,07,393519,371,524670,1,0,2026-06-18,PE1,,true
EC,0090,07,393513,371,524670,1,0,2026-06-18,PE1,,true
EC,0090,07,393493,371,524670,1,0,2026-06-18,PE1,,true
EC,0090,07,399867,371,524670,1,0,2026-06-18,PE1,,true
EC,0090,07,399769,371,524670,1,0,2026-06-18,PE1,,true
EC,0090,07,397965,371,524670,1,0,2026-06-18,PE1,,true
EC,0090,07,394844,371,524670,1,0,2026-06-18,PE1,,true
EC,0090,07,414579,371,524670,1,0,2026-06-18,PE1,,true
EC,0090,07,416172,371,524670,1,0,2026-06-18,PE1,,true
EC,0090,07,414986,371,524670,1,0,2026-06-18,PE1,,true
EC,0090,07,414785,371,524670,1,0,2026-06-18,PE1,,true
EC,0090,07,418920,371,524670,1,0,2026-06-18,PE1,,true
EC,0090,07,417171,371,524670,1,0,2026-06-18,PE1,,true
EC,0090,07,421851,371,524670,1,0,2026-06-18,PE1,,true
EC,0090,07,426284,371,524670,1,0,2026-06-18,PE1,,true
EC,0090,07,425930,371,524670,1,0,2026-06-18,PE1,,true
EC,0090,07,424110,371,524670,1,0,2026-06-18,PE1,,true
EC,0090,07,432812,371,524670,1,0,2026-06-18,PE1,,true
EC,0090,07,437235,371,524670,1,0,2026-06-18,PE1,,true
EC,0090,07,441074,371,524670,1,0,2026-06-18,PE1,,true
EC,0090,07,441071,371,524670,1,0,2026-06-18,PE1,,true
EC,0090,07,438849,371,524670,1,0,2026-06-18,PE1,,true
EC,0090,07,441121,371,524670,1,0,2026-06-18,PE1,,true
EC,0090,07,441120,371,524670,1,0,2026-06-18,PE1,,true
EC,0090,07,441116,371,524670,1,0,2026-06-18,PE1,,true
EC,0090,07,441415,371,524670,1,0,2026-06-18,PE1,,true
EC,0090,07,441410,371,524670,1,0,2026-06-18,PE1,,true
EC,0090,07,441408,371,524670,1,0,2026-06-18,PE1,,true
EC,0090,07,441397,371,524670,1,0,2026-06-18,PE1,,true
EC,0090,07,441393,371,524670,1,0,2026-06-18,PE1,,true
EC,0090,07,441390,371,524670,1,0,2026-06-18,PE1,,true
EC,0090,07,441388,371,524670,1,0,2026-06-18,PE1,,true
EC,0090,07,441387,371,524670,1,0,2026-06-18,PE1,,true
EC,0090,07,441386,371,524670,1,0,2026-06-18,PE1,,true
EC,0090,07,441384,371,524670,1,0,2026-06-18,PE1,,true
EC,0090,07,441677,371,524670,1,0,2026-06-18,PE1,,true
EC,0090,07,441675,371,524670,1,0,2026-06-18,PE1,,true
EC,0090,07,441671,371,524670,1,0,2026-06-18,PE1,,true
EC,0090,07,444194,371,524670,1,0,2026-06-18,PE1,,true
EC,0090,07,443862,371,524670,1,0,2026-06-18,PE1,,true
EC,0090,07,448808,371,524670,1,0,2026-06-18,PE1,,true
EC,0090,07,449720,371,524670,1,0,2026-06-18,PE1,,true
EC,0090,07,454076,371,524670,1,0,2026-06-18,PE1,,true
EC,0090,07,455553,371,524670,1,0,2026-06-18,PE1,,true
EC,0090,07,454589,371,524670,1,0,2026-06-18,PE1,,true
EC,0090,07,454588,371,524670,1,0,2026-06-18,PE1,,true
EC,0090,07,454552,371,524670,1,0,2026-06-18,PE1,,true
EC,0090,07,454380,371,524670,1,0,2026-06-18,PE1,,true
EC,0090,07,456718,371,524670,1,0,2026-06-18,PE1,,true
EC,0090,07,458960,371,524670,1,0,2026-06-18,PE1,,true
EC,0090,07,465114,371,524670,1,0,2026-06-18,PE1,,true
EC,0090,07,469189,371,524670,1,0,2026-06-18,PE1,,true
EC,0090,07,468792,371,524670,1,0,2026-06-18,PE1,,true
EC,0090,07,471564,371,524670,1,0,2026-06-18,PE1,,true
EC,0090,07,471566,371,524670,1,0,2026-06-18,PE1,,true
EC,0090,07,473929,371,524670,1,0,2026-06-18,PE1,,true
EC,0090,07,473118,371,524670,1,0,2026-06-18,PE1,,true
EC,0090,07,473052,371,524670,1,0,2026-06-18,PE1,,true
EC,0090,07,474979,371,524670,1,0,2026-06-18,PE1,,true
EC,0090,07,474982,371,524670,1,0,2026-06-18,PE1,,true
EC,0090,07,474809,371,524670,1,0,2026-06-18,PE1,,true
EC,0090,07,474702,371,524670,1,0,2026-06-18,PE1,,true
EC,0090,07,477562,371,524670,1,0,2026-06-18,PE1,,true
EC,0090,07,477494,371,524670,1,0,2026-06-18,PE1,,true
EC,0090,07,477484,371,524670,1,0,2026-06-18,PE1,,true
EC,0090,07,482280,371,524670,1,0,2026-06-18,PE1,,true
EC,0090,07,482103,371,524670,1,0,2026-06-18,PE1,,true
EC,0090,07,323925,371,524670,1,0,2026-06-18,PE1,,true
EC,0090,07,482879,371,524670,1,0,2026-06-18,PE1,,true
EC,0090,07,483398,371,524670,1,0,2026-06-18,PE1,,true
EC,0090,07,485628,371,524670,1,0,2026-06-18,PE1,,true
EC,0090,07,486489,371,524670,1,0,2026-06-18,PE1,,true
EC,0090,07,486473,371,524670,1,0,2026-06-18,PE1,,true
EC,0090,07,486191,371,524670,1,0,2026-06-18,PE1,,true
EC,0090,07,487070,371,524670,1,0,2026-06-18,PE1,,true
EC,0090,07,489008,371,524670,1,0,2026-06-18,PE1,,true
EC,0090,07,488781,371,524670,1,0,2026-06-18,PE1,,true
EC,0090,07,441235,376,524670,1,0,2026-06-18,PE1,,true
EC,0090,07,441314,376,524670,1,0,2026-06-18,PE1,,true
EC,0090,07,441310,376,524670,1,0,2026-06-18,PE1,,true
EC,0090,07,441309,376,524670,1,0,2026-06-18,PE1,,true
EC,0090,07,441307,376,524670,1,0,2026-06-18,PE1,,true
EC,0090,07,441305,376,524670,1,0,2026-06-18,PE1,,true
EC,0090,07,441303,376,524670,1,0,2026-06-18,PE1,,true
EC,0090,07,441300,376,524670,1,0,2026-06-18,PE1,,true
EC,0090,07,441299,376,524670,1,0,2026-06-18,PE1,,true
EC,0090,07,441297,376,524670,1,0,2026-06-18,PE1,,true
EC,0090,07,441293,376,524670,1,0,2026-06-18,PE1,,true
EC,0090,07,441289,376,524670,1,0,2026-06-18,PE1,,true
EC,0090,07,441284,376,524670,1,0,2026-06-18,PE1,,true
EC,0090,07,441279,376,524670,1,0,2026-06-18,PE1,,true
EC,0090,07,441277,376,524670,1,0,2026-06-18,PE1,,true
EC,0090,07,441276,376,524670,1,0,2026-06-18,PE1,,true
EC,0090,07,441275,376,524670,1,0,2026-06-18,PE1,,true
EC,0090,07,441272,376,524670,1,0,2026-06-18,PE1,,true
EC,0090,07,441270,376,524670,1,0,2026-06-18,PE1,,true
EC,0090,07,441269,376,524670,1,0,2026-06-18,PE1,,true
EC,0090,07,441265,376,524670,1,0,2026-06-18,PE1,,true
EC,0090,07,441584,376,524670,1,0,2026-06-18,PE1,,true
EC,0090,07,441583,376,524670,1,0,2026-06-18,PE1,,true
EC,0090,07,441582,376,524670,1,0,2026-06-18,PE1,,true
EC,0090,07,441580,376,524670,1,0,2026-06-18,PE1,,true
EC,0090,07,441573,376,524670,1,0,2026-06-18,PE1,,true
EC,0090,07,441571,376,524670,1,0,2026-06-18,PE1,,true
EC,0090,07,441565,376,524670,1,0,2026-06-18,PE1,,true
EC,0090,07,441564,376,524670,1,0,2026-06-18,PE1,,true
EC,0090,07,441563,376,524670,1,0,2026-06-18,PE1,,true
EC,0090,07,441559,376,524670,1,0,2026-06-18,PE1,,true
EC,0090,07,441558,376,524670,1,0,2026-06-18,PE1,,true
EC,0090,07,441542,376,524670,1,0,2026-06-18,PE1,,true
EC,0090,07,444859,376,524670,1,0,2026-06-18,PE1,,true
EC,0090,07,444636,376,524670,1,0,2026-06-18,PE1,,true
EC,0090,07,168859,376,524670,1,0,2026-06-18,PE1,,true
EC,0090,07,444513,376,524670,1,0,2026-06-18,PE1,,true
EC,0090,07,444125,376,524670,1,0,2026-06-18,PE1,,true
EC,0090,07,446850,376,524670,1,0,2026-06-18,PE1,,true
EC,0090,07,444935,376,524670,1,0,2026-06-18,PE1,,true
EC,0090,07,449886,376,524670,1,0,2026-06-18,PE1,,true
EC,0090,07,449842,376,524670,1,0,2026-06-18,PE1,,true
EC,0090,07,449752,376,524670,1,0,2026-06-18,PE1,,true
EC,0090,07,452964,376,524670,1,0,2026-06-18,PE1,,true
EC,0090,07,456393,376,524670,1,0,2026-06-18,PE1,,true
EC,0090,07,455954,376,524670,1,0,2026-06-18,PE1,,true
EC,0090,07,455623,376,524670,1,0,2026-06-18,PE1,,true
EC,0090,07,458581,376,524670,1,0,2026-06-18,PE1,,true
EC,0090,07,168808,376,524670,1,0,2026-06-18,PE1,,true
EC,0090,07,464656,376,524670,1,0,2026-06-18,PE1,,true
EC,0090,07,468245,376,524670,1,0,2026-06-18,PE1,,true
EC,0090,07,467148,376,524670,1,0,2026-06-18,PE1,,true
EC,0090,07,469040,376,524670,1,0,2026-06-18,PE1,,true
EC,0090,07,474154,376,524670,1,0,2026-06-18,PE1,,true
EC,0090,07,473654,376,524670,1,0,2026-06-18,PE1,,true
EC,0090,07,475632,376,524670,1,0,2026-06-18,PE1,,true
EC,0090,07,479009,376,524670,1,0,2026-06-18,PE1,,true
EC,0090,07,479010,376,524670,1,0,2026-06-18,PE1,,true
EC,0090,07,478556,376,524670,1,0,2026-06-18,PE1,,true
EC,0090,07,478102,376,524670,1,0,2026-06-18,PE1,,true
EC,0090,07,482387,376,524670,1,0,2026-06-18,PE1,,true
EC,0090,07,482482,376,524670,1,0,2026-06-18,PE1,,true
EC,0090,07,485998,376,524670,1,0,2026-06-18,PE1,,true
EC,0090,07,485044,376,524670,1,0,2026-06-18,PE1,,true
EC,0090,07,486999,376,524670,1,0,2026-06-18,PE1,,true
EC,0090,07,488147,376,524670,1,0,2026-06-18,PE1,,true
EC,0090,07,487001,376,524670,1,0,2026-06-18,PE1,,true
EC,0090,07,488869,376,524670,1,0,2026-06-18,PE1,,true
EC,0090,07,488860,376,524670,1,0,2026-06-18,PE1,,true
EC,0090,07,488687,376,524670,1,0,2026-06-18,PE1,,true
EC,0090,07,222002,382,524670,1,0,2026-06-18,PE1,,true
EC,0090,07,211578,382,524670,1,0,2026-06-18,PE1,,true
EC,0090,07,175591,382,524670,1,0,2026-06-18,PE1,,true
EC,0090,07,146319,382,524670,1,0,2026-06-18,PE1,,true
EC,0090,07,82843,382,524670,1,0,2026-06-18,PE1,,true
EC,0090,07,82247,382,524670,1,0,2026-06-18,PE1,,true
EC,0090,07,82236,382,524670,1,0,2026-06-18,PE1,,true
EC,0090,07,82234,382,524670,1,0,2026-06-18,PE1,,true
EC,0090,07,82231,382,524670,1,0,2026-06-18,PE1,,true
EC,0090,07,82216,382,524670,1,0,2026-06-18,PE1,,true
EC,0090,07,85090,382,524670,1,0,2026-06-18,PE1,,true
EC,0090,07,85088,382,524670,1,0,2026-06-18,PE1,,true
EC,0090,07,119337,382,524670,1,0,2026-06-18,PE1,,true
EC,0090,07,205175,382,524670,1,0,2026-06-18,PE1,,true
EC,0090,07,174036,382,524670,1,0,2026-06-18,PE1,,true
EC,0090,07,240451,382,524670,1,0,2026-06-18,PE1,,true
EC,0090,07,332418,382,524670,1,0,2026-06-18,PE1,,true
EC,0090,07,323990,382,524670,1,0,2026-06-18,PE1,,true
EC,0090,07,322547,382,524670,1,0,2026-06-18,PE1,,true
EC,0090,07,355208,382,524670,1,0,2026-06-18,PE1,,true
EC,0090,07,334258,382,524670,1,0,2026-06-18,PE1,,true
EC,0090,07,375033,382,524670,1,0,2026-06-18,PE1,,true
EC,0090,07,380732,382,524670,1,0,2026-06-18,PE1,,true
EC,0090,07,389566,382,524670,1,0,2026-06-18,PE1,,true
EC,0090,07,387135,382,524670,1,0,2026-06-18,PE1,,true
EC,0090,07,382806,382,524670,1,0,2026-06-18,PE1,,true
EC,0090,07,382698,382,524670,1,0,2026-06-18,PE1,,true
EC,0090,07,399059,382,524670,1,0,2026-06-18,PE1,,true
EC,0090,07,398527,382,524670,1,0,2026-06-18,PE1,,true
EC,0090,07,413446,382,524670,1,0,2026-06-18,PE1,,true
EC,0090,07,414836,382,524670,1,0,2026-06-18,PE1,,true
EC,0090,07,82839,382,524670,1,0,2026-06-18,PE1,,true
EC,0090,07,82812,382,524670,1,0,2026-06-18,PE1,,true
EC,0090,07,82257,382,524670,1,0,2026-06-18,PE1,,true
EC,0090,07,82248,382,524670,1,0,2026-06-18,PE1,,true
EC,0090,07,82245,382,524670,1,0,2026-06-18,PE1,,true
EC,0090,07,82228,382,524670,1,0,2026-06-18,PE1,,true
EC,0090,07,82221,382,524670,1,0,2026-06-18,PE1,,true
EC,0090,07,82214,382,524670,1,0,2026-06-18,PE1,,true
EC,0090,07,85797,382,524670,1,0,2026-06-18,PE1,,true
EC,0090,07,422765,382,524670,1,0,2026-06-18,PE1,,true
EC,0090,07,425902,382,524670,1,0,2026-06-18,PE1,,true
EC,0090,07,423781,382,524670,1,0,2026-06-18,PE1,,true
EC,0090,07,429984,382,524670,1,0,2026-06-18,PE1,,true
EC,0090,07,429137,382,524670,1,0,2026-06-18,PE1,,true
EC,0090,07,434405,382,524670,1,0,2026-06-18,PE1,,true
EC,0090,07,437795,382,524670,1,0,2026-06-18,PE1,,true
EC,0090,07,436932,382,524670,1,0,2026-06-18,PE1,,true
EC,0090,07,447845,382,524670,1,0,2026-06-18,PE1,,true
EC,0090,07,448145,382,524670,1,0,2026-06-18,PE1,,true
EC,0090,07,267979,382,524670,1,0,2026-06-18,PE1,,true
EC,0090,07,450524,382,524670,1,0,2026-06-18,PE1,,true
EC,0090,07,450180,382,524670,1,0,2026-06-18,PE1,,true
EC,0090,07,240638,382,524670,1,0,2026-06-18,PE1,,true
EC,0090,07,449909,382,524670,1,0,2026-06-18,PE1,,true
EC,0090,07,453617,382,524670,1,0,2026-06-18,PE1,,true
EC,0090,07,463024,382,524670,1,0,2026-06-18,PE1,,true
EC,0090,07,464318,382,524670,1,0,2026-06-18,PE1,,true
EC,0090,07,326747,382,524670,1,0,2026-06-18,PE1,,true
EC,0090,07,468814,382,524670,1,0,2026-06-18,PE1,,true
EC,0090,07,472350,382,524670,1,0,2026-06-18,PE1,,true
EC,0090,07,471355,382,524670,1,0,2026-06-18,PE1,,true
EC,0090,07,478019,382,524670,1,0,2026-06-18,PE1,,true
EC,0090,07,477931,382,524670,1,0,2026-06-18,PE1,,true
EC,0090,07,477686,382,524670,1,0,2026-06-18,PE1,,true
EC,0090,07,479044,382,524670,1,0,2026-06-18,PE1,,true
EC,0090,07,478100,382,524670,1,0,2026-06-18,PE1,,true
EC,0090,07,478104,382,524670,1,0,2026-06-18,PE1,,true
EC,0090,07,480623,382,524670,1,0,2026-06-18,PE1,,true
EC,0090,07,480101,382,524670,1,0,2026-06-18,PE1,,true
EC,0090,07,480041,382,524670,1,0,2026-06-18,PE1,,true
EC,0090,07,481694,382,524670,1,0,2026-06-18,PE1,,true
EC,0090,07,481625,382,524670,1,0,2026-06-18,PE1,,true
EC,0090,07,482847,382,524670,1,0,2026-06-18,PE1,,true
EC,0090,07,242741,382,524670,1,0,2026-06-18,PE1,,true
EC,0090,07,483959,382,524670,1,0,2026-06-18,PE1,,true
EC,0090,07,483375,382,524670,1,0,2026-06-18,PE1,,true
EC,0090,07,483111,382,524670,1,0,2026-06-18,PE1,,true
EC,0090,07,483084,382,524670,1,0,2026-06-18,PE1,,true
EC,0090,07,485578,382,524670,1,0,2026-06-18,PE1,,true
EC,0090,07,486384,382,524670,1,0,2026-06-18,PE1,,true
EC,0090,07,489056,382,524670,1,0,2026-06-18,PE1,,true
EC,0090,07,157425,90701,524670,1,0,2026-06-18,PE1,,true
EC,0090,07,84286,90701,524670,1,0,2026-06-18,PE1,,true
EC,0090,07,84279,90701,524670,1,0,2026-06-18,PE1,,true
EC,0090,07,84271,90701,524670,1,0,2026-06-18,PE1,,true
EC,0090,07,84253,90701,524670,1,0,2026-06-18,PE1,,true
EC,0090,07,84247,90701,524670,1,0,2026-06-18,PE1,,true
EC,0090,07,84110,90701,524670,1,0,2026-06-18,PE1,,true
EC,0090,07,84106,90701,524670,1,0,2026-06-18,PE1,,true
EC,0090,07,84105,90701,524670,1,0,2026-06-18,PE1,,true
EC,0090,07,125559,90701,524670,1,0,2026-06-18,PE1,,true
EC,0090,07,122764,90701,524670,1,0,2026-06-18,PE1,,true
EC,0090,07,85337,90701,524670,1,0,2026-06-18,PE1,,true
EC,0090,07,85334,90701,524670,1,0,2026-06-18,PE1,,true
EC,0090,07,236401,90701,524670,1,0,2026-06-18,PE1,,true
EC,0090,07,245418,90701,524670,1,0,2026-06-18,PE1,,true
EC,0090,07,321237,90701,524670,1,0,2026-06-18,PE1,,true
EC,0090,07,360501,90701,524670,1,0,2026-06-18,PE1,,true
EC,0090,07,332906,90701,524670,1,0,2026-06-18,PE1,,true
EC,0090,07,372511,90701,524670,1,0,2026-06-18,PE1,,true
EC,0090,07,366756,90701,524670,1,0,2026-06-18,PE1,,true
EC,0090,07,360962,90701,524670,1,0,2026-06-18,PE1,,true
EC,0090,07,376656,90701,524670,1,0,2026-06-18,PE1,,true
EC,0090,07,376654,90701,524670,1,0,2026-06-18,PE1,,true
EC,0090,07,376282,90701,524670,1,0,2026-06-18,PE1,,true
EC,0090,07,375632,90701,524670,1,0,2026-06-18,PE1,,true
EC,0090,07,374567,90701,524670,1,0,2026-06-18,PE1,,true
EC,0090,07,380341,90701,524670,1,0,2026-06-18,PE1,,true
EC,0090,07,380335,90701,524670,1,0,2026-06-18,PE1,,true
EC,0090,07,389334,90701,524670,1,0,2026-06-18,PE1,,true
EC,0090,07,388580,90701,524670,1,0,2026-06-18,PE1,,true
EC,0090,07,390996,90701,524670,1,0,2026-06-18,PE1,,true
EC,0090,07,412916,90701,524670,1,0,2026-06-18,PE1,,true
EC,0090,07,418536,90701,524670,1,0,2026-06-18,PE1,,true
EC,0090,07,84380,90701,524670,1,0,2026-06-18,PE1,,true
EC,0090,07,84378,90701,524670,1,0,2026-06-18,PE1,,true
EC,0090,07,84376,90701,524670,1,0,2026-06-18,PE1,,true
EC,0090,07,84373,90701,524670,1,0,2026-06-18,PE1,,true
EC,0090,07,84370,90701,524670,1,0,2026-06-18,PE1,,true
EC,0090,07,84366,90701,524670,1,0,2026-06-18,PE1,,true
EC,0090,07,84278,90701,524670,1,0,2026-06-18,PE1,,true
EC,0090,07,84273,90701,524670,1,0,2026-06-18,PE1,,true
EC,0090,07,84267,90701,524670,1,0,2026-06-18,PE1,,true
EC,0090,07,84265,90701,524670,1,0,2026-06-18,PE1,,true
EC,0090,07,84252,90701,524670,1,0,2026-06-18,PE1,,true
EC,0090,07,421097,90701,524670,1,0,2026-06-18,PE1,,true
EC,0090,07,420961,90701,524670,1,0,2026-06-18,PE1,,true
EC,0090,07,434424,90701,524670,1,0,2026-06-18,PE1,,true
EC,0090,07,433986,90701,524670,1,0,2026-06-18,PE1,,true
EC,0090,07,436867,90701,524670,1,0,2026-06-18,PE1,,true
EC,0090,07,437817,90701,524670,1,0,2026-06-18,PE1,,true
EC,0090,07,442506,90701,524670,1,0,2026-06-18,PE1,,true
EC,0090,07,442476,90701,524670,1,0,2026-06-18,PE1,,true
EC,0090,07,446429,90701,524670,1,0,2026-06-18,PE1,,true
EC,0090,07,446302,90701,524670,1,0,2026-06-18,PE1,,true
EC,0090,07,450507,90701,524670,1,0,2026-06-18,PE1,,true
EC,0090,07,450364,90701,524670,1,0,2026-06-18,PE1,,true
EC,0090,07,454834,90701,524670,1,0,2026-06-18,PE1,,true
EC,0090,07,454586,90701,524670,1,0,2026-06-18,PE1,,true
EC,0090,07,458408,90701,524670,1,0,2026-06-18,PE1,,true
EC,0090,07,458409,90701,524670,1,0,2026-06-18,PE1,,true
EC,0090,07,459391,90701,524670,1,0,2026-06-18,PE1,,true
EC,0090,07,459153,90701,524670,1,0,2026-06-18,PE1,,true
EC,0090,07,466279,90701,524670,1,0,2026-06-18,PE1,,true
EC,0090,07,466128,90701,524670,1,0,2026-06-18,PE1,,true
EC,0090,07,465233,90701,524670,1,0,2026-06-18,PE1,,true
EC,0090,07,464307,90701,524670,1,0,2026-06-18,PE1,,true
EC,0090,07,464317,90701,524670,1,0,2026-06-18,PE1,,true
EC,0090,07,468706,90701,524670,1,0,2026-06-18,PE1,,true
EC,0090,07,469631,90701,524670,1,0,2026-06-18,PE1,,true
EC,0090,07,474783,90701,524670,1,0,2026-06-18,PE1,,true
EC,0090,07,478024,90701,524670,1,0,2026-06-18,PE1,,true
EC,0090,07,478667,90701,524670,1,0,2026-06-18,PE1,,true
EC,0090,07,480363,90701,524670,1,0,2026-06-18,PE1,,true
EC,0090,07,482355,90701,524670,1,0,2026-06-18,PE1,,true
EC,0090,07,482256,90701,524670,1,0,2026-06-18,PE1,,true
EC,0090,07,484994,90701,524670,1,0,2026-06-18,PE1,,true
EC,0090,07,486799,90701,524670,1,0,2026-06-18,PE1,,true
EC,0090,07,486444,90701,524670,1,0,2026-06-18,PE1,,true
EC,0090,07,85067,90706,524670,1,0,2026-06-18,PE1,,true
EC,0090,07,118990,90706,524670,1,0,2026-06-18,PE1,,true
EC,0090,07,205247,90706,524670,1,0,2026-06-18,PE1,,true
EC,0090,07,141518,90706,524670,1,0,2026-06-18,PE1,,true
EC,0090,07,138077,90706,524670,1,0,2026-06-18,PE1,,true
EC,0090,07,240648,90706,524670,1,0,2026-06-18,PE1,,true
EC,0090,07,228853,90706,524670,1,0,2026-06-18,PE1,,true
EC,0090,07,305394,90706,524670,1,0,2026-06-18,PE1,,true
EC,0090,07,289032,90706,524670,1,0,2026-06-18,PE1,,true
EC,0090,07,348699,90706,524670,1,0,2026-06-18,PE1,,true
EC,0090,07,366466,90706,524670,1,0,2026-06-18,PE1,,true
EC,0090,07,361319,90706,524670,1,0,2026-06-18,PE1,,true
EC,0090,07,361318,90706,524670,1,0,2026-06-18,PE1,,true
EC,0090,07,381727,90706,524670,1,0,2026-06-18,PE1,,true
EC,0090,07,380467,90706,524670,1,0,2026-06-18,PE1,,true
EC,0090,07,380315,90706,524670,1,0,2026-06-18,PE1,,true
EC,0090,07,389086,90706,524670,1,0,2026-06-18,PE1,,true
EC,0090,07,399560,90706,524670,1,0,2026-06-18,PE1,,true
EC,0090,07,398317,90706,524670,1,0,2026-06-18,PE1,,true
EC,0090,07,394933,90706,524670,1,0,2026-06-18,PE1,,true
EC,0090,07,403832,90706,524670,1,0,2026-06-18,PE1,,true
EC,0090,07,400964,90706,524670,1,0,2026-06-18,PE1,,true
EC,0090,07,410569,90706,524670,1,0,2026-06-18,PE1,,true
EC,0090,07,414933,90706,524670,1,0,2026-06-18,PE1,,true
EC,0090,07,416958,90706,524670,1,0,2026-06-18,PE1,,true
EC,0090,07,83183,90706,524670,1,0,2026-06-18,PE1,,true
EC,0090,07,82981,90706,524670,1,0,2026-06-18,PE1,,true
EC,0090,07,82979,90706,524670,1,0,2026-06-18,PE1,,true
EC,0090,07,82978,90706,524670,1,0,2026-06-18,PE1,,true
EC,0090,07,82977,90706,524670,1,0,2026-06-18,PE1,,true
EC,0090,07,82966,90706,524670,1,0,2026-06-18,PE1,,true
EC,0090,07,82329,90706,524670,1,0,2026-06-18,PE1,,true
EC,0090,07,419987,90706,524670,1,0,2026-06-18,PE1,,true
EC,0090,07,228994,90706,524670,1,0,2026-06-18,PE1,,true
EC,0090,07,85512,90706,524670,1,0,2026-06-18,PE1,,true
EC,0090,07,425033,90706,524670,1,0,2026-06-18,PE1,,true
EC,0090,07,428868,90706,524670,1,0,2026-06-18,PE1,,true
EC,0090,07,447157,90706,524670,1,0,2026-06-18,PE1,,true
EC,0090,07,446951,90706,524670,1,0,2026-06-18,PE1,,true
EC,0090,07,445956,90706,524670,1,0,2026-06-18,PE1,,true
EC,0090,07,445587,90706,524670,1,0,2026-06-18,PE1,,true
EC,0090,07,450030,90706,524670,1,0,2026-06-18,PE1,,true
EC,0090,07,449423,90706,524670,1,0,2026-06-18,PE1,,true
EC,0090,07,448033,90706,524670,1,0,2026-06-18,PE1,,true
EC,0090,07,453863,90706,524670,1,0,2026-06-18,PE1,,true
EC,0090,07,453862,90706,524670,1,0,2026-06-18,PE1,,true
EC,0090,07,453822,90706,524670,1,0,2026-06-18,PE1,,true
EC,0090,07,455882,90706,524670,1,0,2026-06-18,PE1,,true
EC,0090,07,455691,90706,524670,1,0,2026-06-18,PE1,,true
EC,0090,07,455688,90706,524670,1,0,2026-06-18,PE1,,true
EC,0090,07,465854,90706,524670,1,0,2026-06-18,PE1,,true
EC,0090,07,470399,90706,524670,1,0,2026-06-18,PE1,,true
EC,0090,07,470091,90706,524670,1,0,2026-06-18,PE1,,true
EC,0090,07,469691,90706,524670,1,0,2026-06-18,PE1,,true
EC,0090,07,475668,90706,524670,1,0,2026-06-18,PE1,,true
EC,0090,07,478017,90706,524670,1,0,2026-06-18,PE1,,true
EC,0090,07,477657,90706,524670,1,0,2026-06-18,PE1,,true
EC,0090,07,476991,90706,524670,1,0,2026-06-18,PE1,,true
EC,0090,07,478680,90706,524670,1,0,2026-06-18,PE1,,true
EC,0090,07,478507,90706,524670,1,0,2026-06-18,PE1,,true
EC,0090,07,480174,90706,524670,1,0,2026-06-18,PE1,,true
EC,0090,07,479146,90706,524670,1,0,2026-06-18,PE1,,true
EC,0090,07,482608,90706,524670,1,0,2026-06-18,PE1,,true
EC,0090,07,482483,90706,524670,1,0,2026-06-18,PE1,,true
EC,0090,07,484128,90706,524670,1,0,2026-06-18,PE1,,true
EC,0090,07,483899,90706,524670,1,0,2026-06-18,PE1,,true
EC,0090,07,483668,90706,524670,1,0,2026-06-18,PE1,,true
EC,0090,07,483365,90706,524670,1,0,2026-06-18,PE1,,true
EC,0090,07,483366,90706,524670,1,0,2026-06-18,PE1,,true
EC,0090,07,486638,90706,524670,1,0,2026-06-18,PE1,,true
EC,0090,07,486490,90706,524670,1,0,2026-06-18,PE1,,true
EC,0090,07,486409,90706,524670,1,0,2026-06-18,PE1,,true
EC,0090,07,486259,90706,524670,1,0,2026-06-18,PE1,,true
EC,0090,07,488598,90706,524670,1,0,2026-06-18,PE1,,true
EC,0090,07,488414,90706,524670,1,0,2026-06-18,PE1,,true
EC,0090,07,399536,90708,524670,1,0,2026-06-18,PE1,,true
EC,0090,07,391994,90708,524670,1,0,2026-06-18,PE1,,true
EC,0090,07,391992,90708,524670,1,0,2026-06-18,PE1,,true
EC,0090,07,392069,90708,524670,1,0,2026-06-18,PE1,,true
EC,0090,07,392047,90708,524670,1,0,2026-06-18,PE1,,true
EC,0090,07,392034,90708,524670,1,0,2026-06-18,PE1,,true
EC,0090,07,392340,90708,524670,1,0,2026-06-18,PE1,,true
EC,0090,07,392339,90708,524670,1,0,2026-06-18,PE1,,true
EC,0090,07,392299,90708,524670,1,0,2026-06-18,PE1,,true
EC,0090,07,392580,90708,524670,1,0,2026-06-18,PE1,,true
EC,0090,07,392500,90708,524670,1,0,2026-06-18,PE1,,true
EC,0090,07,392399,90708,524670,1,0,2026-06-18,PE1,,true
EC,0090,07,392391,90708,524670,1,0,2026-06-18,PE1,,true
EC,0090,07,392381,90708,524670,1,0,2026-06-18,PE1,,true
EC,0090,07,392767,90708,524670,1,0,2026-06-18,PE1,,true
EC,0090,07,392624,90708,524670,1,0,2026-06-18,PE1,,true
EC,0090,07,392915,90708,524670,1,0,2026-06-18,PE1,,true
EC,0090,07,392888,90708,524670,1,0,2026-06-18,PE1,,true
EC,0090,07,392886,90708,524670,1,0,2026-06-18,PE1,,true
EC,0090,07,392852,90708,524670,1,0,2026-06-18,PE1,,true
EC,0090,07,393061,90708,524670,1,0,2026-06-18,PE1,,true
EC,0090,07,393059,90708,524670,1,0,2026-06-18,PE1,,true
EC,0090,07,393049,90708,524670,1,0,2026-06-18,PE1,,true
EC,0090,07,393009,90708,524670,1,0,2026-06-18,PE1,,true
EC,0090,07,393005,90708,524670,1,0,2026-06-18,PE1,,true
EC,0090,07,393004,90708,524670,1,0,2026-06-18,PE1,,true
EC,0090,07,392997,90708,524670,1,0,2026-06-18,PE1,,true
EC,0090,07,392970,90708,524670,1,0,2026-06-18,PE1,,true
EC,0090,07,393229,90708,524670,1,0,2026-06-18,PE1,,true
EC,0090,07,393175,90708,524670,1,0,2026-06-18,PE1,,true
EC,0090,07,393133,90708,524670,1,0,2026-06-18,PE1,,true
EC,0090,07,393364,90708,524670,1,0,2026-06-18,PE1,,true
EC,0090,07,393314,90708,524670,1,0,2026-06-18,PE1,,true
EC,0090,07,394169,90708,524670,1,0,2026-06-18,PE1,,true
EC,0090,07,393502,90708,524670,1,0,2026-06-18,PE1,,true
EC,0090,07,393490,90708,524670,1,0,2026-06-18,PE1,,true
EC,0090,07,400000,90708,524670,1,0,2026-06-18,PE1,,true
EC,0090,07,399366,90708,524670,1,0,2026-06-18,PE1,,true
EC,0090,07,406721,90708,524670,1,0,2026-06-18,PE1,,true
EC,0090,07,403986,90708,524670,1,0,2026-06-18,PE1,,true
EC,0090,07,400420,90708,524670,1,0,2026-06-18,PE1,,true
EC,0090,07,400290,90708,524670,1,0,2026-06-18,PE1,,true
EC,0090,07,414155,90708,524670,1,0,2026-06-18,PE1,,true
EC,0090,07,410634,90708,524670,1,0,2026-06-18,PE1,,true
EC,0090,07,415308,90708,524670,1,0,2026-06-18,PE1,,true
EC,0090,07,427122,90708,524670,1,0,2026-06-18,PE1,,true
EC,0090,07,426365,90708,524670,1,0,2026-06-18,PE1,,true
EC,0090,07,425991,90708,524670,1,0,2026-06-18,PE1,,true
EC,0090,07,428963,90708,524670,1,0,2026-06-18,PE1,,true
EC,0090,07,428830,90708,524670,1,0,2026-06-18,PE1,,true
EC,0090,07,437912,90708,524670,1,0,2026-06-18,PE1,,true
EC,0090,07,437705,90708,524670,1,0,2026-06-18,PE1,,true
EC,0090,07,443583,90708,524670,1,0,2026-06-18,PE1,,true
EC,0090,07,443431,90708,524670,1,0,2026-06-18,PE1,,true
EC,0090,07,444463,90708,524670,1,0,2026-06-18,PE1,,true
EC,0090,07,444218,90708,524670,1,0,2026-06-18,PE1,,true
EC,0090,07,454472,90708,524670,1,0,2026-06-18,PE1,,true
EC,0090,07,457476,90708,524670,1,0,2026-06-18,PE1,,true
EC,0090,07,456814,90708,524670,1,0,2026-06-18,PE1,,true
EC,0090,07,456735,90708,524670,1,0,2026-06-18,PE1,,true
EC,0090,07,458253,90708,524670,1,0,2026-06-18,PE1,,true
EC,0090,07,458123,90708,524670,1,0,2026-06-18,PE1,,true
EC,0090,07,465997,90708,524670,1,0,2026-06-18,PE1,,true
EC,0090,07,468319,90708,524670,1,0,2026-06-18,PE1,,true
EC,0090,07,467590,90708,524670,1,0,2026-06-18,PE1,,true
EC,0090,07,472510,90708,524670,1,0,2026-06-18,PE1,,true
EC,0090,07,473830,90708,524670,1,0,2026-06-18,PE1,,true
EC,0090,07,475497,90708,524670,1,0,2026-06-18,PE1,,true
EC,0090,07,478607,90708,524670,1,0,2026-06-18,PE1,,true
EC,0090,07,481428,90708,524670,1,0,2026-06-18,PE1,,true
EC,0090,07,482353,90708,524670,1,0,2026-06-18,PE1,,true
EC,0090,07,483355,90708,524670,1,0,2026-06-18,PE1,,true
EC,0090,07,486938,90708,524670,1,0,2026-06-18,PE1,,true
EC,0090,07,486867,90708,524670,1,0,2026-06-18,PE1,,true
EC,0090,07,488250,90708,524670,1,0,2026-06-18,PE1,,true
EC,0090,07,487353,90708,524670,1,0,2026-06-18,PE1,,true
EC,0090,07,487279,90708,524670,1,0,2026-06-18,PE1,,true
EC,0090,07,487185,90708,524670,1,0,2026-06-18,PE1,,true
EC,0090,07,487160,90708,524670,1,0,2026-06-18,PE1,,true
EC,0090,07,489352,90708,524670,1,0,2026-06-18,PE1,,true
EC,0090,07,488511,90708,524670,1,0,2026-06-18,PE1,,true
EC,0090,07,488510,90708,524670,1,0,2026-06-18,PE1,,true
EC,0090,07,205355,330,500195,1,0,2026-06-18,PE2,,true
EC,0090,07,82400,330,500195,1,0,2026-06-18,PE2,,true
EC,0090,07,255445,330,500195,1,0,2026-06-18,PE2,,true
EC,0090,07,84657,330,500195,1,0,2026-06-18,PE2,,true
EC,0090,07,84630,330,500195,1,0,2026-06-18,PE2,,true
EC,0090,07,84596,330,500195,1,0,2026-06-18,PE2,,true
EC,0090,07,84594,330,500195,1,0,2026-06-18,PE2,,true
EC,0090,07,84500,330,500195,1,0,2026-06-18,PE2,,true
EC,0090,07,126997,330,500195,1,0,2026-06-18,PE2,,true
EC,0090,07,183148,330,500195,1,0,2026-06-18,PE2,,true
EC,0090,07,141615,330,500195,1,0,2026-06-18,PE2,,true
EC,0090,07,242097,330,500195,1,0,2026-06-18,PE2,,true
EC,0090,07,241497,330,500195,1,0,2026-06-18,PE2,,true
EC,0090,07,241140,330,500195,1,0,2026-06-18,PE2,,true
EC,0090,07,238832,330,500195,1,0,2026-06-18,PE2,,true
EC,0090,07,214660,330,500195,1,0,2026-06-18,PE2,,true
EC,0090,07,305013,330,500195,1,0,2026-06-18,PE2,,true
EC,0090,07,254225,330,500195,1,0,2026-06-18,PE2,,true
EC,0090,07,329023,330,500195,1,0,2026-06-18,PE2,,true
EC,0090,07,321470,330,500195,1,0,2026-06-18,PE2,,true
EC,0090,07,306397,330,500195,1,0,2026-06-18,PE2,,true
EC,0090,07,306016,330,500195,1,0,2026-06-18,PE2,,true
EC,0090,07,358839,330,500195,1,0,2026-06-18,PE2,,true
EC,0090,07,346557,330,500195,1,0,2026-06-18,PE2,,true
EC,0090,07,338106,330,500195,1,0,2026-06-18,PE2,,true
EC,0090,07,334972,330,500195,1,0,2026-06-18,PE2,,true
EC,0090,07,334412,330,500195,1,0,2026-06-18,PE2,,true
EC,0090,07,333993,330,500195,1,0,2026-06-18,PE2,,true
EC,0090,07,374022,330,500195,1,0,2026-06-18,PE2,,true
EC,0090,07,373634,330,500195,1,0,2026-06-18,PE2,,true
EC,0090,07,365882,330,500195,1,0,2026-06-18,PE2,,true
EC,0090,07,364599,330,500195,1,0,2026-06-18,PE2,,true
EC,0090,07,364598,330,500195,1,0,2026-06-18,PE2,,true
EC,0090,07,360768,330,500195,1,0,2026-06-18,PE2,,true
EC,0090,07,377304,330,500195,1,0,2026-06-18,PE2,,true
EC,0090,07,382522,330,500195,1,0,2026-06-18,PE2,,true
EC,0090,07,382072,330,500195,1,0,2026-06-18,PE2,,true
EC,0090,07,379251,330,500195,1,0,2026-06-18,PE2,,true
EC,0090,07,389949,330,500195,1,0,2026-06-18,PE2,,true
EC,0090,07,387236,330,500195,1,0,2026-06-18,PE2,,true
EC,0090,07,387199,330,500195,1,0,2026-06-18,PE2,,true
EC,0090,07,384758,330,500195,1,0,2026-06-18,PE2,,true
EC,0090,07,414690,330,500195,1,0,2026-06-18,PE2,,true
EC,0090,07,415654,330,500195,1,0,2026-06-18,PE2,,true
EC,0090,07,83405,330,500195,1,0,2026-06-18,PE2,,true
EC,0090,07,82388,330,500195,1,0,2026-06-18,PE2,,true
EC,0090,07,84498,330,500195,1,0,2026-06-18,PE2,,true
EC,0090,07,85296,330,500195,1,0,2026-06-18,PE2,,true
EC,0090,07,420366,330,500195,1,0,2026-06-18,PE2,,true
EC,0090,07,419785,330,500195,1,0,2026-06-18,PE2,,true
EC,0090,07,85933,330,500195,1,0,2026-06-18,PE2,,true
EC,0090,07,85488,330,500195,1,0,2026-06-18,PE2,,true
EC,0090,07,421617,330,500195,1,0,2026-06-18,PE2,,true
EC,0090,07,431313,330,500195,1,0,2026-06-18,PE2,,true
EC,0090,07,428893,330,500195,1,0,2026-06-18,PE2,,true
EC,0090,07,432702,330,500195,1,0,2026-06-18,PE2,,true
EC,0090,07,432253,330,500195,1,0,2026-06-18,PE2,,true
EC,0090,07,437982,330,500195,1,0,2026-06-18,PE2,,true
EC,0090,07,437597,330,500195,1,0,2026-06-18,PE2,,true
EC,0090,07,438482,330,500195,1,0,2026-06-18,PE2,,true
EC,0090,07,443691,330,500195,1,0,2026-06-18,PE2,,true
EC,0090,07,446961,330,500195,1,0,2026-06-18,PE2,,true
EC,0090,07,456174,330,500195,1,0,2026-06-18,PE2,,true
EC,0090,07,454542,330,500195,1,0,2026-06-18,PE2,,true
EC,0090,07,462941,330,500195,1,0,2026-06-18,PE2,,true
EC,0090,07,464683,330,500195,1,0,2026-06-18,PE2,,true
EC,0090,07,425394,330,500195,1,0,2026-06-18,PE2,,true
EC,0090,07,466390,330,500195,1,0,2026-06-18,PE2,,true
EC,0090,07,469759,330,500195,1,0,2026-06-18,PE2,,true
EC,0090,07,469382,330,500195,1,0,2026-06-18,PE2,,true
EC,0090,07,477493,330,500195,1,0,2026-06-18,PE2,,true
EC,0090,07,478703,330,500195,1,0,2026-06-18,PE2,,true
EC,0090,07,478493,330,500195,1,0,2026-06-18,PE2,,true
EC,0090,07,479766,330,500195,1,0,2026-06-18,PE2,,true
EC,0090,07,481429,330,500195,1,0,2026-06-18,PE2,,true
EC,0090,07,482356,330,500195,1,0,2026-06-18,PE2,,true
EC,0090,07,482848,330,500195,1,0,2026-06-18,PE2,,true
EC,0090,07,486564,330,500195,1,0,2026-06-18,PE2,,true
EC,0090,07,486383,330,500195,1,0,2026-06-18,PE2,,true
EC,0090,07,234454,331,500195,1,0,2026-06-18,PE2,,true
EC,0090,07,234267,331,500195,1,0,2026-06-18,PE2,,true
EC,0090,07,235281,331,500195,1,0,2026-06-18,PE2,,true
EC,0090,07,234452,331,500195,1,0,2026-06-18,PE2,,true
EC,0090,07,234450,331,500195,1,0,2026-06-18,PE2,,true
EC,0090,07,234268,331,500195,1,0,2026-06-18,PE2,,true
EC,0090,07,234211,331,500195,1,0,2026-06-18,PE2,,true
EC,0090,07,299833,331,500195,1,0,2026-06-18,PE2,,true
EC,0090,07,299831,331,500195,1,0,2026-06-18,PE2,,true
EC,0090,07,282601,331,500195,1,0,2026-06-18,PE2,,true
EC,0090,07,282591,331,500195,1,0,2026-06-18,PE2,,true
EC,0090,07,282579,331,500195,1,0,2026-06-18,PE2,,true
EC,0090,07,329044,331,500195,1,0,2026-06-18,PE2,,true
EC,0090,07,329043,331,500195,1,0,2026-06-18,PE2,,true
EC,0090,07,329040,331,500195,1,0,2026-06-18,PE2,,true
EC,0090,07,329036,331,500195,1,0,2026-06-18,PE2,,true
EC,0090,07,378459,331,500195,1,0,2026-06-18,PE2,,true
EC,0090,07,376827,331,500195,1,0,2026-06-18,PE2,,true
EC,0090,07,374170,331,500195,1,0,2026-06-18,PE2,,true
EC,0090,07,374169,331,500195,1,0,2026-06-18,PE2,,true
EC,0090,07,374167,331,500195,1,0,2026-06-18,PE2,,true
EC,0090,07,374162,331,500195,1,0,2026-06-18,PE2,,true
EC,0090,07,374161,331,500195,1,0,2026-06-18,PE2,,true
EC,0090,07,391656,331,500195,1,0,2026-06-18,PE2,,true
EC,0090,07,390921,331,500195,1,0,2026-06-18,PE2,,true
EC,0090,07,397977,331,500195,1,0,2026-06-18,PE2,,true
EC,0090,07,394757,331,500195,1,0,2026-06-18,PE2,,true
EC,0090,07,411234,331,500195,1,0,2026-06-18,PE2,,true
EC,0090,07,416270,331,500195,1,0,2026-06-18,PE2,,true
EC,0090,07,415770,331,500195,1,0,2026-06-18,PE2,,true
EC,0090,07,414850,331,500195,1,0,2026-06-18,PE2,,true
EC,0090,07,422352,331,500195,1,0,2026-06-18,PE2,,true
EC,0090,07,422008,331,500195,1,0,2026-06-18,PE2,,true
EC,0090,07,427029,331,500195,1,0,2026-06-18,PE2,,true
EC,0090,07,431836,331,500195,1,0,2026-06-18,PE2,,true
EC,0090,07,429297,331,500195,1,0,2026-06-18,PE2,,true
EC,0090,07,428884,331,500195,1,0,2026-06-18,PE2,,true
EC,0090,07,434438,331,500195,1,0,2026-06-18,PE2,,true
EC,0090,07,432811,331,500195,1,0,2026-06-18,PE2,,true
EC,0090,07,432471,331,500195,1,0,2026-06-18,PE2,,true
EC,0090,07,436686,331,500195,1,0,2026-06-18,PE2,,true
EC,0090,07,441073,331,500195,1,0,2026-06-18,PE2,,true
EC,0090,07,441126,331,500195,1,0,2026-06-18,PE2,,true
EC,0090,07,441419,331,500195,1,0,2026-06-18,PE2,,true
EC,0090,07,442013,331,500195,1,0,2026-06-18,PE2,,true
EC,0090,07,442011,331,500195,1,0,2026-06-18,PE2,,true
EC,0090,07,442010,331,500195,1,0,2026-06-18,PE2,,true
EC,0090,07,444278,331,500195,1,0,2026-06-18,PE2,,true
EC,0090,07,449538,331,500195,1,0,2026-06-18,PE2,,true
EC,0090,07,456430,331,500195,1,0,2026-06-18,PE2,,true
EC,0090,07,458779,331,500195,1,0,2026-06-18,PE2,,true
EC,0090,07,466596,331,500195,1,0,2026-06-18,PE2,,true
EC,0090,07,470821,331,500195,1,0,2026-06-18,PE2,,true
EC,0090,07,470822,331,500195,1,0,2026-06-18,PE2,,true
EC,0090,07,473225,331,500195,1,0,2026-06-18,PE2,,true
EC,0090,07,473224,331,500195,1,0,2026-06-18,PE2,,true
EC,0090,07,474992,331,500195,1,0,2026-06-18,PE2,,true
EC,0090,07,478018,331,500195,1,0,2026-06-18,PE2,,true
EC,0090,07,478934,331,500195,1,0,2026-06-18,PE2,,true
EC,0090,07,480757,331,500195,1,0,2026-06-18,PE2,,true
EC,0090,07,480756,331,500195,1,0,2026-06-18,PE2,,true
EC,0090,07,481011,331,500195,1,0,2026-06-18,PE2,,true
EC,0090,07,480958,331,500195,1,0,2026-06-18,PE2,,true
EC,0090,07,480833,331,500195,1,0,2026-06-18,PE2,,true
EC,0090,07,482869,331,500195,1,0,2026-06-18,PE2,,true
EC,0090,07,482606,331,500195,1,0,2026-06-18,PE2,,true
EC,0090,07,486005,331,500195,1,0,2026-06-18,PE2,,true
EC,0090,07,489249,331,500195,1,0,2026-06-18,PE2,,true
EC,0090,07,211756,339,500195,1,0,2026-06-18,PE2,,true
EC,0090,07,205736,339,500195,1,0,2026-06-18,PE2,,true
EC,0090,07,175738,339,500195,1,0,2026-06-18,PE2,,true
EC,0090,07,119524,339,500195,1,0,2026-06-18,PE2,,true
EC,0090,07,82867,339,500195,1,0,2026-06-18,PE2,,true
EC,0090,07,82425,339,500195,1,0,2026-06-18,PE2,,true
EC,0090,07,84622,339,500195,1,0,2026-06-18,PE2,,true
EC,0090,07,83445,339,500195,1,0,2026-06-18,PE2,,true
EC,0090,07,118811,339,500195,1,0,2026-06-18,PE2,,true
EC,0090,07,105298,339,500195,1,0,2026-06-18,PE2,,true
EC,0090,07,210513,339,500195,1,0,2026-06-18,PE2,,true
EC,0090,07,205434,339,500195,1,0,2026-06-18,PE2,,true
EC,0090,07,182972,339,500195,1,0,2026-06-18,PE2,,true
EC,0090,07,180423,339,500195,1,0,2026-06-18,PE2,,true
EC,0090,07,174474,339,500195,1,0,2026-06-18,PE2,,true
EC,0090,07,141632,339,500195,1,0,2026-06-18,PE2,,true
EC,0090,07,238837,339,500195,1,0,2026-06-18,PE2,,true
EC,0090,07,295181,339,500195,1,0,2026-06-18,PE2,,true
EC,0090,07,251378,339,500195,1,0,2026-06-18,PE2,,true
EC,0090,07,332823,339,500195,1,0,2026-06-18,PE2,,true
EC,0090,07,317652,339,500195,1,0,2026-06-18,PE2,,true
EC,0090,07,337717,339,500195,1,0,2026-06-18,PE2,,true
EC,0090,07,333987,339,500195,1,0,2026-06-18,PE2,,true
EC,0090,07,373945,339,500195,1,0,2026-06-18,PE2,,true
EC,0090,07,373944,339,500195,1,0,2026-06-18,PE2,,true
EC,0090,07,363179,339,500195,1,0,2026-06-18,PE2,,true
EC,0090,07,378449,339,500195,1,0,2026-06-18,PE2,,true
EC,0090,07,374873,339,500195,1,0,2026-06-18,PE2,,true
EC,0090,07,374797,339,500195,1,0,2026-06-18,PE2,,true
EC,0090,07,381662,339,500195,1,0,2026-06-18,PE2,,true
EC,0090,07,379385,339,500195,1,0,2026-06-18,PE2,,true
EC,0090,07,387413,339,500195,1,0,2026-06-18,PE2,,true
EC,0090,07,382959,339,500195,1,0,2026-06-18,PE2,,true
EC,0090,07,399942,339,500195,1,0,2026-06-18,PE2,,true
EC,0090,07,399609,339,500195,1,0,2026-06-18,PE2,,true
EC,0090,07,416895,339,500195,1,0,2026-06-18,PE2,,true
EC,0090,07,416376,339,500195,1,0,2026-06-18,PE2,,true
EC,0090,07,415964,339,500195,1,0,2026-06-18,PE2,,true
EC,0090,07,415772,339,500195,1,0,2026-06-18,PE2,,true
EC,0090,07,83412,339,500195,1,0,2026-06-18,PE2,,true
EC,0090,07,82919,339,500195,1,0,2026-06-18,PE2,,true
EC,0090,07,85389,339,500195,1,0,2026-06-18,PE2,,true
EC,0090,07,84653,339,500195,1,0,2026-06-18,PE2,,true
EC,0090,07,84649,339,500195,1,0,2026-06-18,PE2,,true
EC,0090,07,84641,339,500195,1,0,2026-06-18,PE2,,true
EC,0090,07,84615,339,500195,1,0,2026-06-18,PE2,,true
EC,0090,07,84614,339,500195,1,0,2026-06-18,PE2,,true
EC,0090,07,420113,339,500195,1,0,2026-06-18,PE2,,true
EC,0090,07,85493,339,500195,1,0,2026-06-18,PE2,,true
EC,0090,07,432228,339,500195,1,0,2026-06-18,PE2,,true
EC,0090,07,430409,339,500195,1,0,2026-06-18,PE2,,true
EC,0090,07,434761,339,500195,1,0,2026-06-18,PE2,,true
EC,0090,07,373627,339,500195,1,0,2026-06-18,PE2,,true
EC,0090,07,436984,339,500195,1,0,2026-06-18,PE2,,true
EC,0090,07,436765,339,500195,1,0,2026-06-18,PE2,,true
EC,0090,07,435195,339,500195,1,0,2026-06-18,PE2,,true
EC,0090,07,439153,339,500195,1,0,2026-06-18,PE2,,true
EC,0090,07,443567,339,500195,1,0,2026-06-18,PE2,,true
EC,0090,07,442254,339,500195,1,0,2026-06-18,PE2,,true
EC,0090,07,444481,339,500195,1,0,2026-06-18,PE2,,true
EC,0090,07,449888,339,500195,1,0,2026-06-18,PE2,,true
EC,0090,07,454505,339,500195,1,0,2026-06-18,PE2,,true
EC,0090,07,457225,339,500195,1,0,2026-06-18,PE2,,true
EC,0090,07,458893,339,500195,1,0,2026-06-18,PE2,,true
EC,0090,07,458843,339,500195,1,0,2026-06-18,PE2,,true
EC,0090,07,458062,339,500195,1,0,2026-06-18,PE2,,true
EC,0090,07,473313,339,500195,1,0,2026-06-18,PE2,,true
EC,0090,07,474631,339,500195,1,0,2026-06-18,PE2,,true
EC,0090,07,477979,339,500195,1,0,2026-06-18,PE2,,true
EC,0090,07,478807,339,500195,1,0,2026-06-18,PE2,,true
EC,0090,07,478533,339,500195,1,0,2026-06-18,PE2,,true
EC,0090,07,480749,339,500195,1,0,2026-06-18,PE2,,true
EC,0090,07,480624,339,500195,1,0,2026-06-18,PE2,,true
EC,0090,07,480260,339,500195,1,0,2026-06-18,PE2,,true
EC,0090,07,479077,339,500195,1,0,2026-06-18,PE2,,true
EC,0090,07,360957,339,500195,1,0,2026-06-18,PE2,,true
EC,0090,07,483023,339,500195,1,0,2026-06-18,PE2,,true
EC,0090,07,489169,339,500195,1,0,2026-06-18,PE2,,true
EC,0090,07,131794,342,500195,1,0,2026-06-18,PE2,,true
EC,0090,07,82592,342,500195,1,0,2026-06-18,PE2,,true
EC,0090,07,82348,342,500195,1,0,2026-06-18,PE2,,true
EC,0090,07,83703,342,500195,1,0,2026-06-18,PE2,,true
EC,0090,07,83702,342,500195,1,0,2026-06-18,PE2,,true
EC,0090,07,83546,342,500195,1,0,2026-06-18,PE2,,true
EC,0090,07,119185,342,500195,1,0,2026-06-18,PE2,,true
EC,0090,07,205833,342,500195,1,0,2026-06-18,PE2,,true
EC,0090,07,205321,342,500195,1,0,2026-06-18,PE2,,true
EC,0090,07,182866,342,500195,1,0,2026-06-18,PE2,,true
EC,0090,07,161820,342,500195,1,0,2026-06-18,PE2,,true
EC,0090,07,144120,342,500195,1,0,2026-06-18,PE2,,true
EC,0090,07,141785,342,500195,1,0,2026-06-18,PE2,,true
EC,0090,07,136903,342,500195,1,0,2026-06-18,PE2,,true
EC,0090,07,242806,342,500195,1,0,2026-06-18,PE2,,true
EC,0090,07,240218,342,500195,1,0,2026-06-18,PE2,,true
EC,0090,07,302275,342,500195,1,0,2026-06-18,PE2,,true
EC,0090,07,275457,342,500195,1,0,2026-06-18,PE2,,true
EC,0090,07,324220,342,500195,1,0,2026-06-18,PE2,,true
EC,0090,07,324129,342,500195,1,0,2026-06-18,PE2,,true
EC,0090,07,336960,342,500195,1,0,2026-06-18,PE2,,true
EC,0090,07,376283,342,500195,1,0,2026-06-18,PE2,,true
EC,0090,07,374746,342,500195,1,0,2026-06-18,PE2,,true
EC,0090,07,381587,342,500195,1,0,2026-06-18,PE2,,true
EC,0090,07,387230,342,500195,1,0,2026-06-18,PE2,,true
EC,0090,07,385277,342,500195,1,0,2026-06-18,PE2,,true
EC,0090,07,399147,342,500195,1,0,2026-06-18,PE2,,true
EC,0090,07,398226,342,500195,1,0,2026-06-18,PE2,,true
EC,0090,07,395153,342,500195,1,0,2026-06-18,PE2,,true
EC,0090,07,406554,342,500195,1,0,2026-06-18,PE2,,true
EC,0090,07,406552,342,500195,1,0,2026-06-18,PE2,,true
EC,0090,07,406240,342,500195,1,0,2026-06-18,PE2,,true
EC,0090,07,400388,342,500195,1,0,2026-06-18,PE2,,true
EC,0090,07,413112,342,500195,1,0,2026-06-18,PE2,,true
EC,0090,07,411895,342,500195,1,0,2026-06-18,PE2,,true
EC,0090,07,411237,342,500195,1,0,2026-06-18,PE2,,true
EC,0090,07,415339,342,500195,1,0,2026-06-18,PE2,,true
EC,0090,07,419097,342,500195,1,0,2026-06-18,PE2,,true
EC,0090,07,82578,342,500195,1,0,2026-06-18,PE2,,true
EC,0090,07,82291,342,500195,1,0,2026-06-18,PE2,,true
EC,0090,07,82274,342,500195,1,0,2026-06-18,PE2,,true
EC,0090,07,82268,342,500195,1,0,2026-06-18,PE2,,true
EC,0090,07,84154,342,500195,1,0,2026-06-18,PE2,,true
EC,0090,07,83788,342,500195,1,0,2026-06-18,PE2,,true
EC,0090,07,83750,342,500195,1,0,2026-06-18,PE2,,true
EC,0090,07,83742,342,500195,1,0,2026-06-18,PE2,,true
EC,0090,07,83738,342,500195,1,0,2026-06-18,PE2,,true
EC,0090,07,83732,342,500195,1,0,2026-06-18,PE2,,true
EC,0090,07,83726,342,500195,1,0,2026-06-18,PE2,,true
EC,0090,07,83717,342,500195,1,0,2026-06-18,PE2,,true
EC,0090,07,83694,342,500195,1,0,2026-06-18,PE2,,true
EC,0090,07,83688,342,500195,1,0,2026-06-18,PE2,,true
EC,0090,07,83687,342,500195,1,0,2026-06-18,PE2,,true
EC,0090,07,83528,342,500195,1,0,2026-06-18,PE2,,true
EC,0090,07,85328,342,500195,1,0,2026-06-18,PE2,,true
EC,0090,07,420589,342,500195,1,0,2026-06-18,PE2,,true
EC,0090,07,82290,342,500195,1,0,2026-06-18,PE2,,true
EC,0090,07,178311,342,500195,1,0,2026-06-18,PE2,,true
EC,0090,07,82200,342,500195,1,0,2026-06-18,PE2,,true
EC,0090,07,85835,342,500195,1,0,2026-06-18,PE2,,true
EC,0090,07,423288,342,500195,1,0,2026-06-18,PE2,,true
EC,0090,07,422358,342,500195,1,0,2026-06-18,PE2,,true
EC,0090,07,300229,342,500195,1,0,2026-06-18,PE2,,true
EC,0090,07,420836,342,500195,1,0,2026-06-18,PE2,,true
EC,0090,07,429301,342,500195,1,0,2026-06-18,PE2,,true
EC,0090,07,429062,342,500195,1,0,2026-06-18,PE2,,true
EC,0090,07,434925,342,500195,1,0,2026-06-18,PE2,,true
EC,0090,07,180421,342,500195,1,0,2026-06-18,PE2,,true
EC,0090,07,436555,342,500195,1,0,2026-06-18,PE2,,true
EC,0090,07,435837,342,500195,1,0,2026-06-18,PE2,,true
EC,0090,07,435324,342,500195,1,0,2026-06-18,PE2,,true
EC,0090,07,439175,342,500195,1,0,2026-06-18,PE2,,true
EC,0090,07,443514,342,500195,1,0,2026-06-18,PE2,,true
EC,0090,07,443414,342,500195,1,0,2026-06-18,PE2,,true
EC,0090,07,446734,342,500195,1,0,2026-06-18,PE2,,true
EC,0090,07,446272,342,500195,1,0,2026-06-18,PE2,,true
EC,0090,07,444886,342,500195,1,0,2026-06-18,PE2,,true
EC,0090,07,452909,342,500195,1,0,2026-06-18,PE2,,true
EC,0090,07,457804,342,500195,1,0,2026-06-18,PE2,,true
EC,0090,07,457074,342,500195,1,0,2026-06-18,PE2,,true
EC,0090,07,456620,342,500195,1,0,2026-06-18,PE2,,true
EC,0090,07,463251,342,500195,1,0,2026-06-18,PE2,,true
EC,0090,07,468010,342,500195,1,0,2026-06-18,PE2,,true
EC,0090,07,467788,342,500195,1,0,2026-06-18,PE2,,true
EC,0090,07,470714,342,500195,1,0,2026-06-18,PE2,,true
EC,0090,07,470481,342,500195,1,0,2026-06-18,PE2,,true
EC,0090,07,473119,342,500195,1,0,2026-06-18,PE2,,true
EC,0090,07,475190,342,500195,1,0,2026-06-18,PE2,,true
EC,0090,07,475187,342,500195,1,0,2026-06-18,PE2,,true
EC,0090,07,478016,342,500195,1,0,2026-06-18,PE2,,true
EC,0090,07,480227,342,500195,1,0,2026-06-18,PE2,,true
EC,0090,07,480040,342,500195,1,0,2026-06-18,PE2,,true
EC,0090,07,482364,342,500195,1,0,2026-06-18,PE2,,true
EC,0090,07,482650,342,500195,1,0,2026-06-18,PE2,,true
EC,0090,07,482581,342,500195,1,0,2026-06-18,PE2,,true
EC,0090,07,488038,342,500195,1,0,2026-06-18,PE2,,true
EC,0090,07,487481,342,500195,1,0,2026-06-18,PE2,,true
EC,0090,07,487422,342,500195,1,0,2026-06-18,PE2,,true
EC,0090,07,181987,344,500195,1,0,2026-06-18,PE2,,true
EC,0090,07,82834,344,500195,1,0,2026-06-18,PE2,,true
EC,0090,07,82799,344,500195,1,0,2026-06-18,PE2,,true
EC,0090,07,82363,344,500195,1,0,2026-06-18,PE2,,true
EC,0090,07,84362,344,500195,1,0,2026-06-18,PE2,,true
EC,0090,07,84360,344,500195,1,0,2026-06-18,PE2,,true
EC,0090,07,84324,344,500195,1,0,2026-06-18,PE2,,true
EC,0090,07,122096,344,500195,1,0,2026-06-18,PE2,,true
EC,0090,07,118940,344,500195,1,0,2026-06-18,PE2,,true
EC,0090,07,210528,344,500195,1,0,2026-06-18,PE2,,true
EC,0090,07,237920,344,500195,1,0,2026-06-18,PE2,,true
EC,0090,07,289212,344,500195,1,0,2026-06-18,PE2,,true
EC,0090,07,331375,344,500195,1,0,2026-06-18,PE2,,true
EC,0090,07,329547,344,500195,1,0,2026-06-18,PE2,,true
EC,0090,07,328072,344,500195,1,0,2026-06-18,PE2,,true
EC,0090,07,321074,344,500195,1,0,2026-06-18,PE2,,true
EC,0090,07,352589,344,500195,1,0,2026-06-18,PE2,,true
EC,0090,07,333211,344,500195,1,0,2026-06-18,PE2,,true
EC,0090,07,369127,344,500195,1,0,2026-06-18,PE2,,true
EC,0090,07,375276,344,500195,1,0,2026-06-18,PE2,,true
EC,0090,07,374155,344,500195,1,0,2026-06-18,PE2,,true
EC,0090,07,381682,344,500195,1,0,2026-06-18,PE2,,true
EC,0090,07,380343,344,500195,1,0,2026-06-18,PE2,,true
EC,0090,07,380336,344,500195,1,0,2026-06-18,PE2,,true
EC,0090,07,390329,344,500195,1,0,2026-06-18,PE2,,true
EC,0090,07,389671,344,500195,1,0,2026-06-18,PE2,,true
EC,0090,07,386992,344,500195,1,0,2026-06-18,PE2,,true
EC,0090,07,399419,344,500195,1,0,2026-06-18,PE2,,true
EC,0090,07,398236,344,500195,1,0,2026-06-18,PE2,,true
EC,0090,07,406773,344,500195,1,0,2026-06-18,PE2,,true
EC,0090,07,417552,344,500195,1,0,2026-06-18,PE2,,true
EC,0090,07,84325,344,500195,1,0,2026-06-18,PE2,,true
EC,0090,07,84280,344,500195,1,0,2026-06-18,PE2,,true
EC,0090,07,84238,344,500195,1,0,2026-06-18,PE2,,true
EC,0090,07,420148,344,500195,1,0,2026-06-18,PE2,,true
EC,0090,07,420125,344,500195,1,0,2026-06-18,PE2,,true
EC,0090,07,205264,344,500195,1,0,2026-06-18,PE2,,true
EC,0090,07,422680,344,500195,1,0,2026-06-18,PE2,,true
EC,0090,07,421552,344,500195,1,0,2026-06-18,PE2,,true
EC,0090,07,427559,344,500195,1,0,2026-06-18,PE2,,true
EC,0090,07,426291,344,500195,1,0,2026-06-18,PE2,,true
EC,0090,07,425291,344,500195,1,0,2026-06-18,PE2,,true
EC,0090,07,432218,344,500195,1,0,2026-06-18,PE2,,true
EC,0090,07,361744,344,500195,1,0,2026-06-18,PE2,,true
EC,0090,07,438337,344,500195,1,0,2026-06-18,PE2,,true
EC,0090,07,438225,344,500195,1,0,2026-06-18,PE2,,true
EC,0090,07,437465,344,500195,1,0,2026-06-18,PE2,,true
EC,0090,07,436985,344,500195,1,0,2026-06-18,PE2,,true
EC,0090,07,437818,344,500195,1,0,2026-06-18,PE2,,true
EC,0090,07,439396,344,500195,1,0,2026-06-18,PE2,,true
EC,0090,07,444261,344,500195,1,0,2026-06-18,PE2,,true
EC,0090,07,448020,344,500195,1,0,2026-06-18,PE2,,true
EC,0090,07,453553,344,500195,1,0,2026-06-18,PE2,,true
EC,0090,07,453049,344,500195,1,0,2026-06-18,PE2,,true
EC,0090,07,456523,344,500195,1,0,2026-06-18,PE2,,true
EC,0090,07,457821,344,500195,1,0,2026-06-18,PE2,,true
EC,0090,07,458455,344,500195,1,0,2026-06-18,PE2,,true
EC,0090,07,459380,344,500195,1,0,2026-06-18,PE2,,true
EC,0090,07,465671,344,500195,1,0,2026-06-18,PE2,,true
EC,0090,07,465389,344,500195,1,0,2026-06-18,PE2,,true
EC,0090,07,469233,344,500195,1,0,2026-06-18,PE2,,true
EC,0090,07,471465,344,500195,1,0,2026-06-18,PE2,,true
EC,0090,07,471167,344,500195,1,0,2026-06-18,PE2,,true
EC,0090,07,473219,344,500195,1,0,2026-06-18,PE2,,true
EC,0090,07,473100,344,500195,1,0,2026-06-18,PE2,,true
EC,0090,07,474997,344,500195,1,0,2026-06-18,PE2,,true
EC,0090,07,475427,344,500195,1,0,2026-06-18,PE2,,true
EC,0090,07,479029,344,500195,1,0,2026-06-18,PE2,,true
EC,0090,07,478928,344,500195,1,0,2026-06-18,PE2,,true
EC,0090,07,478929,344,500195,1,0,2026-06-18,PE2,,true
EC,0090,07,478066,344,500195,1,0,2026-06-18,PE2,,true
EC,0090,07,481889,344,500195,1,0,2026-06-18,PE2,,true
EC,0090,07,481646,344,500195,1,0,2026-06-18,PE2,,true
EC,0090,07,481577,344,500195,1,0,2026-06-18,PE2,,true
EC,0090,07,481497,344,500195,1,0,2026-06-18,PE2,,true
EC,0090,07,480955,344,500195,1,0,2026-06-18,PE2,,true
EC,0090,07,482351,344,500195,1,0,2026-06-18,PE2,,true
EC,0090,07,482096,344,500195,1,0,2026-06-18,PE2,,true
EC,0090,07,482091,344,500195,1,0,2026-06-18,PE2,,true
EC,0090,07,482846,344,500195,1,0,2026-06-18,PE2,,true
EC,0090,07,482603,344,500195,1,0,2026-06-18,PE2,,true
EC,0090,07,484468,344,500195,1,0,2026-06-18,PE2,,true
EC,0090,07,483895,344,500195,1,0,2026-06-18,PE2,,true
EC,0090,07,483731,344,500195,1,0,2026-06-18,PE2,,true
EC,0090,07,483575,344,500195,1,0,2026-06-18,PE2,,true
EC,0090,07,483110,344,500195,1,0,2026-06-18,PE2,,true
EC,0090,07,485930,344,500195,1,0,2026-06-18,PE2,,true
EC,0090,07,485477,344,500195,1,0,2026-06-18,PE2,,true
EC,0090,07,485097,344,500195,1,0,2026-06-18,PE2,,true
EC,0090,07,486686,344,500195,1,0,2026-06-18,PE2,,true
EC,0090,07,486685,344,500195,1,0,2026-06-18,PE2,,true
EC,0090,07,486559,344,500195,1,0,2026-06-18,PE2,,true
EC,0090,07,488146,344,500195,1,0,2026-06-18,PE2,,true
EC,0090,07,487978,344,500195,1,0,2026-06-18,PE2,,true
EC,0090,07,487503,344,500195,1,0,2026-06-18,PE2,,true
EC,0090,07,487285,344,500195,1,0,2026-06-18,PE2,,true
EC,0090,07,489406,344,500195,1,0,2026-06-18,PE2,,true
EC,0090,07,489196,344,500195,1,0,2026-06-18,PE2,,true
EC,0090,07,489170,344,500195,1,0,2026-06-18,PE2,,true
EC,0090,07,488790,344,500195,1,0,2026-06-18,PE2,,true
EC,0090,07,488782,344,500195,1,0,2026-06-18,PE2,,true
EC,0090,07,488504,344,500195,1,0,2026-06-18,PE2,,true
EC,0090,07,182173,347,500195,1,0,2026-06-18,PE2,,true
EC,0090,07,122080,347,500195,1,0,2026-06-18,PE2,,true
EC,0090,07,126340,347,500195,1,0,2026-06-18,PE2,,true
EC,0090,07,126327,347,500195,1,0,2026-06-18,PE2,,true
EC,0090,07,125668,347,500195,1,0,2026-06-18,PE2,,true
EC,0090,07,118797,347,500195,1,0,2026-06-18,PE2,,true
EC,0090,07,85184,347,500195,1,0,2026-06-18,PE2,,true
EC,0090,07,85126,347,500195,1,0,2026-06-18,PE2,,true
EC,0090,07,85118,347,500195,1,0,2026-06-18,PE2,,true
EC,0090,07,209024,347,500195,1,0,2026-06-18,PE2,,true
EC,0090,07,205428,347,500195,1,0,2026-06-18,PE2,,true
EC,0090,07,205341,347,500195,1,0,2026-06-18,PE2,,true
EC,0090,07,241233,347,500195,1,0,2026-06-18,PE2,,true
EC,0090,07,236617,347,500195,1,0,2026-06-18,PE2,,true
EC,0090,07,235196,347,500195,1,0,2026-06-18,PE2,,true
EC,0090,07,228943,347,500195,1,0,2026-06-18,PE2,,true
EC,0090,07,227527,347,500195,1,0,2026-06-18,PE2,,true
EC,0090,07,281106,347,500195,1,0,2026-06-18,PE2,,true
EC,0090,07,251899,347,500195,1,0,2026-06-18,PE2,,true
EC,0090,07,329662,347,500195,1,0,2026-06-18,PE2,,true
EC,0090,07,328149,347,500195,1,0,2026-06-18,PE2,,true
EC,0090,07,373601,347,500195,1,0,2026-06-18,PE2,,true
EC,0090,07,373063,347,500195,1,0,2026-06-18,PE2,,true
EC,0090,07,369921,347,500195,1,0,2026-06-18,PE2,,true
EC,0090,07,374207,347,500195,1,0,2026-06-18,PE2,,true
EC,0090,07,382623,347,500195,1,0,2026-06-18,PE2,,true
EC,0090,07,379955,347,500195,1,0,2026-06-18,PE2,,true
EC,0090,07,379759,347,500195,1,0,2026-06-18,PE2,,true
EC,0090,07,389497,347,500195,1,0,2026-06-18,PE2,,true
EC,0090,07,389041,347,500195,1,0,2026-06-18,PE2,,true
EC,0090,07,391222,347,500195,1,0,2026-06-18,PE2,,true
EC,0090,07,390938,347,500195,1,0,2026-06-18,PE2,,true
EC,0090,07,398739,347,500195,1,0,2026-06-18,PE2,,true
EC,0090,07,412414,347,500195,1,0,2026-06-18,PE2,,true
EC,0090,07,416755,347,500195,1,0,2026-06-18,PE2,,true
EC,0090,07,415428,347,500195,1,0,2026-06-18,PE2,,true
EC,0090,07,415034,347,500195,1,0,2026-06-18,PE2,,true
EC,0090,07,82895,347,500195,1,0,2026-06-18,PE2,,true
EC,0090,07,82874,347,500195,1,0,2026-06-18,PE2,,true
EC,0090,07,82561,347,500195,1,0,2026-06-18,PE2,,true
EC,0090,07,85473,347,500195,1,0,2026-06-18,PE2,,true
EC,0090,07,85105,347,500195,1,0,2026-06-18,PE2,,true
EC,0090,07,86070,347,500195,1,0,2026-06-18,PE2,,true
EC,0090,07,86007,347,500195,1,0,2026-06-18,PE2,,true
EC,0090,07,85571,347,500195,1,0,2026-06-18,PE2,,true
EC,0090,07,85570,347,500195,1,0,2026-06-18,PE2,,true
EC,0090,07,85475,347,500195,1,0,2026-06-18,PE2,,true
EC,0090,07,239241,347,500195,1,0,2026-06-18,PE2,,true
EC,0090,07,420743,347,500195,1,0,2026-06-18,PE2,,true
EC,0090,07,426314,347,500195,1,0,2026-06-18,PE2,,true
EC,0090,07,434350,347,500195,1,0,2026-06-18,PE2,,true
EC,0090,07,432284,347,500195,1,0,2026-06-18,PE2,,true
EC,0090,07,438164,347,500195,1,0,2026-06-18,PE2,,true
EC,0090,07,438529,347,500195,1,0,2026-06-18,PE2,,true
EC,0090,07,442691,347,500195,1,0,2026-06-18,PE2,,true
EC,0090,07,443752,347,500195,1,0,2026-06-18,PE2,,true
EC,0090,07,454161,347,500195,1,0,2026-06-18,PE2,,true
EC,0090,07,454424,347,500195,1,0,2026-06-18,PE2,,true
EC,0090,07,458928,347,500195,1,0,2026-06-18,PE2,,true
EC,0090,07,467222,347,500195,1,0,2026-06-18,PE2,,true
EC,0090,07,466870,347,500195,1,0,2026-06-18,PE2,,true
EC,0090,07,466498,347,500195,1,0,2026-06-18,PE2,,true
EC,0090,07,470337,347,500195,1,0,2026-06-18,PE2,,true
EC,0090,07,473676,347,500195,1,0,2026-06-18,PE2,,true
EC,0090,07,473296,347,500195,1,0,2026-06-18,PE2,,true
EC,0090,07,472937,347,500195,1,0,2026-06-18,PE2,,true
EC,0090,07,478477,347,500195,1,0,2026-06-18,PE2,,true
EC,0090,07,481325,347,500195,1,0,2026-06-18,PE2,,true
EC,0090,07,481216,347,500195,1,0,2026-06-18,PE2,,true
EC,0090,07,481207,347,500195,1,0,2026-06-18,PE2,,true
EC,0090,07,482383,347,500195,1,0,2026-06-18,PE2,,true
EC,0090,07,485253,347,500195,1,0,2026-06-18,PE2,,true
EC,0090,07,487155,347,500195,1,0,2026-06-18,PE2,,true
EC,0090,07,183971,348,500195,1,0,2026-06-18,PE2,,true
EC,0090,07,82932,348,500195,1,0,2026-06-18,PE2,,true
EC,0090,07,82335,348,500195,1,0,2026-06-18,PE2,,true
EC,0090,07,390053,348,500195,1,0,2026-06-18,PE2,,true
EC,0090,07,84480,348,500195,1,0,2026-06-18,PE2,,true
EC,0090,07,84477,348,500195,1,0,2026-06-18,PE2,,true
EC,0090,07,84473,348,500195,1,0,2026-06-18,PE2,,true
EC,0090,07,84431,348,500195,1,0,2026-06-18,PE2,,true
EC,0090,07,122519,348,500195,1,0,2026-06-18,PE2,,true
EC,0090,07,85868,348,500195,1,0,2026-06-18,PE2,,true
EC,0090,07,85853,348,500195,1,0,2026-06-18,PE2,,true
EC,0090,07,85453,348,500195,1,0,2026-06-18,PE2,,true
EC,0090,07,180461,348,500195,1,0,2026-06-18,PE2,,true
EC,0090,07,180415,348,500195,1,0,2026-06-18,PE2,,true
EC,0090,07,304079,348,500195,1,0,2026-06-18,PE2,,true
EC,0090,07,303758,348,500195,1,0,2026-06-18,PE2,,true
EC,0090,07,330604,348,500195,1,0,2026-06-18,PE2,,true
EC,0090,07,317564,348,500195,1,0,2026-06-18,PE2,,true
EC,0090,07,349504,348,500195,1,0,2026-06-18,PE2,,true
EC,0090,07,373139,348,500195,1,0,2026-06-18,PE2,,true
EC,0090,07,373137,348,500195,1,0,2026-06-18,PE2,,true
EC,0090,07,373135,348,500195,1,0,2026-06-18,PE2,,true
EC,0090,07,373134,348,500195,1,0,2026-06-18,PE2,,true
EC,0090,07,378030,348,500195,1,0,2026-06-18,PE2,,true
EC,0090,07,374132,348,500195,1,0,2026-06-18,PE2,,true
EC,0090,07,374123,348,500195,1,0,2026-06-18,PE2,,true
EC,0090,07,374122,348,500195,1,0,2026-06-18,PE2,,true
EC,0090,07,374121,348,500195,1,0,2026-06-18,PE2,,true
EC,0090,07,374025,348,500195,1,0,2026-06-18,PE2,,true
EC,0090,07,382523,348,500195,1,0,2026-06-18,PE2,,true
EC,0090,07,380501,348,500195,1,0,2026-06-18,PE2,,true
EC,0090,07,378628,348,500195,1,0,2026-06-18,PE2,,true
EC,0090,07,386590,348,500195,1,0,2026-06-18,PE2,,true
EC,0090,07,385075,348,500195,1,0,2026-06-18,PE2,,true
EC,0090,07,391779,348,500195,1,0,2026-06-18,PE2,,true
EC,0090,07,393804,348,500195,1,0,2026-06-18,PE2,,true
EC,0090,07,403964,348,500195,1,0,2026-06-18,PE2,,true
EC,0090,07,411405,348,500195,1,0,2026-06-18,PE2,,true
EC,0090,07,418442,348,500195,1,0,2026-06-18,PE2,,true
EC,0090,07,418045,348,500195,1,0,2026-06-18,PE2,,true
EC,0090,07,82927,348,500195,1,0,2026-06-18,PE2,,true
EC,0090,07,84541,348,500195,1,0,2026-06-18,PE2,,true
EC,0090,07,84468,348,500195,1,0,2026-06-18,PE2,,true
EC,0090,07,85462,348,500195,1,0,2026-06-18,PE2,,true
EC,0090,07,85867,348,500195,1,0,2026-06-18,PE2,,true
EC,0090,07,427959,348,500195,1,0,2026-06-18,PE2,,true
EC,0090,07,427700,348,500195,1,0,2026-06-18,PE2,,true
EC,0090,07,424904,348,500195,1,0,2026-06-18,PE2,,true
EC,0090,07,431312,348,500195,1,0,2026-06-18,PE2,,true
EC,0090,07,330709,348,500195,1,0,2026-06-18,PE2,,true
EC,0090,07,429045,348,500195,1,0,2026-06-18,PE2,,true
EC,0090,07,432971,348,500195,1,0,2026-06-18,PE2,,true
EC,0090,07,432626,348,500195,1,0,2026-06-18,PE2,,true
EC,0090,07,444776,348,500195,1,0,2026-06-18,PE2,,true
EC,0090,07,444775,348,500195,1,0,2026-06-18,PE2,,true
EC,0090,07,444710,348,500195,1,0,2026-06-18,PE2,,true
EC,0090,07,444549,348,500195,1,0,2026-06-18,PE2,,true
EC,0090,07,446318,348,500195,1,0,2026-06-18,PE2,,true
EC,0090,07,446062,348,500195,1,0,2026-06-18,PE2,,true
EC,0090,07,444921,348,500195,1,0,2026-06-18,PE2,,true
EC,0090,07,449804,348,500195,1,0,2026-06-18,PE2,,true
EC,0090,07,455803,348,500195,1,0,2026-06-18,PE2,,true
EC,0090,07,462907,348,500195,1,0,2026-06-18,PE2,,true
EC,0090,07,465363,348,500195,1,0,2026-06-18,PE2,,true
EC,0090,07,464351,348,500195,1,0,2026-06-18,PE2,,true
EC,0090,07,463953,348,500195,1,0,2026-06-18,PE2,,true
EC,0090,07,467528,348,500195,1,0,2026-06-18,PE2,,true
EC,0090,07,469457,348,500195,1,0,2026-06-18,PE2,,true
EC,0090,07,471445,348,500195,1,0,2026-06-18,PE2,,true
EC,0090,07,472893,348,500195,1,0,2026-06-18,PE2,,true
EC,0090,07,475201,348,500195,1,0,2026-06-18,PE2,,true
EC,0090,07,478879,348,500195,1,0,2026-06-18,PE2,,true
EC,0090,07,478433,348,500195,1,0,2026-06-18,PE2,,true
EC,0090,07,481496,348,500195,1,0,2026-06-18,PE2,,true
EC,0090,07,482352,348,500195,1,0,2026-06-18,PE2,,true
EC,0090,07,482179,348,500195,1,0,2026-06-18,PE2,,true
EC,0090,07,488263,348,500195,1,0,2026-06-18,PE2,,true
EC,0090,07,250049,349,500195,1,0,2026-06-18,PE2,,true
EC,0090,07,391979,349,500195,1,0,2026-06-18,PE2,,true
EC,0090,07,391919,349,500195,1,0,2026-06-18,PE2,,true
EC,0090,07,392168,349,500195,1,0,2026-06-18,PE2,,true
EC,0090,07,392166,349,500195,1,0,2026-06-18,PE2,,true
EC,0090,07,392051,349,500195,1,0,2026-06-18,PE2,,true
EC,0090,07,392296,349,500195,1,0,2026-06-18,PE2,,true
EC,0090,07,392197,349,500195,1,0,2026-06-18,PE2,,true
EC,0090,07,392496,349,500195,1,0,2026-06-18,PE2,,true
EC,0090,07,392426,349,500195,1,0,2026-06-18,PE2,,true
EC,0090,07,392407,349,500195,1,0,2026-06-18,PE2,,true
EC,0090,07,392769,349,500195,1,0,2026-06-18,PE2,,true
EC,0090,07,392768,349,500195,1,0,2026-06-18,PE2,,true
EC,0090,07,392714,349,500195,1,0,2026-06-18,PE2,,true
EC,0090,07,392703,349,500195,1,0,2026-06-18,PE2,,true
EC,0090,07,392678,349,500195,1,0,2026-06-18,PE2,,true
EC,0090,07,392669,349,500195,1,0,2026-06-18,PE2,,true
EC,0090,07,392894,349,500195,1,0,2026-06-18,PE2,,true
EC,0090,07,392815,349,500195,1,0,2026-06-18,PE2,,true
EC,0090,07,392811,349,500195,1,0,2026-06-18,PE2,,true
EC,0090,07,393096,349,500195,1,0,2026-06-18,PE2,,true
EC,0090,07,393065,349,500195,1,0,2026-06-18,PE2,,true
EC,0090,07,392967,349,500195,1,0,2026-06-18,PE2,,true
EC,0090,07,393252,349,500195,1,0,2026-06-18,PE2,,true
EC,0090,07,393200,349,500195,1,0,2026-06-18,PE2,,true
EC,0090,07,393126,349,500195,1,0,2026-06-18,PE2,,true
EC,0090,07,393372,349,500195,1,0,2026-06-18,PE2,,true
EC,0090,07,393366,349,500195,1,0,2026-06-18,PE2,,true
EC,0090,07,393358,349,500195,1,0,2026-06-18,PE2,,true
EC,0090,07,393349,349,500195,1,0,2026-06-18,PE2,,true
EC,0090,07,393298,349,500195,1,0,2026-06-18,PE2,,true
EC,0090,07,393539,349,500195,1,0,2026-06-18,PE2,,true
EC,0090,07,393538,349,500195,1,0,2026-06-18,PE2,,true
EC,0090,07,393496,349,500195,1,0,2026-06-18,PE2,,true
EC,0090,07,400037,349,500195,1,0,2026-06-18,PE2,,true
EC,0090,07,400036,349,500195,1,0,2026-06-18,PE2,,true
EC,0090,07,395209,349,500195,1,0,2026-06-18,PE2,,true
EC,0090,07,406551,349,500195,1,0,2026-06-18,PE2,,true
EC,0090,07,414567,349,500195,1,0,2026-06-18,PE2,,true
EC,0090,07,411769,349,500195,1,0,2026-06-18,PE2,,true
EC,0090,07,418900,349,500195,1,0,2026-06-18,PE2,,true
EC,0090,07,417918,349,500195,1,0,2026-06-18,PE2,,true
EC,0090,07,422211,349,500195,1,0,2026-06-18,PE2,,true
EC,0090,07,422027,349,500195,1,0,2026-06-18,PE2,,true
EC,0090,07,422015,349,500195,1,0,2026-06-18,PE2,,true
EC,0090,07,421632,349,500195,1,0,2026-06-18,PE2,,true
EC,0090,07,421825,349,500195,1,0,2026-06-18,PE2,,true
EC,0090,07,420845,349,500195,1,0,2026-06-18,PE2,,true
EC,0090,07,434052,349,500195,1,0,2026-06-18,PE2,,true
EC,0090,07,436894,349,500195,1,0,2026-06-18,PE2,,true
EC,0090,07,436687,349,500195,1,0,2026-06-18,PE2,,true
EC,0090,07,437843,349,500195,1,0,2026-06-18,PE2,,true
EC,0090,07,444735,349,500195,1,0,2026-06-18,PE2,,true
EC,0090,07,444734,349,500195,1,0,2026-06-18,PE2,,true
EC,0090,07,444705,349,500195,1,0,2026-06-18,PE2,,true
EC,0090,07,447187,349,500195,1,0,2026-06-18,PE2,,true
EC,0090,07,446266,349,500195,1,0,2026-06-18,PE2,,true
EC,0090,07,448729,349,500195,1,0,2026-06-18,PE2,,true
EC,0090,07,453795,349,500195,1,0,2026-06-18,PE2,,true
EC,0090,07,453427,349,500195,1,0,2026-06-18,PE2,,true
EC,0090,07,457689,349,500195,1,0,2026-06-18,PE2,,true
EC,0090,07,458034,349,500195,1,0,2026-06-18,PE2,,true
EC,0090,07,465232,349,500195,1,0,2026-06-18,PE2,,true
EC,0090,07,467789,349,500195,1,0,2026-06-18,PE2,,true
EC,0090,07,469063,349,500195,1,0,2026-06-18,PE2,,true
EC,0090,07,471672,349,500195,1,0,2026-06-18,PE2,,true
EC,0090,07,473365,349,500195,1,0,2026-06-18,PE2,,true
EC,0090,07,476705,349,500195,1,0,2026-06-18,PE2,,true
EC,0090,07,479019,349,500195,1,0,2026-06-18,PE2,,true
EC,0090,07,480814,349,500195,1,0,2026-06-18,PE2,,true
EC,0090,07,480362,349,500195,1,0,2026-06-18,PE2,,true
EC,0090,07,479387,349,500195,1,0,2026-06-18,PE2,,true
EC,0090,07,482605,349,500195,1,0,2026-06-18,PE2,,true
EC,0090,07,483576,349,500195,1,0,2026-06-18,PE2,,true
EC,0090,07,486002,349,500195,1,0,2026-06-18,PE2,,true
EC,0090,07,486800,349,500195,1,0,2026-06-18,PE2,,true
EC,0090,07,489413,349,500195,1,0,2026-06-18,PE2,,true
EC,0090,07,218710,351,500195,1,0,2026-06-18,PE2,,true
EC,0090,07,206125,351,500195,1,0,2026-06-18,PE2,,true
EC,0090,07,141613,351,500195,1,0,2026-06-18,PE2,,true
EC,0090,07,136588,351,500195,1,0,2026-06-18,PE2,,true
EC,0090,07,82641,351,500195,1,0,2026-06-18,PE2,,true
EC,0090,07,84654,351,500195,1,0,2026-06-18,PE2,,true
EC,0090,07,84602,351,500195,1,0,2026-06-18,PE2,,true
EC,0090,07,84466,351,500195,1,0,2026-06-18,PE2,,true
EC,0090,07,84453,351,500195,1,0,2026-06-18,PE2,,true
EC,0090,07,84443,351,500195,1,0,2026-06-18,PE2,,true
EC,0090,07,84435,351,500195,1,0,2026-06-18,PE2,,true
EC,0090,07,125686,351,500195,1,0,2026-06-18,PE2,,true
EC,0090,07,122781,351,500195,1,0,2026-06-18,PE2,,true
EC,0090,07,121793,351,500195,1,0,2026-06-18,PE2,,true
EC,0090,07,205820,351,500195,1,0,2026-06-18,PE2,,true
EC,0090,07,138640,351,500195,1,0,2026-06-18,PE2,,true
EC,0090,07,230094,351,500195,1,0,2026-06-18,PE2,,true
EC,0090,07,274839,351,500195,1,0,2026-06-18,PE2,,true
EC,0090,07,374020,351,500195,1,0,2026-06-18,PE2,,true
EC,0090,07,373942,351,500195,1,0,2026-06-18,PE2,,true
EC,0090,07,373940,351,500195,1,0,2026-06-18,PE2,,true
EC,0090,07,363146,351,500195,1,0,2026-06-18,PE2,,true
EC,0090,07,363143,351,500195,1,0,2026-06-18,PE2,,true
EC,0090,07,380042,351,500195,1,0,2026-06-18,PE2,,true
EC,0090,07,379906,351,500195,1,0,2026-06-18,PE2,,true
EC,0090,07,389125,351,500195,1,0,2026-06-18,PE2,,true
EC,0090,07,387647,351,500195,1,0,2026-06-18,PE2,,true
EC,0090,07,383081,351,500195,1,0,2026-06-18,PE2,,true
EC,0090,07,391778,351,500195,1,0,2026-06-18,PE2,,true
EC,0090,07,398350,351,500195,1,0,2026-06-18,PE2,,true
EC,0090,07,414332,351,500195,1,0,2026-06-18,PE2,,true
EC,0090,07,418040,351,500195,1,0,2026-06-18,PE2,,true
EC,0090,07,82880,351,500195,1,0,2026-06-18,PE2,,true
EC,0090,07,82654,351,500195,1,0,2026-06-18,PE2,,true
EC,0090,07,82653,351,500195,1,0,2026-06-18,PE2,,true
EC,0090,07,82650,351,500195,1,0,2026-06-18,PE2,,true
EC,0090,07,84497,351,500195,1,0,2026-06-18,PE2,,true
EC,0090,07,84493,351,500195,1,0,2026-06-18,PE2,,true
EC,0090,07,84457,351,500195,1,0,2026-06-18,PE2,,true
EC,0090,07,84444,351,500195,1,0,2026-06-18,PE2,,true
EC,0090,07,84663,351,500195,1,0,2026-06-18,PE2,,true
EC,0090,07,84648,351,500195,1,0,2026-06-18,PE2,,true
EC,0090,07,84573,351,500195,1,0,2026-06-18,PE2,,true
EC,0090,07,85612,351,500195,1,0,2026-06-18,PE2,,true
EC,0090,07,421253,351,500195,1,0,2026-06-18,PE2,,true
EC,0090,07,426070,351,500195,1,0,2026-06-18,PE2,,true
EC,0090,07,434673,351,500195,1,0,2026-06-18,PE2,,true
EC,0090,07,321050,351,500195,1,0,2026-06-18,PE2,,true
EC,0090,07,443226,351,500195,1,0,2026-06-18,PE2,,true
EC,0090,07,445910,351,500195,1,0,2026-06-18,PE2,,true
EC,0090,07,445093,351,500195,1,0,2026-06-18,PE2,,true
EC,0090,07,449834,351,500195,1,0,2026-06-18,PE2,,true
EC,0090,07,454188,351,500195,1,0,2026-06-18,PE2,,true
EC,0090,07,463223,351,500195,1,0,2026-06-18,PE2,,true
EC,0090,07,470211,351,500195,1,0,2026-06-18,PE2,,true
EC,0090,07,470216,351,500195,1,0,2026-06-18,PE2,,true
EC,0090,07,478514,351,500195,1,0,2026-06-18,PE2,,true
EC,0090,07,478313,351,500195,1,0,2026-06-18,PE2,,true
EC,0090,07,481578,351,500195,1,0,2026-06-18,PE2,,true
EC,0090,07,481437,351,500195,1,0,2026-06-18,PE2,,true
EC,0090,07,482345,351,500195,1,0,2026-06-18,PE2,,true
EC,0090,07,482845,351,500195,1,0,2026-06-18,PE2,,true
EC,0090,07,482589,351,500195,1,0,2026-06-18,PE2,,true
EC,0090,07,482474,351,500195,1,0,2026-06-18,PE2,,true
EC,0090,07,483726,351,500195,1,0,2026-06-18,PE2,,true
EC,0090,07,485616,351,500195,1,0,2026-06-18,PE2,,true
EC,0090,07,485478,351,500195,1,0,2026-06-18,PE2,,true
EC,0090,07,486635,351,500195,1,0,2026-06-18,PE2,,true
EC,0090,07,487009,351,500195,1,0,2026-06-18,PE2,,true
EC,0090,07,488525,351,500195,1,0,2026-06-18,PE2,,true
EC,0090,07,391905,360,500195,1,0,2026-06-18,PE2,,true
EC,0090,07,392190,360,500195,1,0,2026-06-18,PE2,,true
EC,0090,07,392134,360,500195,1,0,2026-06-18,PE2,,true
EC,0090,07,392127,360,500195,1,0,2026-06-18,PE2,,true
EC,0090,07,392119,360,500195,1,0,2026-06-18,PE2,,true
EC,0090,07,392118,360,500195,1,0,2026-06-18,PE2,,true
EC,0090,07,392073,360,500195,1,0,2026-06-18,PE2,,true
EC,0090,07,392046,360,500195,1,0,2026-06-18,PE2,,true
EC,0090,07,392366,360,500195,1,0,2026-06-18,PE2,,true
EC,0090,07,392349,360,500195,1,0,2026-06-18,PE2,,true
EC,0090,07,392287,360,500195,1,0,2026-06-18,PE2,,true
EC,0090,07,392270,360,500195,1,0,2026-06-18,PE2,,true
EC,0090,07,392259,360,500195,1,0,2026-06-18,PE2,,true
EC,0090,07,392194,360,500195,1,0,2026-06-18,PE2,,true
EC,0090,07,392491,360,500195,1,0,2026-06-18,PE2,,true
EC,0090,07,392450,360,500195,1,0,2026-06-18,PE2,,true
EC,0090,07,392377,360,500195,1,0,2026-06-18,PE2,,true
EC,0090,07,392770,360,500195,1,0,2026-06-18,PE2,,true
EC,0090,07,392699,360,500195,1,0,2026-06-18,PE2,,true
EC,0090,07,392619,360,500195,1,0,2026-06-18,PE2,,true
EC,0090,07,392893,360,500195,1,0,2026-06-18,PE2,,true
EC,0090,07,392822,360,500195,1,0,2026-06-18,PE2,,true
EC,0090,07,392793,360,500195,1,0,2026-06-18,PE2,,true
EC,0090,07,392776,360,500195,1,0,2026-06-18,PE2,,true
EC,0090,07,393028,360,500195,1,0,2026-06-18,PE2,,true
EC,0090,07,393235,360,500195,1,0,2026-06-18,PE2,,true
EC,0090,07,393194,360,500195,1,0,2026-06-18,PE2,,true
EC,0090,07,393174,360,500195,1,0,2026-06-18,PE2,,true
EC,0090,07,393164,360,500195,1,0,2026-06-18,PE2,,true
EC,0090,07,393160,360,500195,1,0,2026-06-18,PE2,,true
EC,0090,07,393159,360,500195,1,0,2026-06-18,PE2,,true
EC,0090,07,393445,360,500195,1,0,2026-06-18,PE2,,true
EC,0090,07,393376,360,500195,1,0,2026-06-18,PE2,,true
EC,0090,07,393302,360,500195,1,0,2026-06-18,PE2,,true
EC,0090,07,393559,360,500195,1,0,2026-06-18,PE2,,true
EC,0090,07,393521,360,500195,1,0,2026-06-18,PE2,,true
EC,0090,07,393486,360,500195,1,0,2026-06-18,PE2,,true
EC,0090,07,393471,360,500195,1,0,2026-06-18,PE2,,true
EC,0090,07,393448,360,500195,1,0,2026-06-18,PE2,,true
EC,0090,07,399406,360,500195,1,0,2026-06-18,PE2,,true
EC,0090,07,412989,360,500195,1,0,2026-06-18,PE2,,true
EC,0090,07,416630,360,500195,1,0,2026-06-18,PE2,,true
EC,0090,07,416375,360,500195,1,0,2026-06-18,PE2,,true
EC,0090,07,416365,360,500195,1,0,2026-06-18,PE2,,true
EC,0090,07,415474,360,500195,1,0,2026-06-18,PE2,,true
EC,0090,07,415072,360,500195,1,0,2026-06-18,PE2,,true
EC,0090,07,417174,360,500195,1,0,2026-06-18,PE2,,true
EC,0090,07,421112,360,500195,1,0,2026-06-18,PE2,,true
EC,0090,07,421836,360,500195,1,0,2026-06-18,PE2,,true
EC,0090,07,426776,360,500195,1,0,2026-06-18,PE2,,true
EC,0090,07,426353,360,500195,1,0,2026-06-18,PE2,,true
EC,0090,07,430079,360,500195,1,0,2026-06-18,PE2,,true
EC,0090,07,440627,360,500195,1,0,2026-06-18,PE2,,true
EC,0090,07,440478,360,500195,1,0,2026-06-18,PE2,,true
EC,0090,07,447564,360,500195,1,0,2026-06-18,PE2,,true
EC,0090,07,448464,360,500195,1,0,2026-06-18,PE2,,true
EC,0090,07,453610,360,500195,1,0,2026-06-18,PE2,,true
EC,0090,07,454618,360,500195,1,0,2026-06-18,PE2,,true
EC,0090,07,454245,360,500195,1,0,2026-06-18,PE2,,true
EC,0090,07,457101,360,500195,1,0,2026-06-18,PE2,,true
EC,0090,07,456871,360,500195,1,0,2026-06-18,PE2,,true
EC,0090,07,465989,360,500195,1,0,2026-06-18,PE2,,true
EC,0090,07,465481,360,500195,1,0,2026-06-18,PE2,,true
EC,0090,07,471819,360,500195,1,0,2026-06-18,PE2,,true
EC,0090,07,471820,360,500195,1,0,2026-06-18,PE2,,true
EC,0090,07,474173,360,500195,1,0,2026-06-18,PE2,,true
EC,0090,07,473646,360,500195,1,0,2026-06-18,PE2,,true
EC,0090,07,473002,360,500195,1,0,2026-06-18,PE2,,true
EC,0090,07,472649,360,500195,1,0,2026-06-18,PE2,,true
EC,0090,07,474802,360,500195,1,0,2026-06-18,PE2,,true
EC,0090,07,479528,360,500195,1,0,2026-06-18,PE2,,true
EC,0090,07,479456,360,500195,1,0,2026-06-18,PE2,,true
EC,0090,07,481504,360,500195,1,0,2026-06-18,PE2,,true
EC,0090,07,481447,360,500195,1,0,2026-06-18,PE2,,true
EC,0090,07,481419,360,500195,1,0,2026-06-18,PE2,,true
EC,0090,07,482344,360,500195,1,0,2026-06-18,PE2,,true
EC,0090,07,482602,360,500195,1,0,2026-06-18,PE2,,true
EC,0090,07,482452,360,500195,1,0,2026-06-18,PE2,,true
EC,0090,07,486079,360,500195,1,0,2026-06-18,PE2,,true
EC,0090,07,485486,360,500195,1,0,2026-06-18,PE2,,true
EC,0090,07,486978,360,500195,1,0,2026-06-18,PE2,,true
EC,0090,07,486942,360,500195,1,0,2026-06-18,PE2,,true
EC,0090,07,487716,360,500195,1,0,2026-06-18,PE2,,true
EC,0090,07,488714,360,500195,1,0,2026-06-18,PE2,,true
EC,0090,07,83118,364,500195,1,0,2026-06-18,PE2,,true
EC,0090,07,82940,364,500195,1,0,2026-06-18,PE2,,true
EC,0090,07,82780,364,500195,1,0,2026-06-18,PE2,,true
EC,0090,07,82726,364,500195,1,0,2026-06-18,PE2,,true
EC,0090,07,82688,364,500195,1,0,2026-06-18,PE2,,true
EC,0090,07,82676,364,500195,1,0,2026-06-18,PE2,,true
EC,0090,07,82607,364,500195,1,0,2026-06-18,PE2,,true
EC,0090,07,82594,364,500195,1,0,2026-06-18,PE2,,true
EC,0090,07,304681,364,500195,1,0,2026-06-18,PE2,,true
EC,0090,07,84304,364,500195,1,0,2026-06-18,PE2,,true
EC,0090,07,83525,364,500195,1,0,2026-06-18,PE2,,true
EC,0090,07,127487,364,500195,1,0,2026-06-18,PE2,,true
EC,0090,07,126745,364,500195,1,0,2026-06-18,PE2,,true
EC,0090,07,105467,364,500195,1,0,2026-06-18,PE2,,true
EC,0090,07,211280,364,500195,1,0,2026-06-18,PE2,,true
EC,0090,07,211190,364,500195,1,0,2026-06-18,PE2,,true
EC,0090,07,205724,364,500195,1,0,2026-06-18,PE2,,true
EC,0090,07,182371,364,500195,1,0,2026-06-18,PE2,,true
EC,0090,07,171401,364,500195,1,0,2026-06-18,PE2,,true
EC,0090,07,171382,364,500195,1,0,2026-06-18,PE2,,true
EC,0090,07,305132,364,500195,1,0,2026-06-18,PE2,,true
EC,0090,07,267311,364,500195,1,0,2026-06-18,PE2,,true
EC,0090,07,252332,364,500195,1,0,2026-06-18,PE2,,true
EC,0090,07,322282,364,500195,1,0,2026-06-18,PE2,,true
EC,0090,07,354092,364,500195,1,0,2026-06-18,PE2,,true
EC,0090,07,370766,364,500195,1,0,2026-06-18,PE2,,true
EC,0090,07,363867,364,500195,1,0,2026-06-18,PE2,,true
EC,0090,07,375634,364,500195,1,0,2026-06-18,PE2,,true
EC,0090,07,374758,364,500195,1,0,2026-06-18,PE2,,true
EC,0090,07,374116,364,500195,1,0,2026-06-18,PE2,,true
EC,0090,07,390196,364,500195,1,0,2026-06-18,PE2,,true
EC,0090,07,389950,364,500195,1,0,2026-06-18,PE2,,true
EC,0090,07,389680,364,500195,1,0,2026-06-18,PE2,,true
EC,0090,07,388992,364,500195,1,0,2026-06-18,PE2,,true
EC,0090,07,384759,364,500195,1,0,2026-06-18,PE2,,true
EC,0090,07,391198,364,500195,1,0,2026-06-18,PE2,,true
EC,0090,07,399348,364,500195,1,0,2026-06-18,PE2,,true
EC,0090,07,397737,364,500195,1,0,2026-06-18,PE2,,true
EC,0090,07,411774,364,500195,1,0,2026-06-18,PE2,,true
EC,0090,07,416047,364,500195,1,0,2026-06-18,PE2,,true
EC,0090,07,419104,364,500195,1,0,2026-06-18,PE2,,true
EC,0090,07,419103,364,500195,1,0,2026-06-18,PE2,,true
EC,0090,07,417170,364,500195,1,0,2026-06-18,PE2,,true
EC,0090,07,83112,364,500195,1,0,2026-06-18,PE2,,true
EC,0090,07,82286,364,500195,1,0,2026-06-18,PE2,,true
EC,0090,07,84302,364,500195,1,0,2026-06-18,PE2,,true
EC,0090,07,84301,364,500195,1,0,2026-06-18,PE2,,true
EC,0090,07,83565,364,500195,1,0,2026-06-18,PE2,,true
EC,0090,07,83549,364,500195,1,0,2026-06-18,PE2,,true
EC,0090,07,83545,364,500195,1,0,2026-06-18,PE2,,true
EC,0090,07,83540,364,500195,1,0,2026-06-18,PE2,,true
EC,0090,07,126308,364,500195,1,0,2026-06-18,PE2,,true
EC,0090,07,431581,364,500195,1,0,2026-06-18,PE2,,true
EC,0090,07,82725,364,500195,1,0,2026-06-18,PE2,,true
EC,0090,07,430308,364,500195,1,0,2026-06-18,PE2,,true
EC,0090,07,434423,364,500195,1,0,2026-06-18,PE2,,true
EC,0090,07,443392,364,500195,1,0,2026-06-18,PE2,,true
EC,0090,07,442637,364,500195,1,0,2026-06-18,PE2,,true
EC,0090,07,446899,364,500195,1,0,2026-06-18,PE2,,true
EC,0090,07,444962,364,500195,1,0,2026-06-18,PE2,,true
EC,0090,07,449547,364,500195,1,0,2026-06-18,PE2,,true
EC,0090,07,456244,364,500195,1,0,2026-06-18,PE2,,true
EC,0090,07,457816,364,500195,1,0,2026-06-18,PE2,,true
EC,0090,07,459273,364,500195,1,0,2026-06-18,PE2,,true
EC,0090,07,465778,364,500195,1,0,2026-06-18,PE2,,true
EC,0090,07,212422,364,500195,1,0,2026-06-18,PE2,,true
EC,0090,07,469065,364,500195,1,0,2026-06-18,PE2,,true
EC,0090,07,469066,364,500195,1,0,2026-06-18,PE2,,true
EC,0090,07,472255,364,500195,1,0,2026-06-18,PE2,,true
EC,0090,07,471452,364,500195,1,0,2026-06-18,PE2,,true
EC,0090,07,471453,364,500195,1,0,2026-06-18,PE2,,true
EC,0090,07,477287,364,500195,1,0,2026-06-18,PE2,,true
EC,0090,07,476291,364,500195,1,0,2026-06-18,PE2,,true
EC,0090,07,478669,364,500195,1,0,2026-06-18,PE2,,true
EC,0090,07,478494,364,500195,1,0,2026-06-18,PE2,,true
EC,0090,07,479896,364,500195,1,0,2026-06-18,PE2,,true
EC,0090,07,481844,364,500195,1,0,2026-06-18,PE2,,true
EC,0090,07,482350,364,500195,1,0,2026-06-18,PE2,,true
EC,0090,07,482237,364,500195,1,0,2026-06-18,PE2,,true
EC,0090,07,482090,364,500195,1,0,2026-06-18,PE2,,true
EC,0090,07,482473,364,500195,1,0,2026-06-18,PE2,,true
EC,0090,07,314400,366,500195,1,0,2026-06-18,PE2,,true
EC,0090,07,391971,366,500195,1,0,2026-06-18,PE2,,true
EC,0090,07,391958,366,500195,1,0,2026-06-18,PE2,,true
EC,0090,07,391927,366,500195,1,0,2026-06-18,PE2,,true
EC,0090,07,391926,366,500195,1,0,2026-06-18,PE2,,true
EC,0090,07,392192,366,500195,1,0,2026-06-18,PE2,,true
EC,0090,07,392172,366,500195,1,0,2026-06-18,PE2,,true
EC,0090,07,392105,366,500195,1,0,2026-06-18,PE2,,true
EC,0090,07,392347,366,500195,1,0,2026-06-18,PE2,,true
EC,0090,07,392334,366,500195,1,0,2026-06-18,PE2,,true
EC,0090,07,392333,366,500195,1,0,2026-06-18,PE2,,true
EC,0090,07,392306,366,500195,1,0,2026-06-18,PE2,,true
EC,0090,07,392269,366,500195,1,0,2026-06-18,PE2,,true
EC,0090,07,392268,366,500195,1,0,2026-06-18,PE2,,true
EC,0090,07,392267,366,500195,1,0,2026-06-18,PE2,,true
EC,0090,07,392233,366,500195,1,0,2026-06-18,PE2,,true
EC,0090,07,392230,366,500195,1,0,2026-06-18,PE2,,true
EC,0090,07,392566,366,500195,1,0,2026-06-18,PE2,,true
EC,0090,07,392404,366,500195,1,0,2026-06-18,PE2,,true
EC,0090,07,392392,366,500195,1,0,2026-06-18,PE2,,true
EC,0090,07,392656,366,500195,1,0,2026-06-18,PE2,,true
EC,0090,07,392641,366,500195,1,0,2026-06-18,PE2,,true
EC,0090,07,392639,366,500195,1,0,2026-06-18,PE2,,true
EC,0090,07,392923,366,500195,1,0,2026-06-18,PE2,,true
EC,0090,07,392881,366,500195,1,0,2026-06-18,PE2,,true
EC,0090,07,392826,366,500195,1,0,2026-06-18,PE2,,true
EC,0090,07,393100,366,500195,1,0,2026-06-18,PE2,,true
EC,0090,07,393095,366,500195,1,0,2026-06-18,PE2,,true
EC,0090,07,393080,366,500195,1,0,2026-06-18,PE2,,true
EC,0090,07,393032,366,500195,1,0,2026-06-18,PE2,,true
EC,0090,07,393030,366,500195,1,0,2026-06-18,PE2,,true
EC,0090,07,393027,366,500195,1,0,2026-06-18,PE2,,true
EC,0090,07,393024,366,500195,1,0,2026-06-18,PE2,,true
EC,0090,07,392972,366,500195,1,0,2026-06-18,PE2,,true
EC,0090,07,393264,366,500195,1,0,2026-06-18,PE2,,true
EC,0090,07,393236,366,500195,1,0,2026-06-18,PE2,,true
EC,0090,07,393217,366,500195,1,0,2026-06-18,PE2,,true
EC,0090,07,393176,366,500195,1,0,2026-06-18,PE2,,true
EC,0090,07,393152,366,500195,1,0,2026-06-18,PE2,,true
EC,0090,07,393151,366,500195,1,0,2026-06-18,PE2,,true
EC,0090,07,393150,366,500195,1,0,2026-06-18,PE2,,true
EC,0090,07,393143,366,500195,1,0,2026-06-18,PE2,,true
EC,0090,07,393361,366,500195,1,0,2026-06-18,PE2,,true
EC,0090,07,393354,366,500195,1,0,2026-06-18,PE2,,true
EC,0090,07,393353,366,500195,1,0,2026-06-18,PE2,,true
EC,0090,07,393327,366,500195,1,0,2026-06-18,PE2,,true
EC,0090,07,393983,366,500195,1,0,2026-06-18,PE2,,true
EC,0090,07,393515,366,500195,1,0,2026-06-18,PE2,,true
EC,0090,07,395155,366,500195,1,0,2026-06-18,PE2,,true
EC,0090,07,406781,366,500195,1,0,2026-06-18,PE2,,true
EC,0090,07,406779,366,500195,1,0,2026-06-18,PE2,,true
EC,0090,07,406694,366,500195,1,0,2026-06-18,PE2,,true
EC,0090,07,406556,366,500195,1,0,2026-06-18,PE2,,true
EC,0090,07,400260,366,500195,1,0,2026-06-18,PE2,,true
EC,0090,07,400163,366,500195,1,0,2026-06-18,PE2,,true
EC,0090,07,415398,366,500195,1,0,2026-06-18,PE2,,true
EC,0090,07,414854,366,500195,1,0,2026-06-18,PE2,,true
EC,0090,07,414851,366,500195,1,0,2026-06-18,PE2,,true
EC,0090,07,414695,366,500195,1,0,2026-06-18,PE2,,true
EC,0090,07,419252,366,500195,1,0,2026-06-18,PE2,,true
EC,0090,07,418708,366,500195,1,0,2026-06-18,PE2,,true
EC,0090,07,419478,366,500195,1,0,2026-06-18,PE2,,true
EC,0090,07,421579,366,500195,1,0,2026-06-18,PE2,,true
EC,0090,07,428754,366,500195,1,0,2026-06-18,PE2,,true
EC,0090,07,424495,366,500195,1,0,2026-06-18,PE2,,true
EC,0090,07,433999,366,500195,1,0,2026-06-18,PE2,,true
EC,0090,07,439851,366,500195,1,0,2026-06-18,PE2,,true
EC,0090,07,439654,366,500195,1,0,2026-06-18,PE2,,true
EC,0090,07,439185,366,500195,1,0,2026-06-18,PE2,,true
EC,0090,07,441139,366,500195,1,0,2026-06-18,PE2,,true
EC,0090,07,441135,366,500195,1,0,2026-06-18,PE2,,true
EC,0090,07,441131,366,500195,1,0,2026-06-18,PE2,,true
EC,0090,07,441428,366,500195,1,0,2026-06-18,PE2,,true
EC,0090,07,446164,366,500195,1,0,2026-06-18,PE2,,true
EC,0090,07,453611,366,500195,1,0,2026-06-18,PE2,,true
EC,0090,07,457820,366,500195,1,0,2026-06-18,PE2,,true
EC,0090,07,456885,366,500195,1,0,2026-06-18,PE2,,true
EC,0090,07,458172,366,500195,1,0,2026-06-18,PE2,,true
EC,0090,07,465680,366,500195,1,0,2026-06-18,PE2,,true
EC,0090,07,467593,366,500195,1,0,2026-06-18,PE2,,true
EC,0090,07,468993,366,500195,1,0,2026-06-18,PE2,,true
EC,0090,07,472475,366,500195,1,0,2026-06-18,PE2,,true
EC,0090,07,473572,366,500195,1,0,2026-06-18,PE2,,true
EC,0090,07,472987,366,500195,1,0,2026-06-18,PE2,,true
EC,0090,07,472850,366,500195,1,0,2026-06-18,PE2,,true
EC,0090,07,472565,366,500195,1,0,2026-06-18,PE2,,true
EC,0090,07,475010,366,500195,1,0,2026-06-18,PE2,,true
EC,0090,07,479048,366,500195,1,0,2026-06-18,PE2,,true
EC,0090,07,478417,366,500195,1,0,2026-06-18,PE2,,true
EC,0090,07,480102,366,500195,1,0,2026-06-18,PE2,,true
EC,0090,07,479737,366,500195,1,0,2026-06-18,PE2,,true
EC,0090,07,482263,366,500195,1,0,2026-06-18,PE2,,true
EC,0090,07,482393,366,500195,1,0,2026-06-18,PE2,,true
EC,0090,07,484940,366,500195,1,0,2026-06-18,PE2,,true
EC,0090,07,487657,366,500195,1,0,2026-06-18,PE2,,true
EC,0090,07,487597,366,500195,1,0,2026-06-18,PE2,,true
EC,0090,07,487030,366,500195,1,0,2026-06-18,PE2,,true
EC,0090,07,392045,368,500195,1,0,2026-06-18,PE2,,true
EC,0090,07,392202,368,500195,1,0,2026-06-18,PE2,,true
EC,0090,07,392559,368,500195,1,0,2026-06-18,PE2,,true
EC,0090,07,392623,368,500195,1,0,2026-06-18,PE2,,true
EC,0090,07,392845,368,500195,1,0,2026-06-18,PE2,,true
EC,0090,07,393114,368,500195,1,0,2026-06-18,PE2,,true
EC,0090,07,393060,368,500195,1,0,2026-06-18,PE2,,true
EC,0090,07,392978,368,500195,1,0,2026-06-18,PE2,,true
EC,0090,07,393214,368,500195,1,0,2026-06-18,PE2,,true
EC,0090,07,393125,368,500195,1,0,2026-06-18,PE2,,true
EC,0090,07,394137,368,500195,1,0,2026-06-18,PE2,,true
EC,0090,07,393561,368,500195,1,0,2026-06-18,PE2,,true
EC,0090,07,399868,368,500195,1,0,2026-06-18,PE2,,true
EC,0090,07,398962,368,500195,1,0,2026-06-18,PE2,,true
EC,0090,07,394436,368,500195,1,0,2026-06-18,PE2,,true
EC,0090,07,394431,368,500195,1,0,2026-06-18,PE2,,true
EC,0090,07,400040,368,500195,1,0,2026-06-18,PE2,,true
EC,0090,07,414689,368,500195,1,0,2026-06-18,PE2,,true
EC,0090,07,414577,368,500195,1,0,2026-06-18,PE2,,true
EC,0090,07,414446,368,500195,1,0,2026-06-18,PE2,,true
EC,0090,07,413561,368,500195,1,0,2026-06-18,PE2,,true
EC,0090,07,413113,368,500195,1,0,2026-06-18,PE2,,true
EC,0090,07,414797,368,500195,1,0,2026-06-18,PE2,,true
EC,0090,07,419112,368,500195,1,0,2026-06-18,PE2,,true
EC,0090,07,422465,368,500195,1,0,2026-06-18,PE2,,true
EC,0090,07,421618,368,500195,1,0,2026-06-18,PE2,,true
EC,0090,07,425699,368,500195,1,0,2026-06-18,PE2,,true
EC,0090,07,431485,368,500195,1,0,2026-06-18,PE2,,true
EC,0090,07,434463,368,500195,1,0,2026-06-18,PE2,,true
EC,0090,07,441111,368,500195,1,0,2026-06-18,PE2,,true
EC,0090,07,441110,368,500195,1,0,2026-06-18,PE2,,true
EC,0090,07,441108,368,500195,1,0,2026-06-18,PE2,,true
EC,0090,07,441105,368,500195,1,0,2026-06-18,PE2,,true
EC,0090,07,441104,368,500195,1,0,2026-06-18,PE2,,true
EC,0090,07,441103,368,500195,1,0,2026-06-18,PE2,,true
EC,0090,07,441072,368,500195,1,0,2026-06-18,PE2,,true
EC,0090,07,441065,368,500195,1,0,2026-06-18,PE2,,true
EC,0090,07,441063,368,500195,1,0,2026-06-18,PE2,,true
EC,0090,07,441062,368,500195,1,0,2026-06-18,PE2,,true
EC,0090,07,441061,368,500195,1,0,2026-06-18,PE2,,true
EC,0090,07,441059,368,500195,1,0,2026-06-18,PE2,,true
EC,0090,07,441058,368,500195,1,0,2026-06-18,PE2,,true
EC,0090,07,441052,368,500195,1,0,2026-06-18,PE2,,true
EC,0090,07,441141,368,500195,1,0,2026-06-18,PE2,,true
EC,0090,07,441127,368,500195,1,0,2026-06-18,PE2,,true
EC,0090,07,441426,368,500195,1,0,2026-06-18,PE2,,true
EC,0090,07,441425,368,500195,1,0,2026-06-18,PE2,,true
EC,0090,07,441424,368,500195,1,0,2026-06-18,PE2,,true
EC,0090,07,441418,368,500195,1,0,2026-06-18,PE2,,true
EC,0090,07,441417,368,500195,1,0,2026-06-18,PE2,,true
EC,0090,07,441412,368,500195,1,0,2026-06-18,PE2,,true
EC,0090,07,441404,368,500195,1,0,2026-06-18,PE2,,true
EC,0090,07,441402,368,500195,1,0,2026-06-18,PE2,,true
EC,0090,07,441401,368,500195,1,0,2026-06-18,PE2,,true
EC,0090,07,441399,368,500195,1,0,2026-06-18,PE2,,true
EC,0090,07,441398,368,500195,1,0,2026-06-18,PE2,,true
EC,0090,07,441392,368,500195,1,0,2026-06-18,PE2,,true
EC,0090,07,441378,368,500195,1,0,2026-06-18,PE2,,true
EC,0090,07,441676,368,500195,1,0,2026-06-18,PE2,,true
EC,0090,07,441668,368,500195,1,0,2026-06-18,PE2,,true
EC,0090,07,441667,368,500195,1,0,2026-06-18,PE2,,true
EC,0090,07,441666,368,500195,1,0,2026-06-18,PE2,,true
EC,0090,07,441657,368,500195,1,0,2026-06-18,PE2,,true
EC,0090,07,441655,368,500195,1,0,2026-06-18,PE2,,true
EC,0090,07,441654,368,500195,1,0,2026-06-18,PE2,,true
EC,0090,07,441653,368,500195,1,0,2026-06-18,PE2,,true
EC,0090,07,441652,368,500195,1,0,2026-06-18,PE2,,true
EC,0090,07,441651,368,500195,1,0,2026-06-18,PE2,,true
EC,0090,07,441649,368,500195,1,0,2026-06-18,PE2,,true
EC,0090,07,445313,368,500195,1,0,2026-06-18,PE2,,true
EC,0090,07,445274,368,500195,1,0,2026-06-18,PE2,,true
EC,0090,07,453212,368,500195,1,0,2026-06-18,PE2,,true
EC,0090,07,459230,368,500195,1,0,2026-06-18,PE2,,true
EC,0090,07,458797,368,500195,1,0,2026-06-18,PE2,,true
EC,0090,07,468376,368,500195,1,0,2026-06-18,PE2,,true
EC,0090,07,467177,368,500195,1,0,2026-06-18,PE2,,true
EC,0090,07,469440,368,500195,1,0,2026-06-18,PE2,,true
EC,0090,07,469416,368,500195,1,0,2026-06-18,PE2,,true
EC,0090,07,472020,368,500195,1,0,2026-06-18,PE2,,true
EC,0090,07,472019,368,500195,1,0,2026-06-18,PE2,,true
EC,0090,07,475731,368,500195,1,0,2026-06-18,PE2,,true
EC,0090,07,475674,368,500195,1,0,2026-06-18,PE2,,true
EC,0090,07,475261,368,500195,1,0,2026-06-18,PE2,,true
EC,0090,07,480219,368,500195,1,0,2026-06-18,PE2,,true
EC,0090,07,481915,368,500195,1,0,2026-06-18,PE2,,true
EC,0090,07,481521,368,500195,1,0,2026-06-18,PE2,,true
EC,0090,07,481463,368,500195,1,0,2026-06-18,PE2,,true
EC,0090,07,482295,368,500195,1,0,2026-06-18,PE2,,true
EC,0090,07,481916,368,500195,1,0,2026-06-18,PE2,,true
EC,0090,07,482807,368,500195,1,0,2026-06-18,PE2,,true
EC,0090,07,482629,368,500195,1,0,2026-06-18,PE2,,true
EC,0090,07,482553,368,500195,1,0,2026-06-18,PE2,,true
EC,0090,07,482449,368,500195,1,0,2026-06-18,PE2,,true
EC,0090,07,484230,368,500195,1,0,2026-06-18,PE2,,true
EC,0090,07,483768,368,500195,1,0,2026-06-18,PE2,,true
EC,0090,07,483450,368,500195,1,0,2026-06-18,PE2,,true
EC,0090,07,483013,368,500195,1,0,2026-06-18,PE2,,true
EC,0090,07,485868,368,500195,1,0,2026-06-18,PE2,,true
EC,0090,07,485443,368,500195,1,0,2026-06-18,PE2,,true
EC,0090,07,485375,368,500195,1,0,2026-06-18,PE2,,true
EC,0090,07,486491,368,500195,1,0,2026-06-18,PE2,,true
EC,0090,07,441256,370,500195,1,0,2026-06-18,PE2,,true
EC,0090,07,441253,370,500195,1,0,2026-06-18,PE2,,true
EC,0090,07,441252,370,500195,1,0,2026-06-18,PE2,,true
EC,0090,07,441246,370,500195,1,0,2026-06-18,PE2,,true
EC,0090,07,441245,370,500195,1,0,2026-06-18,PE2,,true
EC,0090,07,441244,370,500195,1,0,2026-06-18,PE2,,true
EC,0090,07,441242,370,500195,1,0,2026-06-18,PE2,,true
EC,0090,07,441240,370,500195,1,0,2026-06-18,PE2,,true
EC,0090,07,441239,370,500195,1,0,2026-06-18,PE2,,true
EC,0090,07,441238,370,500195,1,0,2026-06-18,PE2,,true
EC,0090,07,441237,370,500195,1,0,2026-06-18,PE2,,true
EC,0090,07,441236,370,500195,1,0,2026-06-18,PE2,,true
EC,0090,07,441234,370,500195,1,0,2026-06-18,PE2,,true
EC,0090,07,441232,370,500195,1,0,2026-06-18,PE2,,true
EC,0090,07,441231,370,500195,1,0,2026-06-18,PE2,,true
EC,0090,07,441229,370,500195,1,0,2026-06-18,PE2,,true
EC,0090,07,441226,370,500195,1,0,2026-06-18,PE2,,true
EC,0090,07,441225,370,500195,1,0,2026-06-18,PE2,,true
EC,0090,07,441224,370,500195,1,0,2026-06-18,PE2,,true
EC,0090,07,441266,370,500195,1,0,2026-06-18,PE2,,true
EC,0090,07,441260,370,500195,1,0,2026-06-18,PE2,,true
EC,0090,07,441537,370,500195,1,0,2026-06-18,PE2,,true
EC,0090,07,441784,370,500195,1,0,2026-06-18,PE2,,true
EC,0090,07,441783,370,500195,1,0,2026-06-18,PE2,,true
EC,0090,07,441780,370,500195,1,0,2026-06-18,PE2,,true
EC,0090,07,441778,370,500195,1,0,2026-06-18,PE2,,true
EC,0090,07,441776,370,500195,1,0,2026-06-18,PE2,,true
EC,0090,07,441773,370,500195,1,0,2026-06-18,PE2,,true
EC,0090,07,441772,370,500195,1,0,2026-06-18,PE2,,true
EC,0090,07,441771,370,500195,1,0,2026-06-18,PE2,,true
EC,0090,07,441770,370,500195,1,0,2026-06-18,PE2,,true
EC,0090,07,441769,370,500195,1,0,2026-06-18,PE2,,true
EC,0090,07,441763,370,500195,1,0,2026-06-18,PE2,,true
EC,0090,07,441761,370,500195,1,0,2026-06-18,PE2,,true
EC,0090,07,441760,370,500195,1,0,2026-06-18,PE2,,true
EC,0090,07,441759,370,500195,1,0,2026-06-18,PE2,,true
EC,0090,07,441755,370,500195,1,0,2026-06-18,PE2,,true
EC,0090,07,441754,370,500195,1,0,2026-06-18,PE2,,true
EC,0090,07,441753,370,500195,1,0,2026-06-18,PE2,,true
EC,0090,07,441752,370,500195,1,0,2026-06-18,PE2,,true
EC,0090,07,441751,370,500195,1,0,2026-06-18,PE2,,true
EC,0090,07,443458,370,500195,1,0,2026-06-18,PE2,,true
EC,0090,07,444763,370,500195,1,0,2026-06-18,PE2,,true
EC,0090,07,444692,370,500195,1,0,2026-06-18,PE2,,true
EC,0090,07,269827,370,500195,1,0,2026-06-18,PE2,,true
EC,0090,07,444690,370,500195,1,0,2026-06-18,PE2,,true
EC,0090,07,446898,370,500195,1,0,2026-06-18,PE2,,true
EC,0090,07,446817,370,500195,1,0,2026-06-18,PE2,,true
EC,0090,07,449170,370,500195,1,0,2026-06-18,PE2,,true
EC,0090,07,453550,370,500195,1,0,2026-06-18,PE2,,true
EC,0090,07,458457,370,500195,1,0,2026-06-18,PE2,,true
EC,0090,07,456635,370,500195,1,0,2026-06-18,PE2,,true
EC,0090,07,463028,370,500195,1,0,2026-06-18,PE2,,true
EC,0090,07,466303,370,500195,1,0,2026-06-18,PE2,,true
EC,0090,07,466305,370,500195,1,0,2026-06-18,PE2,,true
EC,0090,07,466127,370,500195,1,0,2026-06-18,PE2,,true
EC,0090,07,466126,370,500195,1,0,2026-06-18,PE2,,true
EC,0090,07,465947,370,500195,1,0,2026-06-18,PE2,,true
EC,0090,07,463912,370,500195,1,0,2026-06-18,PE2,,true
EC,0090,07,468024,370,500195,1,0,2026-06-18,PE2,,true
EC,0090,07,466359,370,500195,1,0,2026-06-18,PE2,,true
EC,0090,07,470401,370,500195,1,0,2026-06-18,PE2,,true
EC,0090,07,469265,370,500195,1,0,2026-06-18,PE2,,true
EC,0090,07,471361,370,500195,1,0,2026-06-18,PE2,,true
EC,0090,07,473222,370,500195,1,0,2026-06-18,PE2,,true
EC,0090,07,473810,370,500195,1,0,2026-06-18,PE2,,true
EC,0090,07,473798,370,500195,1,0,2026-06-18,PE2,,true
EC,0090,07,474465,370,500195,1,0,2026-06-18,PE2,,true
EC,0090,07,478068,370,500195,1,0,2026-06-18,PE2,,true
EC,0090,07,478051,370,500195,1,0,2026-06-18,PE2,,true
EC,0090,07,480671,370,500195,1,0,2026-06-18,PE2,,true
EC,0090,07,480663,370,500195,1,0,2026-06-18,PE2,,true
EC,0090,07,480512,370,500195,1,0,2026-06-18,PE2,,true
EC,0090,07,480436,370,500195,1,0,2026-06-18,PE2,,true
EC,0090,07,480089,370,500195,1,0,2026-06-18,PE2,,true
EC,0090,07,479790,370,500195,1,0,2026-06-18,PE2,,true
EC,0090,07,479373,370,500195,1,0,2026-06-18,PE2,,true
EC,0090,07,481772,370,500195,1,0,2026-06-18,PE2,,true
EC,0090,07,481128,370,500195,1,0,2026-06-18,PE2,,true
EC,0090,07,482290,370,500195,1,0,2026-06-18,PE2,,true
EC,0090,07,482689,370,500195,1,0,2026-06-18,PE2,,true
EC,0090,07,483249,370,500195,1,0,2026-06-18,PE2,,true
EC,0090,07,486110,370,500195,1,0,2026-06-18,PE2,,true
EC,0090,07,486092,370,500195,1,0,2026-06-18,PE2,,true
EC,0090,07,486090,370,500195,1,0,2026-06-18,PE2,,true
EC,0090,07,486948,370,500195,1,0,2026-06-18,PE2,,true
EC,0090,07,486949,370,500195,1,0,2026-06-18,PE2,,true
EC,0090,07,486735,370,500195,1,0,2026-06-18,PE2,,true
EC,0090,07,486541,370,500195,1,0,2026-06-18,PE2,,true
EC,0090,07,486537,370,500195,1,0,2026-06-18,PE2,,true
EC,0090,07,486476,370,500195,1,0,2026-06-18,PE2,,true
EC,0090,07,486478,370,500195,1,0,2026-06-18,PE2,,true
EC,0090,07,486345,370,500195,1,0,2026-06-18,PE2,,true
EC,0090,07,486276,370,500195,1,0,2026-06-18,PE2,,true
EC,0090,07,486275,370,500195,1,0,2026-06-18,PE2,,true
EC,0090,07,486200,370,500195,1,0,2026-06-18,PE2,,true
EC,0090,07,486190,370,500195,1,0,2026-06-18,PE2,,true
EC,0090,07,486129,370,500195,1,0,2026-06-18,PE2,,true
EC,0090,07,486117,370,500195,1,0,2026-06-18,PE2,,true
EC,0090,07,487878,370,500195,1,0,2026-06-18,PE2,,true
EC,0090,07,487484,370,500195,1,0,2026-06-18,PE2,,true
EC,0090,07,488249,370,500195,1,0,2026-06-18,PE2,,true
EC,0090,07,391921,371,500195,1,0,2026-06-18,PE2,,true
EC,0090,07,391906,371,500195,1,0,2026-06-18,PE2,,true
EC,0090,07,392092,371,500195,1,0,2026-06-18,PE2,,true
EC,0090,07,392354,371,500195,1,0,2026-06-18,PE2,,true
EC,0090,07,392344,371,500195,1,0,2026-06-18,PE2,,true
EC,0090,07,392235,371,500195,1,0,2026-06-18,PE2,,true
EC,0090,07,392213,371,500195,1,0,2026-06-18,PE2,,true
EC,0090,07,392576,371,500195,1,0,2026-06-18,PE2,,true
EC,0090,07,392732,371,500195,1,0,2026-06-18,PE2,,true
EC,0090,07,392955,371,500195,1,0,2026-06-18,PE2,,true
EC,0090,07,392823,371,500195,1,0,2026-06-18,PE2,,true
EC,0090,07,393234,371,500195,1,0,2026-06-18,PE2,,true
EC,0090,07,393203,371,500195,1,0,2026-06-18,PE2,,true
EC,0090,07,393195,371,500195,1,0,2026-06-18,PE2,,true
EC,0090,07,393116,371,500195,1,0,2026-06-18,PE2,,true
EC,0090,07,393374,371,500195,1,0,2026-06-18,PE2,,true
EC,0090,07,393333,371,500195,1,0,2026-06-18,PE2,,true
EC,0090,07,393310,371,500195,1,0,2026-06-18,PE2,,true
EC,0090,07,393284,371,500195,1,0,2026-06-18,PE2,,true
EC,0090,07,393519,371,500195,1,0,2026-06-18,PE2,,true
EC,0090,07,393513,371,500195,1,0,2026-06-18,PE2,,true
EC,0090,07,393493,371,500195,1,0,2026-06-18,PE2,,true
EC,0090,07,399867,371,500195,1,0,2026-06-18,PE2,,true
EC,0090,07,399769,371,500195,1,0,2026-06-18,PE2,,true
EC,0090,07,397965,371,500195,1,0,2026-06-18,PE2,,true
EC,0090,07,394844,371,500195,1,0,2026-06-18,PE2,,true
EC,0090,07,414579,371,500195,1,0,2026-06-18,PE2,,true
EC,0090,07,416172,371,500195,1,0,2026-06-18,PE2,,true
EC,0090,07,414986,371,500195,1,0,2026-06-18,PE2,,true
EC,0090,07,414785,371,500195,1,0,2026-06-18,PE2,,true
EC,0090,07,418920,371,500195,1,0,2026-06-18,PE2,,true
EC,0090,07,417171,371,500195,1,0,2026-06-18,PE2,,true
EC,0090,07,421851,371,500195,1,0,2026-06-18,PE2,,true
EC,0090,07,426284,371,500195,1,0,2026-06-18,PE2,,true
EC,0090,07,425930,371,500195,1,0,2026-06-18,PE2,,true
EC,0090,07,424110,371,500195,1,0,2026-06-18,PE2,,true
EC,0090,07,432812,371,500195,1,0,2026-06-18,PE2,,true
EC,0090,07,437235,371,500195,1,0,2026-06-18,PE2,,true
EC,0090,07,441074,371,500195,1,0,2026-06-18,PE2,,true
EC,0090,07,441071,371,500195,1,0,2026-06-18,PE2,,true
EC,0090,07,438849,371,500195,1,0,2026-06-18,PE2,,true
EC,0090,07,441121,371,500195,1,0,2026-06-18,PE2,,true
EC,0090,07,441120,371,500195,1,0,2026-06-18,PE2,,true
EC,0090,07,441116,371,500195,1,0,2026-06-18,PE2,,true
EC,0090,07,441415,371,500195,1,0,2026-06-18,PE2,,true
EC,0090,07,441410,371,500195,1,0,2026-06-18,PE2,,true
EC,0090,07,441408,371,500195,1,0,2026-06-18,PE2,,true
EC,0090,07,441397,371,500195,1,0,2026-06-18,PE2,,true
EC,0090,07,441393,371,500195,1,0,2026-06-18,PE2,,true
EC,0090,07,441390,371,500195,1,0,2026-06-18,PE2,,true
EC,0090,07,441388,371,500195,1,0,2026-06-18,PE2,,true
EC,0090,07,441387,371,500195,1,0,2026-06-18,PE2,,true
EC,0090,07,441386,371,500195,1,0,2026-06-18,PE2,,true
EC,0090,07,441384,371,500195,1,0,2026-06-18,PE2,,true
EC,0090,07,441677,371,500195,1,0,2026-06-18,PE2,,true
EC,0090,07,441675,371,500195,1,0,2026-06-18,PE2,,true
EC,0090,07,441671,371,500195,1,0,2026-06-18,PE2,,true
EC,0090,07,444194,371,500195,1,0,2026-06-18,PE2,,true
EC,0090,07,443862,371,500195,1,0,2026-06-18,PE2,,true
EC,0090,07,448808,371,500195,1,0,2026-06-18,PE2,,true
EC,0090,07,449720,371,500195,1,0,2026-06-18,PE2,,true
EC,0090,07,454076,371,500195,1,0,2026-06-18,PE2,,true
EC,0090,07,455553,371,500195,1,0,2026-06-18,PE2,,true
EC,0090,07,454589,371,500195,1,0,2026-06-18,PE2,,true
EC,0090,07,454588,371,500195,1,0,2026-06-18,PE2,,true
EC,0090,07,454552,371,500195,1,0,2026-06-18,PE2,,true
EC,0090,07,454380,371,500195,1,0,2026-06-18,PE2,,true
EC,0090,07,456718,371,500195,1,0,2026-06-18,PE2,,true
EC,0090,07,458960,371,500195,1,0,2026-06-18,PE2,,true
EC,0090,07,465114,371,500195,1,0,2026-06-18,PE2,,true
EC,0090,07,469189,371,500195,1,0,2026-06-18,PE2,,true
EC,0090,07,468792,371,500195,1,0,2026-06-18,PE2,,true
EC,0090,07,471564,371,500195,1,0,2026-06-18,PE2,,true
EC,0090,07,471566,371,500195,1,0,2026-06-18,PE2,,true
EC,0090,07,473929,371,500195,1,0,2026-06-18,PE2,,true
EC,0090,07,473118,371,500195,1,0,2026-06-18,PE2,,true
EC,0090,07,473052,371,500195,1,0,2026-06-18,PE2,,true
EC,0090,07,474979,371,500195,1,0,2026-06-18,PE2,,true
EC,0090,07,474982,371,500195,1,0,2026-06-18,PE2,,true
EC,0090,07,474809,371,500195,1,0,2026-06-18,PE2,,true
EC,0090,07,474702,371,500195,1,0,2026-06-18,PE2,,true
EC,0090,07,477562,371,500195,1,0,2026-06-18,PE2,,true
EC,0090,07,477494,371,500195,1,0,2026-06-18,PE2,,true
EC,0090,07,477484,371,500195,1,0,2026-06-18,PE2,,true
EC,0090,07,482280,371,500195,1,0,2026-06-18,PE2,,true
EC,0090,07,482103,371,500195,1,0,2026-06-18,PE2,,true
EC,0090,07,323925,371,500195,1,0,2026-06-18,PE2,,true
EC,0090,07,482879,371,500195,1,0,2026-06-18,PE2,,true
EC,0090,07,483398,371,500195,1,0,2026-06-18,PE2,,true
EC,0090,07,485628,371,500195,1,0,2026-06-18,PE2,,true
EC,0090,07,486489,371,500195,1,0,2026-06-18,PE2,,true
EC,0090,07,486473,371,500195,1,0,2026-06-18,PE2,,true
EC,0090,07,486191,371,500195,1,0,2026-06-18,PE2,,true
EC,0090,07,487070,371,500195,1,0,2026-06-18,PE2,,true
EC,0090,07,489008,371,500195,1,0,2026-06-18,PE2,,true
EC,0090,07,488781,371,500195,1,0,2026-06-18,PE2,,true
EC,0090,07,441235,376,500195,1,0,2026-06-18,PE2,,true
EC,0090,07,441314,376,500195,1,0,2026-06-18,PE2,,true
EC,0090,07,441310,376,500195,1,0,2026-06-18,PE2,,true
EC,0090,07,441309,376,500195,1,0,2026-06-18,PE2,,true
EC,0090,07,441307,376,500195,1,0,2026-06-18,PE2,,true
EC,0090,07,441305,376,500195,1,0,2026-06-18,PE2,,true
EC,0090,07,441303,376,500195,1,0,2026-06-18,PE2,,true
EC,0090,07,441300,376,500195,1,0,2026-06-18,PE2,,true
EC,0090,07,441299,376,500195,1,0,2026-06-18,PE2,,true
EC,0090,07,441297,376,500195,1,0,2026-06-18,PE2,,true
EC,0090,07,441293,376,500195,1,0,2026-06-18,PE2,,true
EC,0090,07,441289,376,500195,1,0,2026-06-18,PE2,,true
EC,0090,07,441284,376,500195,1,0,2026-06-18,PE2,,true
EC,0090,07,441279,376,500195,1,0,2026-06-18,PE2,,true
EC,0090,07,441277,376,500195,1,0,2026-06-18,PE2,,true
EC,0090,07,441276,376,500195,1,0,2026-06-18,PE2,,true
EC,0090,07,441275,376,500195,1,0,2026-06-18,PE2,,true
EC,0090,07,441272,376,500195,1,0,2026-06-18,PE2,,true
EC,0090,07,441270,376,500195,1,0,2026-06-18,PE2,,true
EC,0090,07,441269,376,500195,1,0,2026-06-18,PE2,,true
EC,0090,07,441265,376,500195,1,0,2026-06-18,PE2,,true
EC,0090,07,441584,376,500195,1,0,2026-06-18,PE2,,true
EC,0090,07,441583,376,500195,1,0,2026-06-18,PE2,,true
EC,0090,07,441582,376,500195,1,0,2026-06-18,PE2,,true
EC,0090,07,441580,376,500195,1,0,2026-06-18,PE2,,true
EC,0090,07,441573,376,500195,1,0,2026-06-18,PE2,,true
EC,0090,07,441571,376,500195,1,0,2026-06-18,PE2,,true
EC,0090,07,441565,376,500195,1,0,2026-06-18,PE2,,true
EC,0090,07,441564,376,500195,1,0,2026-06-18,PE2,,true
EC,0090,07,441563,376,500195,1,0,2026-06-18,PE2,,true
EC,0090,07,441559,376,500195,1,0,2026-06-18,PE2,,true
EC,0090,07,441558,376,500195,1,0,2026-06-18,PE2,,true
EC,0090,07,441542,376,500195,1,0,2026-06-18,PE2,,true
EC,0090,07,444859,376,500195,1,0,2026-06-18,PE2,,true
EC,0090,07,444636,376,500195,1,0,2026-06-18,PE2,,true
EC,0090,07,168859,376,500195,1,0,2026-06-18,PE2,,true
EC,0090,07,444513,376,500195,1,0,2026-06-18,PE2,,true
EC,0090,07,444125,376,500195,1,0,2026-06-18,PE2,,true
EC,0090,07,446850,376,500195,1,0,2026-06-18,PE2,,true
EC,0090,07,444935,376,500195,1,0,2026-06-18,PE2,,true
EC,0090,07,449886,376,500195,1,0,2026-06-18,PE2,,true
EC,0090,07,449842,376,500195,1,0,2026-06-18,PE2,,true
EC,0090,07,449752,376,500195,1,0,2026-06-18,PE2,,true
EC,0090,07,452964,376,500195,1,0,2026-06-18,PE2,,true
EC,0090,07,456393,376,500195,1,0,2026-06-18,PE2,,true
EC,0090,07,455954,376,500195,1,0,2026-06-18,PE2,,true
EC,0090,07,455623,376,500195,1,0,2026-06-18,PE2,,true
EC,0090,07,458581,376,500195,1,0,2026-06-18,PE2,,true
EC,0090,07,168808,376,500195,1,0,2026-06-18,PE2,,true
EC,0090,07,464656,376,500195,1,0,2026-06-18,PE2,,true
EC,0090,07,468245,376,500195,1,0,2026-06-18,PE2,,true
EC,0090,07,467148,376,500195,1,0,2026-06-18,PE2,,true
EC,0090,07,469040,376,500195,1,0,2026-06-18,PE2,,true
EC,0090,07,474154,376,500195,1,0,2026-06-18,PE2,,true
EC,0090,07,473654,376,500195,1,0,2026-06-18,PE2,,true
EC,0090,07,475632,376,500195,1,0,2026-06-18,PE2,,true
EC,0090,07,479009,376,500195,1,0,2026-06-18,PE2,,true
EC,0090,07,479010,376,500195,1,0,2026-06-18,PE2,,true
EC,0090,07,478556,376,500195,1,0,2026-06-18,PE2,,true
EC,0090,07,478102,376,500195,1,0,2026-06-18,PE2,,true
EC,0090,07,482387,376,500195,1,0,2026-06-18,PE2,,true
EC,0090,07,482482,376,500195,1,0,2026-06-18,PE2,,true
EC,0090,07,485998,376,500195,1,0,2026-06-18,PE2,,true
EC,0090,07,485044,376,500195,1,0,2026-06-18,PE2,,true
EC,0090,07,486999,376,500195,1,0,2026-06-18,PE2,,true
EC,0090,07,488147,376,500195,1,0,2026-06-18,PE2,,true
EC,0090,07,487001,376,500195,1,0,2026-06-18,PE2,,true
EC,0090,07,488869,376,500195,1,0,2026-06-18,PE2,,true
EC,0090,07,488860,376,500195,1,0,2026-06-18,PE2,,true
EC,0090,07,488687,376,500195,1,0,2026-06-18,PE2,,true
EC,0090,07,222002,382,500195,1,0,2026-06-18,PE2,,true
EC,0090,07,211578,382,500195,1,0,2026-06-18,PE2,,true
EC,0090,07,175591,382,500195,1,0,2026-06-18,PE2,,true
EC,0090,07,146319,382,500195,1,0,2026-06-18,PE2,,true
EC,0090,07,82843,382,500195,1,0,2026-06-18,PE2,,true
EC,0090,07,82247,382,500195,1,0,2026-06-18,PE2,,true
EC,0090,07,82236,382,500195,1,0,2026-06-18,PE2,,true
EC,0090,07,82234,382,500195,1,0,2026-06-18,PE2,,true
EC,0090,07,82231,382,500195,1,0,2026-06-18,PE2,,true
EC,0090,07,82216,382,500195,1,0,2026-06-18,PE2,,true
EC,0090,07,85090,382,500195,1,0,2026-06-18,PE2,,true
EC,0090,07,85088,382,500195,1,0,2026-06-18,PE2,,true
EC,0090,07,119337,382,500195,1,0,2026-06-18,PE2,,true
EC,0090,07,205175,382,500195,1,0,2026-06-18,PE2,,true
EC,0090,07,174036,382,500195,1,0,2026-06-18,PE2,,true
EC,0090,07,240451,382,500195,1,0,2026-06-18,PE2,,true
EC,0090,07,332418,382,500195,1,0,2026-06-18,PE2,,true
EC,0090,07,323990,382,500195,1,0,2026-06-18,PE2,,true
EC,0090,07,322547,382,500195,1,0,2026-06-18,PE2,,true
EC,0090,07,355208,382,500195,1,0,2026-06-18,PE2,,true
EC,0090,07,334258,382,500195,1,0,2026-06-18,PE2,,true
EC,0090,07,375033,382,500195,1,0,2026-06-18,PE2,,true
EC,0090,07,380732,382,500195,1,0,2026-06-18,PE2,,true
EC,0090,07,389566,382,500195,1,0,2026-06-18,PE2,,true
EC,0090,07,387135,382,500195,1,0,2026-06-18,PE2,,true
EC,0090,07,382806,382,500195,1,0,2026-06-18,PE2,,true
EC,0090,07,382698,382,500195,1,0,2026-06-18,PE2,,true
EC,0090,07,399059,382,500195,1,0,2026-06-18,PE2,,true
EC,0090,07,398527,382,500195,1,0,2026-06-18,PE2,,true
EC,0090,07,413446,382,500195,1,0,2026-06-18,PE2,,true
EC,0090,07,414836,382,500195,1,0,2026-06-18,PE2,,true
EC,0090,07,82839,382,500195,1,0,2026-06-18,PE2,,true
EC,0090,07,82812,382,500195,1,0,2026-06-18,PE2,,true
EC,0090,07,82257,382,500195,1,0,2026-06-18,PE2,,true
EC,0090,07,82248,382,500195,1,0,2026-06-18,PE2,,true
EC,0090,07,82245,382,500195,1,0,2026-06-18,PE2,,true
EC,0090,07,82228,382,500195,1,0,2026-06-18,PE2,,true
EC,0090,07,82221,382,500195,1,0,2026-06-18,PE2,,true
EC,0090,07,82214,382,500195,1,0,2026-06-18,PE2,,true
EC,0090,07,85797,382,500195,1,0,2026-06-18,PE2,,true
EC,0090,07,422765,382,500195,1,0,2026-06-18,PE2,,true
EC,0090,07,425902,382,500195,1,0,2026-06-18,PE2,,true
EC,0090,07,423781,382,500195,1,0,2026-06-18,PE2,,true
EC,0090,07,429984,382,500195,1,0,2026-06-18,PE2,,true
EC,0090,07,429137,382,500195,1,0,2026-06-18,PE2,,true
EC,0090,07,434405,382,500195,1,0,2026-06-18,PE2,,true
EC,0090,07,437795,382,500195,1,0,2026-06-18,PE2,,true
EC,0090,07,436932,382,500195,1,0,2026-06-18,PE2,,true
EC,0090,07,447845,382,500195,1,0,2026-06-18,PE2,,true
EC,0090,07,448145,382,500195,1,0,2026-06-18,PE2,,true
EC,0090,07,267979,382,500195,1,0,2026-06-18,PE2,,true
EC,0090,07,450524,382,500195,1,0,2026-06-18,PE2,,true
EC,0090,07,450180,382,500195,1,0,2026-06-18,PE2,,true
EC,0090,07,240638,382,500195,1,0,2026-06-18,PE2,,true
EC,0090,07,449909,382,500195,1,0,2026-06-18,PE2,,true
EC,0090,07,453617,382,500195,1,0,2026-06-18,PE2,,true
EC,0090,07,463024,382,500195,1,0,2026-06-18,PE2,,true
EC,0090,07,464318,382,500195,1,0,2026-06-18,PE2,,true
EC,0090,07,326747,382,500195,1,0,2026-06-18,PE2,,true
EC,0090,07,468814,382,500195,1,0,2026-06-18,PE2,,true
EC,0090,07,472350,382,500195,1,0,2026-06-18,PE2,,true
EC,0090,07,471355,382,500195,1,0,2026-06-18,PE2,,true
EC,0090,07,478019,382,500195,1,0,2026-06-18,PE2,,true
EC,0090,07,477931,382,500195,1,0,2026-06-18,PE2,,true
EC,0090,07,477686,382,500195,1,0,2026-06-18,PE2,,true
EC,0090,07,479044,382,500195,1,0,2026-06-18,PE2,,true
EC,0090,07,478100,382,500195,1,0,2026-06-18,PE2,,true
EC,0090,07,478104,382,500195,1,0,2026-06-18,PE2,,true
EC,0090,07,480623,382,500195,1,0,2026-06-18,PE2,,true
EC,0090,07,480101,382,500195,1,0,2026-06-18,PE2,,true
EC,0090,07,480041,382,500195,1,0,2026-06-18,PE2,,true
EC,0090,07,481694,382,500195,1,0,2026-06-18,PE2,,true
EC,0090,07,481625,382,500195,1,0,2026-06-18,PE2,,true
EC,0090,07,482847,382,500195,1,0,2026-06-18,PE2,,true
EC,0090,07,242741,382,500195,1,0,2026-06-18,PE2,,true
EC,0090,07,483959,382,500195,1,0,2026-06-18,PE2,,true
EC,0090,07,483375,382,500195,1,0,2026-06-18,PE2,,true
EC,0090,07,483111,382,500195,1,0,2026-06-18,PE2,,true
EC,0090,07,483084,382,500195,1,0,2026-06-18,PE2,,true
EC,0090,07,485578,382,500195,1,0,2026-06-18,PE2,,true
EC,0090,07,486384,382,500195,1,0,2026-06-18,PE2,,true
EC,0090,07,489056,382,500195,1,0,2026-06-18,PE2,,true
EC,0090,07,157425,90701,500195,1,0,2026-06-18,PE2,,true
EC,0090,07,84286,90701,500195,1,0,2026-06-18,PE2,,true
EC,0090,07,84279,90701,500195,1,0,2026-06-18,PE2,,true
EC,0090,07,84271,90701,500195,1,0,2026-06-18,PE2,,true
EC,0090,07,84253,90701,500195,1,0,2026-06-18,PE2,,true
EC,0090,07,84247,90701,500195,1,0,2026-06-18,PE2,,true
EC,0090,07,84110,90701,500195,1,0,2026-06-18,PE2,,true
EC,0090,07,84106,90701,500195,1,0,2026-06-18,PE2,,true
EC,0090,07,84105,90701,500195,1,0,2026-06-18,PE2,,true
EC,0090,07,125559,90701,500195,1,0,2026-06-18,PE2,,true
EC,0090,07,122764,90701,500195,1,0,2026-06-18,PE2,,true
EC,0090,07,85337,90701,500195,1,0,2026-06-18,PE2,,true
EC,0090,07,85334,90701,500195,1,0,2026-06-18,PE2,,true
EC,0090,07,236401,90701,500195,1,0,2026-06-18,PE2,,true
EC,0090,07,245418,90701,500195,1,0,2026-06-18,PE2,,true
EC,0090,07,321237,90701,500195,1,0,2026-06-18,PE2,,true
EC,0090,07,360501,90701,500195,1,0,2026-06-18,PE2,,true
EC,0090,07,332906,90701,500195,1,0,2026-06-18,PE2,,true
EC,0090,07,372511,90701,500195,1,0,2026-06-18,PE2,,true
EC,0090,07,366756,90701,500195,1,0,2026-06-18,PE2,,true
EC,0090,07,360962,90701,500195,1,0,2026-06-18,PE2,,true
EC,0090,07,376656,90701,500195,1,0,2026-06-18,PE2,,true
EC,0090,07,376654,90701,500195,1,0,2026-06-18,PE2,,true
EC,0090,07,376282,90701,500195,1,0,2026-06-18,PE2,,true
EC,0090,07,375632,90701,500195,1,0,2026-06-18,PE2,,true
EC,0090,07,374567,90701,500195,1,0,2026-06-18,PE2,,true
EC,0090,07,380341,90701,500195,1,0,2026-06-18,PE2,,true
EC,0090,07,380335,90701,500195,1,0,2026-06-18,PE2,,true
EC,0090,07,389334,90701,500195,1,0,2026-06-18,PE2,,true
EC,0090,07,388580,90701,500195,1,0,2026-06-18,PE2,,true
EC,0090,07,390996,90701,500195,1,0,2026-06-18,PE2,,true
EC,0090,07,412916,90701,500195,1,0,2026-06-18,PE2,,true
EC,0090,07,418536,90701,500195,1,0,2026-06-18,PE2,,true
EC,0090,07,84380,90701,500195,1,0,2026-06-18,PE2,,true
EC,0090,07,84378,90701,500195,1,0,2026-06-18,PE2,,true
EC,0090,07,84376,90701,500195,1,0,2026-06-18,PE2,,true
EC,0090,07,84373,90701,500195,1,0,2026-06-18,PE2,,true
EC,0090,07,84370,90701,500195,1,0,2026-06-18,PE2,,true
EC,0090,07,84366,90701,500195,1,0,2026-06-18,PE2,,true
EC,0090,07,84278,90701,500195,1,0,2026-06-18,PE2,,true
EC,0090,07,84273,90701,500195,1,0,2026-06-18,PE2,,true
EC,0090,07,84267,90701,500195,1,0,2026-06-18,PE2,,true
EC,0090,07,84265,90701,500195,1,0,2026-06-18,PE2,,true
EC,0090,07,84252,90701,500195,1,0,2026-06-18,PE2,,true
EC,0090,07,421097,90701,500195,1,0,2026-06-18,PE2,,true
EC,0090,07,420961,90701,500195,1,0,2026-06-18,PE2,,true
EC,0090,07,434424,90701,500195,1,0,2026-06-18,PE2,,true
EC,0090,07,433986,90701,500195,1,0,2026-06-18,PE2,,true
EC,0090,07,436867,90701,500195,1,0,2026-06-18,PE2,,true
EC,0090,07,437817,90701,500195,1,0,2026-06-18,PE2,,true
EC,0090,07,442506,90701,500195,1,0,2026-06-18,PE2,,true
EC,0090,07,442476,90701,500195,1,0,2026-06-18,PE2,,true
EC,0090,07,446429,90701,500195,1,0,2026-06-18,PE2,,true
EC,0090,07,446302,90701,500195,1,0,2026-06-18,PE2,,true
EC,0090,07,450507,90701,500195,1,0,2026-06-18,PE2,,true
EC,0090,07,450364,90701,500195,1,0,2026-06-18,PE2,,true
EC,0090,07,454834,90701,500195,1,0,2026-06-18,PE2,,true
EC,0090,07,454586,90701,500195,1,0,2026-06-18,PE2,,true
EC,0090,07,458408,90701,500195,1,0,2026-06-18,PE2,,true
EC,0090,07,458409,90701,500195,1,0,2026-06-18,PE2,,true
EC,0090,07,459391,90701,500195,1,0,2026-06-18,PE2,,true
EC,0090,07,459153,90701,500195,1,0,2026-06-18,PE2,,true
EC,0090,07,466279,90701,500195,1,0,2026-06-18,PE2,,true
EC,0090,07,466128,90701,500195,1,0,2026-06-18,PE2,,true
EC,0090,07,465233,90701,500195,1,0,2026-06-18,PE2,,true
EC,0090,07,464307,90701,500195,1,0,2026-06-18,PE2,,true
EC,0090,07,464317,90701,500195,1,0,2026-06-18,PE2,,true
EC,0090,07,468706,90701,500195,1,0,2026-06-18,PE2,,true
EC,0090,07,469631,90701,500195,1,0,2026-06-18,PE2,,true
EC,0090,07,474783,90701,500195,1,0,2026-06-18,PE2,,true
EC,0090,07,478024,90701,500195,1,0,2026-06-18,PE2,,true
EC,0090,07,478667,90701,500195,1,0,2026-06-18,PE2,,true
EC,0090,07,480363,90701,500195,1,0,2026-06-18,PE2,,true
EC,0090,07,482355,90701,500195,1,0,2026-06-18,PE2,,true
EC,0090,07,482256,90701,500195,1,0,2026-06-18,PE2,,true
EC,0090,07,484994,90701,500195,1,0,2026-06-18,PE2,,true
EC,0090,07,486799,90701,500195,1,0,2026-06-18,PE2,,true
EC,0090,07,486444,90701,500195,1,0,2026-06-18,PE2,,true
EC,0090,07,85067,90706,500195,1,0,2026-06-18,PE2,,true
EC,0090,07,118990,90706,500195,1,0,2026-06-18,PE2,,true
EC,0090,07,205247,90706,500195,1,0,2026-06-18,PE2,,true
EC,0090,07,141518,90706,500195,1,0,2026-06-18,PE2,,true
EC,0090,07,138077,90706,500195,1,0,2026-06-18,PE2,,true
EC,0090,07,240648,90706,500195,1,0,2026-06-18,PE2,,true
EC,0090,07,228853,90706,500195,1,0,2026-06-18,PE2,,true
EC,0090,07,305394,90706,500195,1,0,2026-06-18,PE2,,true
EC,0090,07,289032,90706,500195,1,0,2026-06-18,PE2,,true
EC,0090,07,348699,90706,500195,1,0,2026-06-18,PE2,,true
EC,0090,07,366466,90706,500195,1,0,2026-06-18,PE2,,true
EC,0090,07,361319,90706,500195,1,0,2026-06-18,PE2,,true
EC,0090,07,361318,90706,500195,1,0,2026-06-18,PE2,,true
EC,0090,07,381727,90706,500195,1,0,2026-06-18,PE2,,true
EC,0090,07,380467,90706,500195,1,0,2026-06-18,PE2,,true
EC,0090,07,380315,90706,500195,1,0,2026-06-18,PE2,,true
EC,0090,07,389086,90706,500195,1,0,2026-06-18,PE2,,true
EC,0090,07,399560,90706,500195,1,0,2026-06-18,PE2,,true
EC,0090,07,398317,90706,500195,1,0,2026-06-18,PE2,,true
EC,0090,07,394933,90706,500195,1,0,2026-06-18,PE2,,true
EC,0090,07,403832,90706,500195,1,0,2026-06-18,PE2,,true
EC,0090,07,400964,90706,500195,1,0,2026-06-18,PE2,,true
EC,0090,07,410569,90706,500195,1,0,2026-06-18,PE2,,true
EC,0090,07,414933,90706,500195,1,0,2026-06-18,PE2,,true
EC,0090,07,416958,90706,500195,1,0,2026-06-18,PE2,,true
EC,0090,07,83183,90706,500195,1,0,2026-06-18,PE2,,true
EC,0090,07,82981,90706,500195,1,0,2026-06-18,PE2,,true
EC,0090,07,82979,90706,500195,1,0,2026-06-18,PE2,,true
EC,0090,07,82978,90706,500195,1,0,2026-06-18,PE2,,true
EC,0090,07,82977,90706,500195,1,0,2026-06-18,PE2,,true
EC,0090,07,82966,90706,500195,1,0,2026-06-18,PE2,,true
EC,0090,07,82329,90706,500195,1,0,2026-06-18,PE2,,true
EC,0090,07,419987,90706,500195,1,0,2026-06-18,PE2,,true
EC,0090,07,228994,90706,500195,1,0,2026-06-18,PE2,,true
EC,0090,07,85512,90706,500195,1,0,2026-06-18,PE2,,true
EC,0090,07,425033,90706,500195,1,0,2026-06-18,PE2,,true
EC,0090,07,428868,90706,500195,1,0,2026-06-18,PE2,,true
EC,0090,07,447157,90706,500195,1,0,2026-06-18,PE2,,true
EC,0090,07,446951,90706,500195,1,0,2026-06-18,PE2,,true
EC,0090,07,445956,90706,500195,1,0,2026-06-18,PE2,,true
EC,0090,07,445587,90706,500195,1,0,2026-06-18,PE2,,true
EC,0090,07,450030,90706,500195,1,0,2026-06-18,PE2,,true
EC,0090,07,449423,90706,500195,1,0,2026-06-18,PE2,,true
EC,0090,07,448033,90706,500195,1,0,2026-06-18,PE2,,true
EC,0090,07,453863,90706,500195,1,0,2026-06-18,PE2,,true
EC,0090,07,453862,90706,500195,1,0,2026-06-18,PE2,,true
EC,0090,07,453822,90706,500195,1,0,2026-06-18,PE2,,true
EC,0090,07,455882,90706,500195,1,0,2026-06-18,PE2,,true
EC,0090,07,455691,90706,500195,1,0,2026-06-18,PE2,,true
EC,0090,07,455688,90706,500195,1,0,2026-06-18,PE2,,true
EC,0090,07,465854,90706,500195,1,0,2026-06-18,PE2,,true
EC,0090,07,470399,90706,500195,1,0,2026-06-18,PE2,,true
EC,0090,07,470091,90706,500195,1,0,2026-06-18,PE2,,true
EC,0090,07,469691,90706,500195,1,0,2026-06-18,PE2,,true
EC,0090,07,475668,90706,500195,1,0,2026-06-18,PE2,,true
EC,0090,07,478017,90706,500195,1,0,2026-06-18,PE2,,true
EC,0090,07,477657,90706,500195,1,0,2026-06-18,PE2,,true
EC,0090,07,476991,90706,500195,1,0,2026-06-18,PE2,,true
EC,0090,07,478680,90706,500195,1,0,2026-06-18,PE2,,true
EC,0090,07,478507,90706,500195,1,0,2026-06-18,PE2,,true
EC,0090,07,480174,90706,500195,1,0,2026-06-18,PE2,,true
EC,0090,07,479146,90706,500195,1,0,2026-06-18,PE2,,true
EC,0090,07,482608,90706,500195,1,0,2026-06-18,PE2,,true
EC,0090,07,482483,90706,500195,1,0,2026-06-18,PE2,,true
EC,0090,07,484128,90706,500195,1,0,2026-06-18,PE2,,true
EC,0090,07,483899,90706,500195,1,0,2026-06-18,PE2,,true
EC,0090,07,483668,90706,500195,1,0,2026-06-18,PE2,,true
EC,0090,07,483365,90706,500195,1,0,2026-06-18,PE2,,true
EC,0090,07,483366,90706,500195,1,0,2026-06-18,PE2,,true
EC,0090,07,486638,90706,500195,1,0,2026-06-18,PE2,,true
EC,0090,07,486490,90706,500195,1,0,2026-06-18,PE2,,true
EC,0090,07,486409,90706,500195,1,0,2026-06-18,PE2,,true
EC,0090,07,486259,90706,500195,1,0,2026-06-18,PE2,,true
EC,0090,07,488598,90706,500195,1,0,2026-06-18,PE2,,true
EC,0090,07,488414,90706,500195,1,0,2026-06-18,PE2,,true
EC,0090,07,399536,90708,500195,1,0,2026-06-18,PE2,,true
EC,0090,07,391994,90708,500195,1,0,2026-06-18,PE2,,true
EC,0090,07,391992,90708,500195,1,0,2026-06-18,PE2,,true
EC,0090,07,392069,90708,500195,1,0,2026-06-18,PE2,,true
EC,0090,07,392047,90708,500195,1,0,2026-06-18,PE2,,true
EC,0090,07,392034,90708,500195,1,0,2026-06-18,PE2,,true
EC,0090,07,392340,90708,500195,1,0,2026-06-18,PE2,,true
EC,0090,07,392339,90708,500195,1,0,2026-06-18,PE2,,true
EC,0090,07,392299,90708,500195,1,0,2026-06-18,PE2,,true
EC,0090,07,392580,90708,500195,1,0,2026-06-18,PE2,,true
EC,0090,07,392500,90708,500195,1,0,2026-06-18,PE2,,true
EC,0090,07,392399,90708,500195,1,0,2026-06-18,PE2,,true
EC,0090,07,392391,90708,500195,1,0,2026-06-18,PE2,,true
EC,0090,07,392381,90708,500195,1,0,2026-06-18,PE2,,true
EC,0090,07,392767,90708,500195,1,0,2026-06-18,PE2,,true
EC,0090,07,392624,90708,500195,1,0,2026-06-18,PE2,,true
EC,0090,07,392915,90708,500195,1,0,2026-06-18,PE2,,true
EC,0090,07,392888,90708,500195,1,0,2026-06-18,PE2,,true
EC,0090,07,392886,90708,500195,1,0,2026-06-18,PE2,,true
EC,0090,07,392852,90708,500195,1,0,2026-06-18,PE2,,true
EC,0090,07,393061,90708,500195,1,0,2026-06-18,PE2,,true
EC,0090,07,393059,90708,500195,1,0,2026-06-18,PE2,,true
EC,0090,07,393049,90708,500195,1,0,2026-06-18,PE2,,true
EC,0090,07,393009,90708,500195,1,0,2026-06-18,PE2,,true
EC,0090,07,393005,90708,500195,1,0,2026-06-18,PE2,,true
EC,0090,07,393004,90708,500195,1,0,2026-06-18,PE2,,true
EC,0090,07,392997,90708,500195,1,0,2026-06-18,PE2,,true
EC,0090,07,392970,90708,500195,1,0,2026-06-18,PE2,,true
EC,0090,07,393229,90708,500195,1,0,2026-06-18,PE2,,true
EC,0090,07,393175,90708,500195,1,0,2026-06-18,PE2,,true
EC,0090,07,393133,90708,500195,1,0,2026-06-18,PE2,,true
EC,0090,07,393364,90708,500195,1,0,2026-06-18,PE2,,true
EC,0090,07,393314,90708,500195,1,0,2026-06-18,PE2,,true
EC,0090,07,394169,90708,500195,1,0,2026-06-18,PE2,,true
EC,0090,07,393502,90708,500195,1,0,2026-06-18,PE2,,true
EC,0090,07,393490,90708,500195,1,0,2026-06-18,PE2,,true
EC,0090,07,400000,90708,500195,1,0,2026-06-18,PE2,,true
EC,0090,07,399366,90708,500195,1,0,2026-06-18,PE2,,true
EC,0090,07,406721,90708,500195,1,0,2026-06-18,PE2,,true
EC,0090,07,403986,90708,500195,1,0,2026-06-18,PE2,,true
EC,0090,07,400420,90708,500195,1,0,2026-06-18,PE2,,true
EC,0090,07,400290,90708,500195,1,0,2026-06-18,PE2,,true
EC,0090,07,414155,90708,500195,1,0,2026-06-18,PE2,,true
EC,0090,07,410634,90708,500195,1,0,2026-06-18,PE2,,true
EC,0090,07,415308,90708,500195,1,0,2026-06-18,PE2,,true
EC,0090,07,427122,90708,500195,1,0,2026-06-18,PE2,,true
EC,0090,07,426365,90708,500195,1,0,2026-06-18,PE2,,true
EC,0090,07,425991,90708,500195,1,0,2026-06-18,PE2,,true
EC,0090,07,428963,90708,500195,1,0,2026-06-18,PE2,,true
EC,0090,07,428830,90708,500195,1,0,2026-06-18,PE2,,true
EC,0090,07,437912,90708,500195,1,0,2026-06-18,PE2,,true
EC,0090,07,437705,90708,500195,1,0,2026-06-18,PE2,,true
EC,0090,07,443583,90708,500195,1,0,2026-06-18,PE2,,true
EC,0090,07,443431,90708,500195,1,0,2026-06-18,PE2,,true
EC,0090,07,444463,90708,500195,1,0,2026-06-18,PE2,,true
EC,0090,07,444218,90708,500195,1,0,2026-06-18,PE2,,true
EC,0090,07,454472,90708,500195,1,0,2026-06-18,PE2,,true
EC,0090,07,457476,90708,500195,1,0,2026-06-18,PE2,,true
EC,0090,07,456814,90708,500195,1,0,2026-06-18,PE2,,true
EC,0090,07,456735,90708,500195,1,0,2026-06-18,PE2,,true
EC,0090,07,458253,90708,500195,1,0,2026-06-18,PE2,,true
EC,0090,07,458123,90708,500195,1,0,2026-06-18,PE2,,true
EC,0090,07,465997,90708,500195,1,0,2026-06-18,PE2,,true
EC,0090,07,468319,90708,500195,1,0,2026-06-18,PE2,,true
EC,0090,07,467590,90708,500195,1,0,2026-06-18,PE2,,true
EC,0090,07,472510,90708,500195,1,0,2026-06-18,PE2,,true
EC,0090,07,473830,90708,500195,1,0,2026-06-18,PE2,,true
EC,0090,07,475497,90708,500195,1,0,2026-06-18,PE2,,true
EC,0090,07,478607,90708,500195,1,0,2026-06-18,PE2,,true
EC,0090,07,481428,90708,500195,1,0,2026-06-18,PE2,,true
EC,0090,07,482353,90708,500195,1,0,2026-06-18,PE2,,true
EC,0090,07,483355,90708,500195,1,0,2026-06-18,PE2,,true
EC,0090,07,486938,90708,500195,1,0,2026-06-18,PE2,,true
EC,0090,07,486867,90708,500195,1,0,2026-06-18,PE2,,true
EC,0090,07,488250,90708,500195,1,0,2026-06-18,PE2,,true
EC,0090,07,487353,90708,500195,1,0,2026-06-18,PE2,,true
EC,0090,07,487279,90708,500195,1,0,2026-06-18,PE2,,true
EC,0090,07,487185,90708,500195,1,0,2026-06-18,PE2,,true
EC,0090,07,487160,90708,500195,1,0,2026-06-18,PE2,,true
EC,0090,07,489352,90708,500195,1,0,2026-06-18,PE2,,true
EC,0090,07,488511,90708,500195,1,0,2026-06-18,PE2,,true
EC,0090,07,488510,90708,500195,1,0,2026-06-18,PE2,,true
EC,0090,07,205355,330,524582,1,0,2026-06-18,PE3,,true
EC,0090,07,82400,330,524582,1,0,2026-06-18,PE3,,true
EC,0090,07,255445,330,524582,1,0,2026-06-18,PE3,,true
EC,0090,07,84657,330,524582,1,0,2026-06-18,PE3,,true
EC,0090,07,84630,330,524582,1,0,2026-06-18,PE3,,true
EC,0090,07,84596,330,524582,1,0,2026-06-18,PE3,,true
EC,0090,07,84594,330,524582,1,0,2026-06-18,PE3,,true
EC,0090,07,84500,330,524582,1,0,2026-06-18,PE3,,true
EC,0090,07,126997,330,524582,1,0,2026-06-18,PE3,,true
EC,0090,07,183148,330,524582,1,0,2026-06-18,PE3,,true
EC,0090,07,141615,330,524582,1,0,2026-06-18,PE3,,true
EC,0090,07,242097,330,524582,1,0,2026-06-18,PE3,,true
EC,0090,07,241497,330,524582,1,0,2026-06-18,PE3,,true
EC,0090,07,241140,330,524582,1,0,2026-06-18,PE3,,true
EC,0090,07,238832,330,524582,1,0,2026-06-18,PE3,,true
EC,0090,07,214660,330,524582,1,0,2026-06-18,PE3,,true
EC,0090,07,305013,330,524582,1,0,2026-06-18,PE3,,true
EC,0090,07,254225,330,524582,1,0,2026-06-18,PE3,,true
EC,0090,07,329023,330,524582,1,0,2026-06-18,PE3,,true
EC,0090,07,321470,330,524582,1,0,2026-06-18,PE3,,true
EC,0090,07,306397,330,524582,1,0,2026-06-18,PE3,,true
EC,0090,07,306016,330,524582,1,0,2026-06-18,PE3,,true
EC,0090,07,358839,330,524582,1,0,2026-06-18,PE3,,true
EC,0090,07,346557,330,524582,1,0,2026-06-18,PE3,,true
EC,0090,07,338106,330,524582,1,0,2026-06-18,PE3,,true
EC,0090,07,334972,330,524582,1,0,2026-06-18,PE3,,true
EC,0090,07,334412,330,524582,1,0,2026-06-18,PE3,,true
EC,0090,07,333993,330,524582,1,0,2026-06-18,PE3,,true
EC,0090,07,374022,330,524582,1,0,2026-06-18,PE3,,true
EC,0090,07,373634,330,524582,1,0,2026-06-18,PE3,,true
EC,0090,07,365882,330,524582,1,0,2026-06-18,PE3,,true
EC,0090,07,364599,330,524582,1,0,2026-06-18,PE3,,true
EC,0090,07,364598,330,524582,1,0,2026-06-18,PE3,,true
EC,0090,07,360768,330,524582,1,0,2026-06-18,PE3,,true
EC,0090,07,377304,330,524582,1,0,2026-06-18,PE3,,true
EC,0090,07,382522,330,524582,1,0,2026-06-18,PE3,,true
EC,0090,07,382072,330,524582,1,0,2026-06-18,PE3,,true
EC,0090,07,379251,330,524582,1,0,2026-06-18,PE3,,true
EC,0090,07,389949,330,524582,1,0,2026-06-18,PE3,,true
EC,0090,07,387236,330,524582,1,0,2026-06-18,PE3,,true
EC,0090,07,387199,330,524582,1,0,2026-06-18,PE3,,true
EC,0090,07,384758,330,524582,1,0,2026-06-18,PE3,,true
EC,0090,07,414690,330,524582,1,0,2026-06-18,PE3,,true
EC,0090,07,415654,330,524582,1,0,2026-06-18,PE3,,true
EC,0090,07,83405,330,524582,1,0,2026-06-18,PE3,,true
EC,0090,07,82388,330,524582,1,0,2026-06-18,PE3,,true
EC,0090,07,84498,330,524582,1,0,2026-06-18,PE3,,true
EC,0090,07,85296,330,524582,1,0,2026-06-18,PE3,,true
EC,0090,07,420366,330,524582,1,0,2026-06-18,PE3,,true
EC,0090,07,419785,330,524582,1,0,2026-06-18,PE3,,true
EC,0090,07,85933,330,524582,1,0,2026-06-18,PE3,,true
EC,0090,07,85488,330,524582,1,0,2026-06-18,PE3,,true
EC,0090,07,421617,330,524582,1,0,2026-06-18,PE3,,true
EC,0090,07,431313,330,524582,1,0,2026-06-18,PE3,,true
EC,0090,07,428893,330,524582,1,0,2026-06-18,PE3,,true
EC,0090,07,432702,330,524582,1,0,2026-06-18,PE3,,true
EC,0090,07,432253,330,524582,1,0,2026-06-18,PE3,,true
EC,0090,07,437982,330,524582,1,0,2026-06-18,PE3,,true
EC,0090,07,437597,330,524582,1,0,2026-06-18,PE3,,true
EC,0090,07,438482,330,524582,1,0,2026-06-18,PE3,,true
EC,0090,07,443691,330,524582,1,0,2026-06-18,PE3,,true
EC,0090,07,446961,330,524582,1,0,2026-06-18,PE3,,true
EC,0090,07,456174,330,524582,1,0,2026-06-18,PE3,,true
EC,0090,07,454542,330,524582,1,0,2026-06-18,PE3,,true
EC,0090,07,462941,330,524582,1,0,2026-06-18,PE3,,true
EC,0090,07,464683,330,524582,1,0,2026-06-18,PE3,,true
EC,0090,07,425394,330,524582,1,0,2026-06-18,PE3,,true
EC,0090,07,466390,330,524582,1,0,2026-06-18,PE3,,true
EC,0090,07,469759,330,524582,1,0,2026-06-18,PE3,,true
EC,0090,07,469382,330,524582,1,0,2026-06-18,PE3,,true
EC,0090,07,477493,330,524582,1,0,2026-06-18,PE3,,true
EC,0090,07,478703,330,524582,1,0,2026-06-18,PE3,,true
EC,0090,07,478493,330,524582,1,0,2026-06-18,PE3,,true
EC,0090,07,479766,330,524582,1,0,2026-06-18,PE3,,true
EC,0090,07,481429,330,524582,1,0,2026-06-18,PE3,,true
EC,0090,07,482356,330,524582,1,0,2026-06-18,PE3,,true
EC,0090,07,482848,330,524582,1,0,2026-06-18,PE3,,true
EC,0090,07,486564,330,524582,1,0,2026-06-18,PE3,,true
EC,0090,07,486383,330,524582,1,0,2026-06-18,PE3,,true
EC,0090,07,234454,331,524582,1,0,2026-06-18,PE3,,true
EC,0090,07,234267,331,524582,1,0,2026-06-18,PE3,,true
EC,0090,07,235281,331,524582,1,0,2026-06-18,PE3,,true
EC,0090,07,234452,331,524582,1,0,2026-06-18,PE3,,true
EC,0090,07,234450,331,524582,1,0,2026-06-18,PE3,,true
EC,0090,07,234268,331,524582,1,0,2026-06-18,PE3,,true
EC,0090,07,234211,331,524582,1,0,2026-06-18,PE3,,true
EC,0090,07,299833,331,524582,1,0,2026-06-18,PE3,,true
EC,0090,07,299831,331,524582,1,0,2026-06-18,PE3,,true
EC,0090,07,282601,331,524582,1,0,2026-06-18,PE3,,true
EC,0090,07,282591,331,524582,1,0,2026-06-18,PE3,,true
EC,0090,07,282579,331,524582,1,0,2026-06-18,PE3,,true
EC,0090,07,329044,331,524582,1,0,2026-06-18,PE3,,true
EC,0090,07,329043,331,524582,1,0,2026-06-18,PE3,,true
EC,0090,07,329040,331,524582,1,0,2026-06-18,PE3,,true
EC,0090,07,329036,331,524582,1,0,2026-06-18,PE3,,true
EC,0090,07,378459,331,524582,1,0,2026-06-18,PE3,,true
EC,0090,07,376827,331,524582,1,0,2026-06-18,PE3,,true
EC,0090,07,374170,331,524582,1,0,2026-06-18,PE3,,true
EC,0090,07,374169,331,524582,1,0,2026-06-18,PE3,,true
EC,0090,07,374167,331,524582,1,0,2026-06-18,PE3,,true
EC,0090,07,374162,331,524582,1,0,2026-06-18,PE3,,true
EC,0090,07,374161,331,524582,1,0,2026-06-18,PE3,,true
EC,0090,07,391656,331,524582,1,0,2026-06-18,PE3,,true
EC,0090,07,390921,331,524582,1,0,2026-06-18,PE3,,true
EC,0090,07,397977,331,524582,1,0,2026-06-18,PE3,,true
EC,0090,07,394757,331,524582,1,0,2026-06-18,PE3,,true
EC,0090,07,411234,331,524582,1,0,2026-06-18,PE3,,true
EC,0090,07,416270,331,524582,1,0,2026-06-18,PE3,,true
EC,0090,07,415770,331,524582,1,0,2026-06-18,PE3,,true
EC,0090,07,414850,331,524582,1,0,2026-06-18,PE3,,true
EC,0090,07,422352,331,524582,1,0,2026-06-18,PE3,,true
EC,0090,07,422008,331,524582,1,0,2026-06-18,PE3,,true
EC,0090,07,427029,331,524582,1,0,2026-06-18,PE3,,true
EC,0090,07,431836,331,524582,1,0,2026-06-18,PE3,,true
EC,0090,07,429297,331,524582,1,0,2026-06-18,PE3,,true
EC,0090,07,428884,331,524582,1,0,2026-06-18,PE3,,true
EC,0090,07,434438,331,524582,1,0,2026-06-18,PE3,,true
EC,0090,07,432811,331,524582,1,0,2026-06-18,PE3,,true
EC,0090,07,432471,331,524582,1,0,2026-06-18,PE3,,true
EC,0090,07,436686,331,524582,1,0,2026-06-18,PE3,,true
EC,0090,07,441073,331,524582,1,0,2026-06-18,PE3,,true
EC,0090,07,441126,331,524582,1,0,2026-06-18,PE3,,true
EC,0090,07,441419,331,524582,1,0,2026-06-18,PE3,,true
EC,0090,07,442013,331,524582,1,0,2026-06-18,PE3,,true
EC,0090,07,442011,331,524582,1,0,2026-06-18,PE3,,true
EC,0090,07,442010,331,524582,1,0,2026-06-18,PE3,,true
EC,0090,07,444278,331,524582,1,0,2026-06-18,PE3,,true
EC,0090,07,449538,331,524582,1,0,2026-06-18,PE3,,true
EC,0090,07,456430,331,524582,1,0,2026-06-18,PE3,,true
EC,0090,07,458779,331,524582,1,0,2026-06-18,PE3,,true
EC,0090,07,466596,331,524582,1,0,2026-06-18,PE3,,true
EC,0090,07,470821,331,524582,1,0,2026-06-18,PE3,,true
EC,0090,07,470822,331,524582,1,0,2026-06-18,PE3,,true
EC,0090,07,473225,331,524582,1,0,2026-06-18,PE3,,true
EC,0090,07,473224,331,524582,1,0,2026-06-18,PE3,,true
EC,0090,07,474992,331,524582,1,0,2026-06-18,PE3,,true
EC,0090,07,478018,331,524582,1,0,2026-06-18,PE3,,true
EC,0090,07,478934,331,524582,1,0,2026-06-18,PE3,,true
EC,0090,07,480757,331,524582,1,0,2026-06-18,PE3,,true
EC,0090,07,480756,331,524582,1,0,2026-06-18,PE3,,true
EC,0090,07,481011,331,524582,1,0,2026-06-18,PE3,,true
EC,0090,07,480958,331,524582,1,0,2026-06-18,PE3,,true
EC,0090,07,480833,331,524582,1,0,2026-06-18,PE3,,true
EC,0090,07,482869,331,524582,1,0,2026-06-18,PE3,,true
EC,0090,07,482606,331,524582,1,0,2026-06-18,PE3,,true
EC,0090,07,486005,331,524582,1,0,2026-06-18,PE3,,true
EC,0090,07,489249,331,524582,1,0,2026-06-18,PE3,,true
EC,0090,07,211756,339,524582,1,0,2026-06-18,PE3,,true
EC,0090,07,205736,339,524582,1,0,2026-06-18,PE3,,true
EC,0090,07,175738,339,524582,1,0,2026-06-18,PE3,,true
EC,0090,07,119524,339,524582,1,0,2026-06-18,PE3,,true
EC,0090,07,82867,339,524582,1,0,2026-06-18,PE3,,true
EC,0090,07,82425,339,524582,1,0,2026-06-18,PE3,,true
EC,0090,07,84622,339,524582,1,0,2026-06-18,PE3,,true
EC,0090,07,83445,339,524582,1,0,2026-06-18,PE3,,true
EC,0090,07,118811,339,524582,1,0,2026-06-18,PE3,,true
EC,0090,07,105298,339,524582,1,0,2026-06-18,PE3,,true
EC,0090,07,210513,339,524582,1,0,2026-06-18,PE3,,true
EC,0090,07,205434,339,524582,1,0,2026-06-18,PE3,,true
EC,0090,07,182972,339,524582,1,0,2026-06-18,PE3,,true
EC,0090,07,180423,339,524582,1,0,2026-06-18,PE3,,true
EC,0090,07,174474,339,524582,1,0,2026-06-18,PE3,,true
EC,0090,07,141632,339,524582,1,0,2026-06-18,PE3,,true
EC,0090,07,238837,339,524582,1,0,2026-06-18,PE3,,true
EC,0090,07,295181,339,524582,1,0,2026-06-18,PE3,,true
EC,0090,07,251378,339,524582,1,0,2026-06-18,PE3,,true
EC,0090,07,332823,339,524582,1,0,2026-06-18,PE3,,true
EC,0090,07,317652,339,524582,1,0,2026-06-18,PE3,,true
EC,0090,07,337717,339,524582,1,0,2026-06-18,PE3,,true
EC,0090,07,333987,339,524582,1,0,2026-06-18,PE3,,true
EC,0090,07,373945,339,524582,1,0,2026-06-18,PE3,,true
EC,0090,07,373944,339,524582,1,0,2026-06-18,PE3,,true
EC,0090,07,363179,339,524582,1,0,2026-06-18,PE3,,true
EC,0090,07,378449,339,524582,1,0,2026-06-18,PE3,,true
EC,0090,07,374873,339,524582,1,0,2026-06-18,PE3,,true
EC,0090,07,374797,339,524582,1,0,2026-06-18,PE3,,true
EC,0090,07,381662,339,524582,1,0,2026-06-18,PE3,,true
EC,0090,07,379385,339,524582,1,0,2026-06-18,PE3,,true
EC,0090,07,387413,339,524582,1,0,2026-06-18,PE3,,true
EC,0090,07,382959,339,524582,1,0,2026-06-18,PE3,,true
EC,0090,07,399942,339,524582,1,0,2026-06-18,PE3,,true
EC,0090,07,399609,339,524582,1,0,2026-06-18,PE3,,true
EC,0090,07,416895,339,524582,1,0,2026-06-18,PE3,,true
EC,0090,07,416376,339,524582,1,0,2026-06-18,PE3,,true
EC,0090,07,415964,339,524582,1,0,2026-06-18,PE3,,true
EC,0090,07,415772,339,524582,1,0,2026-06-18,PE3,,true
EC,0090,07,83412,339,524582,1,0,2026-06-18,PE3,,true
EC,0090,07,82919,339,524582,1,0,2026-06-18,PE3,,true
EC,0090,07,85389,339,524582,1,0,2026-06-18,PE3,,true
EC,0090,07,84653,339,524582,1,0,2026-06-18,PE3,,true
EC,0090,07,84649,339,524582,1,0,2026-06-18,PE3,,true
EC,0090,07,84641,339,524582,1,0,2026-06-18,PE3,,true
EC,0090,07,84615,339,524582,1,0,2026-06-18,PE3,,true
EC,0090,07,84614,339,524582,1,0,2026-06-18,PE3,,true
EC,0090,07,420113,339,524582,1,0,2026-06-18,PE3,,true
EC,0090,07,85493,339,524582,1,0,2026-06-18,PE3,,true
EC,0090,07,432228,339,524582,1,0,2026-06-18,PE3,,true
EC,0090,07,430409,339,524582,1,0,2026-06-18,PE3,,true
EC,0090,07,434761,339,524582,1,0,2026-06-18,PE3,,true
EC,0090,07,373627,339,524582,1,0,2026-06-18,PE3,,true
EC,0090,07,436984,339,524582,1,0,2026-06-18,PE3,,true
EC,0090,07,436765,339,524582,1,0,2026-06-18,PE3,,true
EC,0090,07,435195,339,524582,1,0,2026-06-18,PE3,,true
EC,0090,07,439153,339,524582,1,0,2026-06-18,PE3,,true
EC,0090,07,443567,339,524582,1,0,2026-06-18,PE3,,true
EC,0090,07,442254,339,524582,1,0,2026-06-18,PE3,,true
EC,0090,07,444481,339,524582,1,0,2026-06-18,PE3,,true
EC,0090,07,449888,339,524582,1,0,2026-06-18,PE3,,true
EC,0090,07,454505,339,524582,1,0,2026-06-18,PE3,,true
EC,0090,07,457225,339,524582,1,0,2026-06-18,PE3,,true
EC,0090,07,458893,339,524582,1,0,2026-06-18,PE3,,true
EC,0090,07,458843,339,524582,1,0,2026-06-18,PE3,,true
EC,0090,07,458062,339,524582,1,0,2026-06-18,PE3,,true
EC,0090,07,473313,339,524582,1,0,2026-06-18,PE3,,true
EC,0090,07,474631,339,524582,1,0,2026-06-18,PE3,,true
EC,0090,07,477979,339,524582,1,0,2026-06-18,PE3,,true
EC,0090,07,478807,339,524582,1,0,2026-06-18,PE3,,true
EC,0090,07,478533,339,524582,1,0,2026-06-18,PE3,,true
EC,0090,07,480749,339,524582,1,0,2026-06-18,PE3,,true
EC,0090,07,480624,339,524582,1,0,2026-06-18,PE3,,true
EC,0090,07,480260,339,524582,1,0,2026-06-18,PE3,,true
EC,0090,07,479077,339,524582,1,0,2026-06-18,PE3,,true
EC,0090,07,360957,339,524582,1,0,2026-06-18,PE3,,true
EC,0090,07,483023,339,524582,1,0,2026-06-18,PE3,,true
EC,0090,07,489169,339,524582,1,0,2026-06-18,PE3,,true
EC,0090,07,131794,342,524582,1,0,2026-06-18,PE3,,true
EC,0090,07,82592,342,524582,1,0,2026-06-18,PE3,,true
EC,0090,07,82348,342,524582,1,0,2026-06-18,PE3,,true
EC,0090,07,83703,342,524582,1,0,2026-06-18,PE3,,true
EC,0090,07,83702,342,524582,1,0,2026-06-18,PE3,,true
EC,0090,07,83546,342,524582,1,0,2026-06-18,PE3,,true
EC,0090,07,119185,342,524582,1,0,2026-06-18,PE3,,true
EC,0090,07,205833,342,524582,1,0,2026-06-18,PE3,,true
EC,0090,07,205321,342,524582,1,0,2026-06-18,PE3,,true
EC,0090,07,182866,342,524582,1,0,2026-06-18,PE3,,true
EC,0090,07,161820,342,524582,1,0,2026-06-18,PE3,,true
EC,0090,07,144120,342,524582,1,0,2026-06-18,PE3,,true
EC,0090,07,141785,342,524582,1,0,2026-06-18,PE3,,true
EC,0090,07,136903,342,524582,1,0,2026-06-18,PE3,,true
EC,0090,07,242806,342,524582,1,0,2026-06-18,PE3,,true
EC,0090,07,240218,342,524582,1,0,2026-06-18,PE3,,true
EC,0090,07,302275,342,524582,1,0,2026-06-18,PE3,,true
EC,0090,07,275457,342,524582,1,0,2026-06-18,PE3,,true
EC,0090,07,324220,342,524582,1,0,2026-06-18,PE3,,true
EC,0090,07,324129,342,524582,1,0,2026-06-18,PE3,,true
EC,0090,07,336960,342,524582,1,0,2026-06-18,PE3,,true
EC,0090,07,376283,342,524582,1,0,2026-06-18,PE3,,true
EC,0090,07,374746,342,524582,1,0,2026-06-18,PE3,,true
EC,0090,07,381587,342,524582,1,0,2026-06-18,PE3,,true
EC,0090,07,387230,342,524582,1,0,2026-06-18,PE3,,true
EC,0090,07,385277,342,524582,1,0,2026-06-18,PE3,,true
EC,0090,07,399147,342,524582,1,0,2026-06-18,PE3,,true
EC,0090,07,398226,342,524582,1,0,2026-06-18,PE3,,true
EC,0090,07,395153,342,524582,1,0,2026-06-18,PE3,,true
EC,0090,07,406554,342,524582,1,0,2026-06-18,PE3,,true
EC,0090,07,406552,342,524582,1,0,2026-06-18,PE3,,true
EC,0090,07,406240,342,524582,1,0,2026-06-18,PE3,,true
EC,0090,07,400388,342,524582,1,0,2026-06-18,PE3,,true
EC,0090,07,413112,342,524582,1,0,2026-06-18,PE3,,true
EC,0090,07,411895,342,524582,1,0,2026-06-18,PE3,,true
EC,0090,07,411237,342,524582,1,0,2026-06-18,PE3,,true
EC,0090,07,415339,342,524582,1,0,2026-06-18,PE3,,true
EC,0090,07,419097,342,524582,1,0,2026-06-18,PE3,,true
EC,0090,07,82578,342,524582,1,0,2026-06-18,PE3,,true
EC,0090,07,82291,342,524582,1,0,2026-06-18,PE3,,true
EC,0090,07,82274,342,524582,1,0,2026-06-18,PE3,,true
EC,0090,07,82268,342,524582,1,0,2026-06-18,PE3,,true
EC,0090,07,84154,342,524582,1,0,2026-06-18,PE3,,true
EC,0090,07,83788,342,524582,1,0,2026-06-18,PE3,,true
EC,0090,07,83750,342,524582,1,0,2026-06-18,PE3,,true
EC,0090,07,83742,342,524582,1,0,2026-06-18,PE3,,true
EC,0090,07,83738,342,524582,1,0,2026-06-18,PE3,,true
EC,0090,07,83732,342,524582,1,0,2026-06-18,PE3,,true
EC,0090,07,83726,342,524582,1,0,2026-06-18,PE3,,true
EC,0090,07,83717,342,524582,1,0,2026-06-18,PE3,,true
EC,0090,07,83694,342,524582,1,0,2026-06-18,PE3,,true
EC,0090,07,83688,342,524582,1,0,2026-06-18,PE3,,true
EC,0090,07,83687,342,524582,1,0,2026-06-18,PE3,,true
EC,0090,07,83528,342,524582,1,0,2026-06-18,PE3,,true
EC,0090,07,85328,342,524582,1,0,2026-06-18,PE3,,true
EC,0090,07,420589,342,524582,1,0,2026-06-18,PE3,,true
EC,0090,07,82290,342,524582,1,0,2026-06-18,PE3,,true
EC,0090,07,178311,342,524582,1,0,2026-06-18,PE3,,true
EC,0090,07,82200,342,524582,1,0,2026-06-18,PE3,,true
EC,0090,07,85835,342,524582,1,0,2026-06-18,PE3,,true
EC,0090,07,423288,342,524582,1,0,2026-06-18,PE3,,true
EC,0090,07,422358,342,524582,1,0,2026-06-18,PE3,,true
EC,0090,07,300229,342,524582,1,0,2026-06-18,PE3,,true
EC,0090,07,420836,342,524582,1,0,2026-06-18,PE3,,true
EC,0090,07,429301,342,524582,1,0,2026-06-18,PE3,,true
EC,0090,07,429062,342,524582,1,0,2026-06-18,PE3,,true
EC,0090,07,434925,342,524582,1,0,2026-06-18,PE3,,true
EC,0090,07,180421,342,524582,1,0,2026-06-18,PE3,,true
EC,0090,07,436555,342,524582,1,0,2026-06-18,PE3,,true
EC,0090,07,435837,342,524582,1,0,2026-06-18,PE3,,true
EC,0090,07,435324,342,524582,1,0,2026-06-18,PE3,,true
EC,0090,07,439175,342,524582,1,0,2026-06-18,PE3,,true
EC,0090,07,443514,342,524582,1,0,2026-06-18,PE3,,true
EC,0090,07,443414,342,524582,1,0,2026-06-18,PE3,,true
EC,0090,07,446734,342,524582,1,0,2026-06-18,PE3,,true
EC,0090,07,446272,342,524582,1,0,2026-06-18,PE3,,true
EC,0090,07,444886,342,524582,1,0,2026-06-18,PE3,,true
EC,0090,07,452909,342,524582,1,0,2026-06-18,PE3,,true
EC,0090,07,457804,342,524582,1,0,2026-06-18,PE3,,true
EC,0090,07,457074,342,524582,1,0,2026-06-18,PE3,,true
EC,0090,07,456620,342,524582,1,0,2026-06-18,PE3,,true
EC,0090,07,463251,342,524582,1,0,2026-06-18,PE3,,true
EC,0090,07,468010,342,524582,1,0,2026-06-18,PE3,,true
EC,0090,07,467788,342,524582,1,0,2026-06-18,PE3,,true
EC,0090,07,470714,342,524582,1,0,2026-06-18,PE3,,true
EC,0090,07,470481,342,524582,1,0,2026-06-18,PE3,,true
EC,0090,07,473119,342,524582,1,0,2026-06-18,PE3,,true
EC,0090,07,475190,342,524582,1,0,2026-06-18,PE3,,true
EC,0090,07,475187,342,524582,1,0,2026-06-18,PE3,,true
EC,0090,07,478016,342,524582,1,0,2026-06-18,PE3,,true
EC,0090,07,480227,342,524582,1,0,2026-06-18,PE3,,true
EC,0090,07,480040,342,524582,1,0,2026-06-18,PE3,,true
EC,0090,07,482364,342,524582,1,0,2026-06-18,PE3,,true
EC,0090,07,482650,342,524582,1,0,2026-06-18,PE3,,true
EC,0090,07,482581,342,524582,1,0,2026-06-18,PE3,,true
EC,0090,07,488038,342,524582,1,0,2026-06-18,PE3,,true
EC,0090,07,487481,342,524582,1,0,2026-06-18,PE3,,true
EC,0090,07,487422,342,524582,1,0,2026-06-18,PE3,,true
EC,0090,07,181987,344,524582,1,0,2026-06-18,PE3,,true
EC,0090,07,82834,344,524582,1,0,2026-06-18,PE3,,true
EC,0090,07,82799,344,524582,1,0,2026-06-18,PE3,,true
EC,0090,07,82363,344,524582,1,0,2026-06-18,PE3,,true
EC,0090,07,84362,344,524582,1,0,2026-06-18,PE3,,true
EC,0090,07,84360,344,524582,1,0,2026-06-18,PE3,,true
EC,0090,07,84324,344,524582,1,0,2026-06-18,PE3,,true
EC,0090,07,122096,344,524582,1,0,2026-06-18,PE3,,true
EC,0090,07,118940,344,524582,1,0,2026-06-18,PE3,,true
EC,0090,07,210528,344,524582,1,0,2026-06-18,PE3,,true
EC,0090,07,237920,344,524582,1,0,2026-06-18,PE3,,true
EC,0090,07,289212,344,524582,1,0,2026-06-18,PE3,,true
EC,0090,07,331375,344,524582,1,0,2026-06-18,PE3,,true
EC,0090,07,329547,344,524582,1,0,2026-06-18,PE3,,true
EC,0090,07,328072,344,524582,1,0,2026-06-18,PE3,,true
EC,0090,07,321074,344,524582,1,0,2026-06-18,PE3,,true
EC,0090,07,352589,344,524582,1,0,2026-06-18,PE3,,true
EC,0090,07,333211,344,524582,1,0,2026-06-18,PE3,,true
EC,0090,07,369127,344,524582,1,0,2026-06-18,PE3,,true
EC,0090,07,375276,344,524582,1,0,2026-06-18,PE3,,true
EC,0090,07,374155,344,524582,1,0,2026-06-18,PE3,,true
EC,0090,07,381682,344,524582,1,0,2026-06-18,PE3,,true
EC,0090,07,380343,344,524582,1,0,2026-06-18,PE3,,true
EC,0090,07,380336,344,524582,1,0,2026-06-18,PE3,,true
EC,0090,07,390329,344,524582,1,0,2026-06-18,PE3,,true
EC,0090,07,389671,344,524582,1,0,2026-06-18,PE3,,true
EC,0090,07,386992,344,524582,1,0,2026-06-18,PE3,,true
EC,0090,07,399419,344,524582,1,0,2026-06-18,PE3,,true
EC,0090,07,398236,344,524582,1,0,2026-06-18,PE3,,true
EC,0090,07,406773,344,524582,1,0,2026-06-18,PE3,,true
EC,0090,07,417552,344,524582,1,0,2026-06-18,PE3,,true
EC,0090,07,84325,344,524582,1,0,2026-06-18,PE3,,true
EC,0090,07,84280,344,524582,1,0,2026-06-18,PE3,,true
EC,0090,07,84238,344,524582,1,0,2026-06-18,PE3,,true
EC,0090,07,420148,344,524582,1,0,2026-06-18,PE3,,true
EC,0090,07,420125,344,524582,1,0,2026-06-18,PE3,,true
EC,0090,07,205264,344,524582,1,0,2026-06-18,PE3,,true
EC,0090,07,422680,344,524582,1,0,2026-06-18,PE3,,true
EC,0090,07,421552,344,524582,1,0,2026-06-18,PE3,,true
EC,0090,07,427559,344,524582,1,0,2026-06-18,PE3,,true
EC,0090,07,426291,344,524582,1,0,2026-06-18,PE3,,true
EC,0090,07,425291,344,524582,1,0,2026-06-18,PE3,,true
EC,0090,07,432218,344,524582,1,0,2026-06-18,PE3,,true
EC,0090,07,361744,344,524582,1,0,2026-06-18,PE3,,true
EC,0090,07,438337,344,524582,1,0,2026-06-18,PE3,,true
EC,0090,07,438225,344,524582,1,0,2026-06-18,PE3,,true
EC,0090,07,437465,344,524582,1,0,2026-06-18,PE3,,true
EC,0090,07,436985,344,524582,1,0,2026-06-18,PE3,,true
EC,0090,07,437818,344,524582,1,0,2026-06-18,PE3,,true
EC,0090,07,439396,344,524582,1,0,2026-06-18,PE3,,true
EC,0090,07,444261,344,524582,1,0,2026-06-18,PE3,,true
EC,0090,07,448020,344,524582,1,0,2026-06-18,PE3,,true
EC,0090,07,453553,344,524582,1,0,2026-06-18,PE3,,true
EC,0090,07,453049,344,524582,1,0,2026-06-18,PE3,,true
EC,0090,07,456523,344,524582,1,0,2026-06-18,PE3,,true
EC,0090,07,457821,344,524582,1,0,2026-06-18,PE3,,true
EC,0090,07,458455,344,524582,1,0,2026-06-18,PE3,,true
EC,0090,07,459380,344,524582,1,0,2026-06-18,PE3,,true
EC,0090,07,465671,344,524582,1,0,2026-06-18,PE3,,true
EC,0090,07,465389,344,524582,1,0,2026-06-18,PE3,,true
EC,0090,07,469233,344,524582,1,0,2026-06-18,PE3,,true
EC,0090,07,471465,344,524582,1,0,2026-06-18,PE3,,true
EC,0090,07,471167,344,524582,1,0,2026-06-18,PE3,,true
EC,0090,07,473219,344,524582,1,0,2026-06-18,PE3,,true
EC,0090,07,473100,344,524582,1,0,2026-06-18,PE3,,true
EC,0090,07,474997,344,524582,1,0,2026-06-18,PE3,,true
EC,0090,07,475427,344,524582,1,0,2026-06-18,PE3,,true
EC,0090,07,479029,344,524582,1,0,2026-06-18,PE3,,true
EC,0090,07,478928,344,524582,1,0,2026-06-18,PE3,,true
EC,0090,07,478929,344,524582,1,0,2026-06-18,PE3,,true
EC,0090,07,478066,344,524582,1,0,2026-06-18,PE3,,true
EC,0090,07,481889,344,524582,1,0,2026-06-18,PE3,,true
EC,0090,07,481646,344,524582,1,0,2026-06-18,PE3,,true
EC,0090,07,481577,344,524582,1,0,2026-06-18,PE3,,true
EC,0090,07,481497,344,524582,1,0,2026-06-18,PE3,,true
EC,0090,07,480955,344,524582,1,0,2026-06-18,PE3,,true
EC,0090,07,482351,344,524582,1,0,2026-06-18,PE3,,true
EC,0090,07,482096,344,524582,1,0,2026-06-18,PE3,,true
EC,0090,07,482091,344,524582,1,0,2026-06-18,PE3,,true
EC,0090,07,482846,344,524582,1,0,2026-06-18,PE3,,true
EC,0090,07,482603,344,524582,1,0,2026-06-18,PE3,,true
EC,0090,07,484468,344,524582,1,0,2026-06-18,PE3,,true
EC,0090,07,483895,344,524582,1,0,2026-06-18,PE3,,true
EC,0090,07,483731,344,524582,1,0,2026-06-18,PE3,,true
EC,0090,07,483575,344,524582,1,0,2026-06-18,PE3,,true
EC,0090,07,483110,344,524582,1,0,2026-06-18,PE3,,true
EC,0090,07,485930,344,524582,1,0,2026-06-18,PE3,,true
EC,0090,07,485477,344,524582,1,0,2026-06-18,PE3,,true
EC,0090,07,485097,344,524582,1,0,2026-06-18,PE3,,true
EC,0090,07,486686,344,524582,1,0,2026-06-18,PE3,,true
EC,0090,07,486685,344,524582,1,0,2026-06-18,PE3,,true
EC,0090,07,486559,344,524582,1,0,2026-06-18,PE3,,true
EC,0090,07,488146,344,524582,1,0,2026-06-18,PE3,,true
EC,0090,07,487978,344,524582,1,0,2026-06-18,PE3,,true
EC,0090,07,487503,344,524582,1,0,2026-06-18,PE3,,true
EC,0090,07,487285,344,524582,1,0,2026-06-18,PE3,,true
EC,0090,07,489406,344,524582,1,0,2026-06-18,PE3,,true
EC,0090,07,489196,344,524582,1,0,2026-06-18,PE3,,true
EC,0090,07,489170,344,524582,1,0,2026-06-18,PE3,,true
EC,0090,07,488790,344,524582,1,0,2026-06-18,PE3,,true
EC,0090,07,488782,344,524582,1,0,2026-06-18,PE3,,true
EC,0090,07,488504,344,524582,1,0,2026-06-18,PE3,,true
EC,0090,07,182173,347,524582,1,0,2026-06-18,PE3,,true
EC,0090,07,122080,347,524582,1,0,2026-06-18,PE3,,true
EC,0090,07,126340,347,524582,1,0,2026-06-18,PE3,,true
EC,0090,07,126327,347,524582,1,0,2026-06-18,PE3,,true
EC,0090,07,125668,347,524582,1,0,2026-06-18,PE3,,true
EC,0090,07,118797,347,524582,1,0,2026-06-18,PE3,,true
EC,0090,07,85184,347,524582,1,0,2026-06-18,PE3,,true
EC,0090,07,85126,347,524582,1,0,2026-06-18,PE3,,true
EC,0090,07,85118,347,524582,1,0,2026-06-18,PE3,,true
EC,0090,07,209024,347,524582,1,0,2026-06-18,PE3,,true
EC,0090,07,205428,347,524582,1,0,2026-06-18,PE3,,true
EC,0090,07,205341,347,524582,1,0,2026-06-18,PE3,,true
EC,0090,07,241233,347,524582,1,0,2026-06-18,PE3,,true
EC,0090,07,236617,347,524582,1,0,2026-06-18,PE3,,true
EC,0090,07,235196,347,524582,1,0,2026-06-18,PE3,,true
EC,0090,07,228943,347,524582,1,0,2026-06-18,PE3,,true
EC,0090,07,227527,347,524582,1,0,2026-06-18,PE3,,true
EC,0090,07,281106,347,524582,1,0,2026-06-18,PE3,,true
EC,0090,07,251899,347,524582,1,0,2026-06-18,PE3,,true
EC,0090,07,329662,347,524582,1,0,2026-06-18,PE3,,true
EC,0090,07,328149,347,524582,1,0,2026-06-18,PE3,,true
EC,0090,07,373601,347,524582,1,0,2026-06-18,PE3,,true
EC,0090,07,373063,347,524582,1,0,2026-06-18,PE3,,true
EC,0090,07,369921,347,524582,1,0,2026-06-18,PE3,,true
EC,0090,07,374207,347,524582,1,0,2026-06-18,PE3,,true
EC,0090,07,382623,347,524582,1,0,2026-06-18,PE3,,true
EC,0090,07,379955,347,524582,1,0,2026-06-18,PE3,,true
EC,0090,07,379759,347,524582,1,0,2026-06-18,PE3,,true
EC,0090,07,389497,347,524582,1,0,2026-06-18,PE3,,true
EC,0090,07,389041,347,524582,1,0,2026-06-18,PE3,,true
EC,0090,07,391222,347,524582,1,0,2026-06-18,PE3,,true
EC,0090,07,390938,347,524582,1,0,2026-06-18,PE3,,true
EC,0090,07,398739,347,524582,1,0,2026-06-18,PE3,,true
EC,0090,07,412414,347,524582,1,0,2026-06-18,PE3,,true
EC,0090,07,416755,347,524582,1,0,2026-06-18,PE3,,true
EC,0090,07,415428,347,524582,1,0,2026-06-18,PE3,,true
EC,0090,07,415034,347,524582,1,0,2026-06-18,PE3,,true
EC,0090,07,82895,347,524582,1,0,2026-06-18,PE3,,true
EC,0090,07,82874,347,524582,1,0,2026-06-18,PE3,,true
EC,0090,07,82561,347,524582,1,0,2026-06-18,PE3,,true
EC,0090,07,85473,347,524582,1,0,2026-06-18,PE3,,true
EC,0090,07,85105,347,524582,1,0,2026-06-18,PE3,,true
EC,0090,07,86070,347,524582,1,0,2026-06-18,PE3,,true
EC,0090,07,86007,347,524582,1,0,2026-06-18,PE3,,true
EC,0090,07,85571,347,524582,1,0,2026-06-18,PE3,,true
EC,0090,07,85570,347,524582,1,0,2026-06-18,PE3,,true
EC,0090,07,85475,347,524582,1,0,2026-06-18,PE3,,true
EC,0090,07,239241,347,524582,1,0,2026-06-18,PE3,,true
EC,0090,07,420743,347,524582,1,0,2026-06-18,PE3,,true
EC,0090,07,426314,347,524582,1,0,2026-06-18,PE3,,true
EC,0090,07,434350,347,524582,1,0,2026-06-18,PE3,,true
EC,0090,07,432284,347,524582,1,0,2026-06-18,PE3,,true
EC,0090,07,438164,347,524582,1,0,2026-06-18,PE3,,true
EC,0090,07,438529,347,524582,1,0,2026-06-18,PE3,,true
EC,0090,07,442691,347,524582,1,0,2026-06-18,PE3,,true
EC,0090,07,443752,347,524582,1,0,2026-06-18,PE3,,true
EC,0090,07,454161,347,524582,1,0,2026-06-18,PE3,,true
EC,0090,07,454424,347,524582,1,0,2026-06-18,PE3,,true
EC,0090,07,458928,347,524582,1,0,2026-06-18,PE3,,true
EC,0090,07,467222,347,524582,1,0,2026-06-18,PE3,,true
EC,0090,07,466870,347,524582,1,0,2026-06-18,PE3,,true
EC,0090,07,466498,347,524582,1,0,2026-06-18,PE3,,true
EC,0090,07,470337,347,524582,1,0,2026-06-18,PE3,,true
EC,0090,07,473676,347,524582,1,0,2026-06-18,PE3,,true
EC,0090,07,473296,347,524582,1,0,2026-06-18,PE3,,true
EC,0090,07,472937,347,524582,1,0,2026-06-18,PE3,,true
EC,0090,07,478477,347,524582,1,0,2026-06-18,PE3,,true
EC,0090,07,481325,347,524582,1,0,2026-06-18,PE3,,true
EC,0090,07,481216,347,524582,1,0,2026-06-18,PE3,,true
EC,0090,07,481207,347,524582,1,0,2026-06-18,PE3,,true
EC,0090,07,482383,347,524582,1,0,2026-06-18,PE3,,true
EC,0090,07,485253,347,524582,1,0,2026-06-18,PE3,,true
EC,0090,07,487155,347,524582,1,0,2026-06-18,PE3,,true
EC,0090,07,183971,348,524582,1,0,2026-06-18,PE3,,true
EC,0090,07,82932,348,524582,1,0,2026-06-18,PE3,,true
EC,0090,07,82335,348,524582,1,0,2026-06-18,PE3,,true
EC,0090,07,390053,348,524582,1,0,2026-06-18,PE3,,true
EC,0090,07,84480,348,524582,1,0,2026-06-18,PE3,,true
EC,0090,07,84477,348,524582,1,0,2026-06-18,PE3,,true
EC,0090,07,84473,348,524582,1,0,2026-06-18,PE3,,true
EC,0090,07,84431,348,524582,1,0,2026-06-18,PE3,,true
EC,0090,07,122519,348,524582,1,0,2026-06-18,PE3,,true
EC,0090,07,85868,348,524582,1,0,2026-06-18,PE3,,true
EC,0090,07,85853,348,524582,1,0,2026-06-18,PE3,,true
EC,0090,07,85453,348,524582,1,0,2026-06-18,PE3,,true
EC,0090,07,180461,348,524582,1,0,2026-06-18,PE3,,true
EC,0090,07,180415,348,524582,1,0,2026-06-18,PE3,,true
EC,0090,07,304079,348,524582,1,0,2026-06-18,PE3,,true
EC,0090,07,303758,348,524582,1,0,2026-06-18,PE3,,true
EC,0090,07,330604,348,524582,1,0,2026-06-18,PE3,,true
EC,0090,07,317564,348,524582,1,0,2026-06-18,PE3,,true
EC,0090,07,349504,348,524582,1,0,2026-06-18,PE3,,true
EC,0090,07,373139,348,524582,1,0,2026-06-18,PE3,,true
EC,0090,07,373137,348,524582,1,0,2026-06-18,PE3,,true
EC,0090,07,373135,348,524582,1,0,2026-06-18,PE3,,true
EC,0090,07,373134,348,524582,1,0,2026-06-18,PE3,,true
EC,0090,07,378030,348,524582,1,0,2026-06-18,PE3,,true
EC,0090,07,374132,348,524582,1,0,2026-06-18,PE3,,true
EC,0090,07,374123,348,524582,1,0,2026-06-18,PE3,,true
EC,0090,07,374122,348,524582,1,0,2026-06-18,PE3,,true
EC,0090,07,374121,348,524582,1,0,2026-06-18,PE3,,true
EC,0090,07,374025,348,524582,1,0,2026-06-18,PE3,,true
EC,0090,07,382523,348,524582,1,0,2026-06-18,PE3,,true
EC,0090,07,380501,348,524582,1,0,2026-06-18,PE3,,true
EC,0090,07,378628,348,524582,1,0,2026-06-18,PE3,,true
EC,0090,07,386590,348,524582,1,0,2026-06-18,PE3,,true
EC,0090,07,385075,348,524582,1,0,2026-06-18,PE3,,true
EC,0090,07,391779,348,524582,1,0,2026-06-18,PE3,,true
EC,0090,07,393804,348,524582,1,0,2026-06-18,PE3,,true
EC,0090,07,403964,348,524582,1,0,2026-06-18,PE3,,true
EC,0090,07,411405,348,524582,1,0,2026-06-18,PE3,,true
EC,0090,07,418442,348,524582,1,0,2026-06-18,PE3,,true
EC,0090,07,418045,348,524582,1,0,2026-06-18,PE3,,true
EC,0090,07,82927,348,524582,1,0,2026-06-18,PE3,,true
EC,0090,07,84541,348,524582,1,0,2026-06-18,PE3,,true
EC,0090,07,84468,348,524582,1,0,2026-06-18,PE3,,true
EC,0090,07,85462,348,524582,1,0,2026-06-18,PE3,,true
EC,0090,07,85867,348,524582,1,0,2026-06-18,PE3,,true
EC,0090,07,427959,348,524582,1,0,2026-06-18,PE3,,true
EC,0090,07,427700,348,524582,1,0,2026-06-18,PE3,,true
EC,0090,07,424904,348,524582,1,0,2026-06-18,PE3,,true
EC,0090,07,431312,348,524582,1,0,2026-06-18,PE3,,true
EC,0090,07,330709,348,524582,1,0,2026-06-18,PE3,,true
EC,0090,07,429045,348,524582,1,0,2026-06-18,PE3,,true
EC,0090,07,432971,348,524582,1,0,2026-06-18,PE3,,true
EC,0090,07,432626,348,524582,1,0,2026-06-18,PE3,,true
EC,0090,07,444776,348,524582,1,0,2026-06-18,PE3,,true
EC,0090,07,444775,348,524582,1,0,2026-06-18,PE3,,true
EC,0090,07,444710,348,524582,1,0,2026-06-18,PE3,,true
EC,0090,07,444549,348,524582,1,0,2026-06-18,PE3,,true
EC,0090,07,446318,348,524582,1,0,2026-06-18,PE3,,true
EC,0090,07,446062,348,524582,1,0,2026-06-18,PE3,,true
EC,0090,07,444921,348,524582,1,0,2026-06-18,PE3,,true
EC,0090,07,449804,348,524582,1,0,2026-06-18,PE3,,true
EC,0090,07,455803,348,524582,1,0,2026-06-18,PE3,,true
EC,0090,07,462907,348,524582,1,0,2026-06-18,PE3,,true
EC,0090,07,465363,348,524582,1,0,2026-06-18,PE3,,true
EC,0090,07,464351,348,524582,1,0,2026-06-18,PE3,,true
EC,0090,07,463953,348,524582,1,0,2026-06-18,PE3,,true
EC,0090,07,467528,348,524582,1,0,2026-06-18,PE3,,true
EC,0090,07,469457,348,524582,1,0,2026-06-18,PE3,,true
EC,0090,07,471445,348,524582,1,0,2026-06-18,PE3,,true
EC,0090,07,472893,348,524582,1,0,2026-06-18,PE3,,true
EC,0090,07,475201,348,524582,1,0,2026-06-18,PE3,,true
EC,0090,07,478879,348,524582,1,0,2026-06-18,PE3,,true
EC,0090,07,478433,348,524582,1,0,2026-06-18,PE3,,true
EC,0090,07,481496,348,524582,1,0,2026-06-18,PE3,,true
EC,0090,07,482352,348,524582,1,0,2026-06-18,PE3,,true
EC,0090,07,482179,348,524582,1,0,2026-06-18,PE3,,true
EC,0090,07,488263,348,524582,1,0,2026-06-18,PE3,,true
EC,0090,07,250049,349,524582,1,0,2026-06-18,PE3,,true
EC,0090,07,391979,349,524582,1,0,2026-06-18,PE3,,true
EC,0090,07,391919,349,524582,1,0,2026-06-18,PE3,,true
EC,0090,07,392168,349,524582,1,0,2026-06-18,PE3,,true
EC,0090,07,392166,349,524582,1,0,2026-06-18,PE3,,true
EC,0090,07,392051,349,524582,1,0,2026-06-18,PE3,,true
EC,0090,07,392296,349,524582,1,0,2026-06-18,PE3,,true
EC,0090,07,392197,349,524582,1,0,2026-06-18,PE3,,true
EC,0090,07,392496,349,524582,1,0,2026-06-18,PE3,,true
EC,0090,07,392426,349,524582,1,0,2026-06-18,PE3,,true
EC,0090,07,392407,349,524582,1,0,2026-06-18,PE3,,true
EC,0090,07,392769,349,524582,1,0,2026-06-18,PE3,,true
EC,0090,07,392768,349,524582,1,0,2026-06-18,PE3,,true
EC,0090,07,392714,349,524582,1,0,2026-06-18,PE3,,true
EC,0090,07,392703,349,524582,1,0,2026-06-18,PE3,,true
EC,0090,07,392678,349,524582,1,0,2026-06-18,PE3,,true
EC,0090,07,392669,349,524582,1,0,2026-06-18,PE3,,true
EC,0090,07,392894,349,524582,1,0,2026-06-18,PE3,,true
EC,0090,07,392815,349,524582,1,0,2026-06-18,PE3,,true
EC,0090,07,392811,349,524582,1,0,2026-06-18,PE3,,true
EC,0090,07,393096,349,524582,1,0,2026-06-18,PE3,,true
EC,0090,07,393065,349,524582,1,0,2026-06-18,PE3,,true
EC,0090,07,392967,349,524582,1,0,2026-06-18,PE3,,true
EC,0090,07,393252,349,524582,1,0,2026-06-18,PE3,,true
EC,0090,07,393200,349,524582,1,0,2026-06-18,PE3,,true
EC,0090,07,393126,349,524582,1,0,2026-06-18,PE3,,true
EC,0090,07,393372,349,524582,1,0,2026-06-18,PE3,,true
EC,0090,07,393366,349,524582,1,0,2026-06-18,PE3,,true
EC,0090,07,393358,349,524582,1,0,2026-06-18,PE3,,true
EC,0090,07,393349,349,524582,1,0,2026-06-18,PE3,,true
EC,0090,07,393298,349,524582,1,0,2026-06-18,PE3,,true
EC,0090,07,393539,349,524582,1,0,2026-06-18,PE3,,true
EC,0090,07,393538,349,524582,1,0,2026-06-18,PE3,,true
EC,0090,07,393496,349,524582,1,0,2026-06-18,PE3,,true
EC,0090,07,400037,349,524582,1,0,2026-06-18,PE3,,true
EC,0090,07,400036,349,524582,1,0,2026-06-18,PE3,,true
EC,0090,07,395209,349,524582,1,0,2026-06-18,PE3,,true
EC,0090,07,406551,349,524582,1,0,2026-06-18,PE3,,true
EC,0090,07,414567,349,524582,1,0,2026-06-18,PE3,,true
EC,0090,07,411769,349,524582,1,0,2026-06-18,PE3,,true
EC,0090,07,418900,349,524582,1,0,2026-06-18,PE3,,true
EC,0090,07,417918,349,524582,1,0,2026-06-18,PE3,,true
EC,0090,07,422211,349,524582,1,0,2026-06-18,PE3,,true
EC,0090,07,422027,349,524582,1,0,2026-06-18,PE3,,true
EC,0090,07,422015,349,524582,1,0,2026-06-18,PE3,,true
EC,0090,07,421632,349,524582,1,0,2026-06-18,PE3,,true
EC,0090,07,421825,349,524582,1,0,2026-06-18,PE3,,true
EC,0090,07,420845,349,524582,1,0,2026-06-18,PE3,,true
EC,0090,07,434052,349,524582,1,0,2026-06-18,PE3,,true
EC,0090,07,436894,349,524582,1,0,2026-06-18,PE3,,true
EC,0090,07,436687,349,524582,1,0,2026-06-18,PE3,,true
EC,0090,07,437843,349,524582,1,0,2026-06-18,PE3,,true
EC,0090,07,444735,349,524582,1,0,2026-06-18,PE3,,true
EC,0090,07,444734,349,524582,1,0,2026-06-18,PE3,,true
EC,0090,07,444705,349,524582,1,0,2026-06-18,PE3,,true
EC,0090,07,447187,349,524582,1,0,2026-06-18,PE3,,true
EC,0090,07,446266,349,524582,1,0,2026-06-18,PE3,,true
EC,0090,07,448729,349,524582,1,0,2026-06-18,PE3,,true
EC,0090,07,453795,349,524582,1,0,2026-06-18,PE3,,true
EC,0090,07,453427,349,524582,1,0,2026-06-18,PE3,,true
EC,0090,07,457689,349,524582,1,0,2026-06-18,PE3,,true
EC,0090,07,458034,349,524582,1,0,2026-06-18,PE3,,true
EC,0090,07,465232,349,524582,1,0,2026-06-18,PE3,,true
EC,0090,07,467789,349,524582,1,0,2026-06-18,PE3,,true
EC,0090,07,469063,349,524582,1,0,2026-06-18,PE3,,true
EC,0090,07,471672,349,524582,1,0,2026-06-18,PE3,,true
EC,0090,07,473365,349,524582,1,0,2026-06-18,PE3,,true
EC,0090,07,476705,349,524582,1,0,2026-06-18,PE3,,true
EC,0090,07,479019,349,524582,1,0,2026-06-18,PE3,,true
EC,0090,07,480814,349,524582,1,0,2026-06-18,PE3,,true
EC,0090,07,480362,349,524582,1,0,2026-06-18,PE3,,true
EC,0090,07,479387,349,524582,1,0,2026-06-18,PE3,,true
EC,0090,07,482605,349,524582,1,0,2026-06-18,PE3,,true
EC,0090,07,483576,349,524582,1,0,2026-06-18,PE3,,true
EC,0090,07,486002,349,524582,1,0,2026-06-18,PE3,,true
EC,0090,07,486800,349,524582,1,0,2026-06-18,PE3,,true
EC,0090,07,489413,349,524582,1,0,2026-06-18,PE3,,true
EC,0090,07,218710,351,524582,1,0,2026-06-18,PE3,,true
EC,0090,07,206125,351,524582,1,0,2026-06-18,PE3,,true
EC,0090,07,141613,351,524582,1,0,2026-06-18,PE3,,true
EC,0090,07,136588,351,524582,1,0,2026-06-18,PE3,,true
EC,0090,07,82641,351,524582,1,0,2026-06-18,PE3,,true
EC,0090,07,84654,351,524582,1,0,2026-06-18,PE3,,true
EC,0090,07,84602,351,524582,1,0,2026-06-18,PE3,,true
EC,0090,07,84466,351,524582,1,0,2026-06-18,PE3,,true
EC,0090,07,84453,351,524582,1,0,2026-06-18,PE3,,true
EC,0090,07,84443,351,524582,1,0,2026-06-18,PE3,,true
EC,0090,07,84435,351,524582,1,0,2026-06-18,PE3,,true
EC,0090,07,125686,351,524582,1,0,2026-06-18,PE3,,true
EC,0090,07,122781,351,524582,1,0,2026-06-18,PE3,,true
EC,0090,07,121793,351,524582,1,0,2026-06-18,PE3,,true
EC,0090,07,205820,351,524582,1,0,2026-06-18,PE3,,true
EC,0090,07,138640,351,524582,1,0,2026-06-18,PE3,,true
EC,0090,07,230094,351,524582,1,0,2026-06-18,PE3,,true
EC,0090,07,274839,351,524582,1,0,2026-06-18,PE3,,true
EC,0090,07,374020,351,524582,1,0,2026-06-18,PE3,,true
EC,0090,07,373942,351,524582,1,0,2026-06-18,PE3,,true
EC,0090,07,373940,351,524582,1,0,2026-06-18,PE3,,true
EC,0090,07,363146,351,524582,1,0,2026-06-18,PE3,,true
EC,0090,07,363143,351,524582,1,0,2026-06-18,PE3,,true
EC,0090,07,380042,351,524582,1,0,2026-06-18,PE3,,true
EC,0090,07,379906,351,524582,1,0,2026-06-18,PE3,,true
EC,0090,07,389125,351,524582,1,0,2026-06-18,PE3,,true
EC,0090,07,387647,351,524582,1,0,2026-06-18,PE3,,true
EC,0090,07,383081,351,524582,1,0,2026-06-18,PE3,,true
EC,0090,07,391778,351,524582,1,0,2026-06-18,PE3,,true
EC,0090,07,398350,351,524582,1,0,2026-06-18,PE3,,true
EC,0090,07,414332,351,524582,1,0,2026-06-18,PE3,,true
EC,0090,07,418040,351,524582,1,0,2026-06-18,PE3,,true
EC,0090,07,82880,351,524582,1,0,2026-06-18,PE3,,true
EC,0090,07,82654,351,524582,1,0,2026-06-18,PE3,,true
EC,0090,07,82653,351,524582,1,0,2026-06-18,PE3,,true
EC,0090,07,82650,351,524582,1,0,2026-06-18,PE3,,true
EC,0090,07,84497,351,524582,1,0,2026-06-18,PE3,,true
EC,0090,07,84493,351,524582,1,0,2026-06-18,PE3,,true
EC,0090,07,84457,351,524582,1,0,2026-06-18,PE3,,true
EC,0090,07,84444,351,524582,1,0,2026-06-18,PE3,,true
EC,0090,07,84663,351,524582,1,0,2026-06-18,PE3,,true
EC,0090,07,84648,351,524582,1,0,2026-06-18,PE3,,true
EC,0090,07,84573,351,524582,1,0,2026-06-18,PE3,,true
EC,0090,07,85612,351,524582,1,0,2026-06-18,PE3,,true
EC,0090,07,421253,351,524582,1,0,2026-06-18,PE3,,true
EC,0090,07,426070,351,524582,1,0,2026-06-18,PE3,,true
EC,0090,07,434673,351,524582,1,0,2026-06-18,PE3,,true
EC,0090,07,321050,351,524582,1,0,2026-06-18,PE3,,true
EC,0090,07,443226,351,524582,1,0,2026-06-18,PE3,,true
EC,0090,07,445910,351,524582,1,0,2026-06-18,PE3,,true
EC,0090,07,445093,351,524582,1,0,2026-06-18,PE3,,true
EC,0090,07,449834,351,524582,1,0,2026-06-18,PE3,,true
EC,0090,07,454188,351,524582,1,0,2026-06-18,PE3,,true
EC,0090,07,463223,351,524582,1,0,2026-06-18,PE3,,true
EC,0090,07,470211,351,524582,1,0,2026-06-18,PE3,,true
EC,0090,07,470216,351,524582,1,0,2026-06-18,PE3,,true
EC,0090,07,478514,351,524582,1,0,2026-06-18,PE3,,true
EC,0090,07,478313,351,524582,1,0,2026-06-18,PE3,,true
EC,0090,07,481578,351,524582,1,0,2026-06-18,PE3,,true
EC,0090,07,481437,351,524582,1,0,2026-06-18,PE3,,true
EC,0090,07,482345,351,524582,1,0,2026-06-18,PE3,,true
EC,0090,07,482845,351,524582,1,0,2026-06-18,PE3,,true
EC,0090,07,482589,351,524582,1,0,2026-06-18,PE3,,true
EC,0090,07,482474,351,524582,1,0,2026-06-18,PE3,,true
EC,0090,07,483726,351,524582,1,0,2026-06-18,PE3,,true
EC,0090,07,485616,351,524582,1,0,2026-06-18,PE3,,true
EC,0090,07,485478,351,524582,1,0,2026-06-18,PE3,,true
EC,0090,07,486635,351,524582,1,0,2026-06-18,PE3,,true
EC,0090,07,487009,351,524582,1,0,2026-06-18,PE3,,true
EC,0090,07,488525,351,524582,1,0,2026-06-18,PE3,,true
EC,0090,07,391905,360,524582,1,0,2026-06-18,PE3,,true
EC,0090,07,392190,360,524582,1,0,2026-06-18,PE3,,true
EC,0090,07,392134,360,524582,1,0,2026-06-18,PE3,,true
EC,0090,07,392127,360,524582,1,0,2026-06-18,PE3,,true
EC,0090,07,392119,360,524582,1,0,2026-06-18,PE3,,true
EC,0090,07,392118,360,524582,1,0,2026-06-18,PE3,,true
EC,0090,07,392073,360,524582,1,0,2026-06-18,PE3,,true
EC,0090,07,392046,360,524582,1,0,2026-06-18,PE3,,true
EC,0090,07,392366,360,524582,1,0,2026-06-18,PE3,,true
EC,0090,07,392349,360,524582,1,0,2026-06-18,PE3,,true
EC,0090,07,392287,360,524582,1,0,2026-06-18,PE3,,true
EC,0090,07,392270,360,524582,1,0,2026-06-18,PE3,,true
EC,0090,07,392259,360,524582,1,0,2026-06-18,PE3,,true
EC,0090,07,392194,360,524582,1,0,2026-06-18,PE3,,true
EC,0090,07,392491,360,524582,1,0,2026-06-18,PE3,,true
EC,0090,07,392450,360,524582,1,0,2026-06-18,PE3,,true
EC,0090,07,392377,360,524582,1,0,2026-06-18,PE3,,true
EC,0090,07,392770,360,524582,1,0,2026-06-18,PE3,,true
EC,0090,07,392699,360,524582,1,0,2026-06-18,PE3,,true
EC,0090,07,392619,360,524582,1,0,2026-06-18,PE3,,true
EC,0090,07,392893,360,524582,1,0,2026-06-18,PE3,,true
EC,0090,07,392822,360,524582,1,0,2026-06-18,PE3,,true
EC,0090,07,392793,360,524582,1,0,2026-06-18,PE3,,true
EC,0090,07,392776,360,524582,1,0,2026-06-18,PE3,,true
EC,0090,07,393028,360,524582,1,0,2026-06-18,PE3,,true
EC,0090,07,393235,360,524582,1,0,2026-06-18,PE3,,true
EC,0090,07,393194,360,524582,1,0,2026-06-18,PE3,,true
EC,0090,07,393174,360,524582,1,0,2026-06-18,PE3,,true
EC,0090,07,393164,360,524582,1,0,2026-06-18,PE3,,true
EC,0090,07,393160,360,524582,1,0,2026-06-18,PE3,,true
EC,0090,07,393159,360,524582,1,0,2026-06-18,PE3,,true
EC,0090,07,393445,360,524582,1,0,2026-06-18,PE3,,true
EC,0090,07,393376,360,524582,1,0,2026-06-18,PE3,,true
EC,0090,07,393302,360,524582,1,0,2026-06-18,PE3,,true
EC,0090,07,393559,360,524582,1,0,2026-06-18,PE3,,true
EC,0090,07,393521,360,524582,1,0,2026-06-18,PE3,,true
EC,0090,07,393486,360,524582,1,0,2026-06-18,PE3,,true
EC,0090,07,393471,360,524582,1,0,2026-06-18,PE3,,true
EC,0090,07,393448,360,524582,1,0,2026-06-18,PE3,,true
EC,0090,07,399406,360,524582,1,0,2026-06-18,PE3,,true
EC,0090,07,412989,360,524582,1,0,2026-06-18,PE3,,true
EC,0090,07,416630,360,524582,1,0,2026-06-18,PE3,,true
EC,0090,07,416375,360,524582,1,0,2026-06-18,PE3,,true
EC,0090,07,416365,360,524582,1,0,2026-06-18,PE3,,true
EC,0090,07,415474,360,524582,1,0,2026-06-18,PE3,,true
EC,0090,07,415072,360,524582,1,0,2026-06-18,PE3,,true
EC,0090,07,417174,360,524582,1,0,2026-06-18,PE3,,true
EC,0090,07,421112,360,524582,1,0,2026-06-18,PE3,,true
EC,0090,07,421836,360,524582,1,0,2026-06-18,PE3,,true
EC,0090,07,426776,360,524582,1,0,2026-06-18,PE3,,true
EC,0090,07,426353,360,524582,1,0,2026-06-18,PE3,,true
EC,0090,07,430079,360,524582,1,0,2026-06-18,PE3,,true
EC,0090,07,440627,360,524582,1,0,2026-06-18,PE3,,true
EC,0090,07,440478,360,524582,1,0,2026-06-18,PE3,,true
EC,0090,07,447564,360,524582,1,0,2026-06-18,PE3,,true
EC,0090,07,448464,360,524582,1,0,2026-06-18,PE3,,true
EC,0090,07,453610,360,524582,1,0,2026-06-18,PE3,,true
EC,0090,07,454618,360,524582,1,0,2026-06-18,PE3,,true
EC,0090,07,454245,360,524582,1,0,2026-06-18,PE3,,true
EC,0090,07,457101,360,524582,1,0,2026-06-18,PE3,,true
EC,0090,07,456871,360,524582,1,0,2026-06-18,PE3,,true
EC,0090,07,465989,360,524582,1,0,2026-06-18,PE3,,true
EC,0090,07,465481,360,524582,1,0,2026-06-18,PE3,,true
EC,0090,07,471819,360,524582,1,0,2026-06-18,PE3,,true
EC,0090,07,471820,360,524582,1,0,2026-06-18,PE3,,true
EC,0090,07,474173,360,524582,1,0,2026-06-18,PE3,,true
EC,0090,07,473646,360,524582,1,0,2026-06-18,PE3,,true
EC,0090,07,473002,360,524582,1,0,2026-06-18,PE3,,true
EC,0090,07,472649,360,524582,1,0,2026-06-18,PE3,,true
EC,0090,07,474802,360,524582,1,0,2026-06-18,PE3,,true
EC,0090,07,479528,360,524582,1,0,2026-06-18,PE3,,true
EC,0090,07,479456,360,524582,1,0,2026-06-18,PE3,,true
EC,0090,07,481504,360,524582,1,0,2026-06-18,PE3,,true
EC,0090,07,481447,360,524582,1,0,2026-06-18,PE3,,true
EC,0090,07,481419,360,524582,1,0,2026-06-18,PE3,,true
EC,0090,07,482344,360,524582,1,0,2026-06-18,PE3,,true
EC,0090,07,482602,360,524582,1,0,2026-06-18,PE3,,true
EC,0090,07,482452,360,524582,1,0,2026-06-18,PE3,,true
EC,0090,07,486079,360,524582,1,0,2026-06-18,PE3,,true
EC,0090,07,485486,360,524582,1,0,2026-06-18,PE3,,true
EC,0090,07,486978,360,524582,1,0,2026-06-18,PE3,,true
EC,0090,07,486942,360,524582,1,0,2026-06-18,PE3,,true
EC,0090,07,487716,360,524582,1,0,2026-06-18,PE3,,true
EC,0090,07,488714,360,524582,1,0,2026-06-18,PE3,,true
EC,0090,07,83118,364,524582,1,0,2026-06-18,PE3,,true
EC,0090,07,82940,364,524582,1,0,2026-06-18,PE3,,true
EC,0090,07,82780,364,524582,1,0,2026-06-18,PE3,,true
EC,0090,07,82726,364,524582,1,0,2026-06-18,PE3,,true
EC,0090,07,82688,364,524582,1,0,2026-06-18,PE3,,true
EC,0090,07,82676,364,524582,1,0,2026-06-18,PE3,,true
EC,0090,07,82607,364,524582,1,0,2026-06-18,PE3,,true
EC,0090,07,82594,364,524582,1,0,2026-06-18,PE3,,true
EC,0090,07,304681,364,524582,1,0,2026-06-18,PE3,,true
EC,0090,07,84304,364,524582,1,0,2026-06-18,PE3,,true
EC,0090,07,83525,364,524582,1,0,2026-06-18,PE3,,true
EC,0090,07,127487,364,524582,1,0,2026-06-18,PE3,,true
EC,0090,07,126745,364,524582,1,0,2026-06-18,PE3,,true
EC,0090,07,105467,364,524582,1,0,2026-06-18,PE3,,true
EC,0090,07,211280,364,524582,1,0,2026-06-18,PE3,,true
EC,0090,07,211190,364,524582,1,0,2026-06-18,PE3,,true
EC,0090,07,205724,364,524582,1,0,2026-06-18,PE3,,true
EC,0090,07,182371,364,524582,1,0,2026-06-18,PE3,,true
EC,0090,07,171401,364,524582,1,0,2026-06-18,PE3,,true
EC,0090,07,171382,364,524582,1,0,2026-06-18,PE3,,true
EC,0090,07,305132,364,524582,1,0,2026-06-18,PE3,,true
EC,0090,07,267311,364,524582,1,0,2026-06-18,PE3,,true
EC,0090,07,252332,364,524582,1,0,2026-06-18,PE3,,true
EC,0090,07,322282,364,524582,1,0,2026-06-18,PE3,,true
EC,0090,07,354092,364,524582,1,0,2026-06-18,PE3,,true
EC,0090,07,370766,364,524582,1,0,2026-06-18,PE3,,true
EC,0090,07,363867,364,524582,1,0,2026-06-18,PE3,,true
EC,0090,07,375634,364,524582,1,0,2026-06-18,PE3,,true
EC,0090,07,374758,364,524582,1,0,2026-06-18,PE3,,true
EC,0090,07,374116,364,524582,1,0,2026-06-18,PE3,,true
EC,0090,07,390196,364,524582,1,0,2026-06-18,PE3,,true
EC,0090,07,389950,364,524582,1,0,2026-06-18,PE3,,true
EC,0090,07,389680,364,524582,1,0,2026-06-18,PE3,,true
EC,0090,07,388992,364,524582,1,0,2026-06-18,PE3,,true
EC,0090,07,384759,364,524582,1,0,2026-06-18,PE3,,true
EC,0090,07,391198,364,524582,1,0,2026-06-18,PE3,,true
EC,0090,07,399348,364,524582,1,0,2026-06-18,PE3,,true
EC,0090,07,397737,364,524582,1,0,2026-06-18,PE3,,true
EC,0090,07,411774,364,524582,1,0,2026-06-18,PE3,,true
EC,0090,07,416047,364,524582,1,0,2026-06-18,PE3,,true
EC,0090,07,419104,364,524582,1,0,2026-06-18,PE3,,true
EC,0090,07,419103,364,524582,1,0,2026-06-18,PE3,,true
EC,0090,07,417170,364,524582,1,0,2026-06-18,PE3,,true
EC,0090,07,83112,364,524582,1,0,2026-06-18,PE3,,true
EC,0090,07,82286,364,524582,1,0,2026-06-18,PE3,,true
EC,0090,07,84302,364,524582,1,0,2026-06-18,PE3,,true
EC,0090,07,84301,364,524582,1,0,2026-06-18,PE3,,true
EC,0090,07,83565,364,524582,1,0,2026-06-18,PE3,,true
EC,0090,07,83549,364,524582,1,0,2026-06-18,PE3,,true
EC,0090,07,83545,364,524582,1,0,2026-06-18,PE3,,true
EC,0090,07,83540,364,524582,1,0,2026-06-18,PE3,,true
EC,0090,07,126308,364,524582,1,0,2026-06-18,PE3,,true
EC,0090,07,431581,364,524582,1,0,2026-06-18,PE3,,true
EC,0090,07,82725,364,524582,1,0,2026-06-18,PE3,,true
EC,0090,07,430308,364,524582,1,0,2026-06-18,PE3,,true
EC,0090,07,434423,364,524582,1,0,2026-06-18,PE3,,true
EC,0090,07,443392,364,524582,1,0,2026-06-18,PE3,,true
EC,0090,07,442637,364,524582,1,0,2026-06-18,PE3,,true
EC,0090,07,446899,364,524582,1,0,2026-06-18,PE3,,true
EC,0090,07,444962,364,524582,1,0,2026-06-18,PE3,,true
EC,0090,07,449547,364,524582,1,0,2026-06-18,PE3,,true
EC,0090,07,456244,364,524582,1,0,2026-06-18,PE3,,true
EC,0090,07,457816,364,524582,1,0,2026-06-18,PE3,,true
EC,0090,07,459273,364,524582,1,0,2026-06-18,PE3,,true
EC,0090,07,465778,364,524582,1,0,2026-06-18,PE3,,true
EC,0090,07,212422,364,524582,1,0,2026-06-18,PE3,,true
EC,0090,07,469065,364,524582,1,0,2026-06-18,PE3,,true
EC,0090,07,469066,364,524582,1,0,2026-06-18,PE3,,true
EC,0090,07,472255,364,524582,1,0,2026-06-18,PE3,,true
EC,0090,07,471452,364,524582,1,0,2026-06-18,PE3,,true
EC,0090,07,471453,364,524582,1,0,2026-06-18,PE3,,true
EC,0090,07,477287,364,524582,1,0,2026-06-18,PE3,,true
EC,0090,07,476291,364,524582,1,0,2026-06-18,PE3,,true
EC,0090,07,478669,364,524582,1,0,2026-06-18,PE3,,true
EC,0090,07,478494,364,524582,1,0,2026-06-18,PE3,,true
EC,0090,07,479896,364,524582,1,0,2026-06-18,PE3,,true
EC,0090,07,481844,364,524582,1,0,2026-06-18,PE3,,true
EC,0090,07,482350,364,524582,1,0,2026-06-18,PE3,,true
EC,0090,07,482237,364,524582,1,0,2026-06-18,PE3,,true
EC,0090,07,482090,364,524582,1,0,2026-06-18,PE3,,true
EC,0090,07,482473,364,524582,1,0,2026-06-18,PE3,,true
EC,0090,07,314400,366,524582,1,0,2026-06-18,PE3,,true
EC,0090,07,391971,366,524582,1,0,2026-06-18,PE3,,true
EC,0090,07,391958,366,524582,1,0,2026-06-18,PE3,,true
EC,0090,07,391927,366,524582,1,0,2026-06-18,PE3,,true
EC,0090,07,391926,366,524582,1,0,2026-06-18,PE3,,true
EC,0090,07,392192,366,524582,1,0,2026-06-18,PE3,,true
EC,0090,07,392172,366,524582,1,0,2026-06-18,PE3,,true
EC,0090,07,392105,366,524582,1,0,2026-06-18,PE3,,true
EC,0090,07,392347,366,524582,1,0,2026-06-18,PE3,,true
EC,0090,07,392334,366,524582,1,0,2026-06-18,PE3,,true
EC,0090,07,392333,366,524582,1,0,2026-06-18,PE3,,true
EC,0090,07,392306,366,524582,1,0,2026-06-18,PE3,,true
EC,0090,07,392269,366,524582,1,0,2026-06-18,PE3,,true
EC,0090,07,392268,366,524582,1,0,2026-06-18,PE3,,true
EC,0090,07,392267,366,524582,1,0,2026-06-18,PE3,,true
EC,0090,07,392233,366,524582,1,0,2026-06-18,PE3,,true
EC,0090,07,392230,366,524582,1,0,2026-06-18,PE3,,true
EC,0090,07,392566,366,524582,1,0,2026-06-18,PE3,,true
EC,0090,07,392404,366,524582,1,0,2026-06-18,PE3,,true
EC,0090,07,392392,366,524582,1,0,2026-06-18,PE3,,true
EC,0090,07,392656,366,524582,1,0,2026-06-18,PE3,,true
EC,0090,07,392641,366,524582,1,0,2026-06-18,PE3,,true
EC,0090,07,392639,366,524582,1,0,2026-06-18,PE3,,true
EC,0090,07,392923,366,524582,1,0,2026-06-18,PE3,,true
EC,0090,07,392881,366,524582,1,0,2026-06-18,PE3,,true
EC,0090,07,392826,366,524582,1,0,2026-06-18,PE3,,true
EC,0090,07,393100,366,524582,1,0,2026-06-18,PE3,,true
EC,0090,07,393095,366,524582,1,0,2026-06-18,PE3,,true
EC,0090,07,393080,366,524582,1,0,2026-06-18,PE3,,true
EC,0090,07,393032,366,524582,1,0,2026-06-18,PE3,,true
EC,0090,07,393030,366,524582,1,0,2026-06-18,PE3,,true
EC,0090,07,393027,366,524582,1,0,2026-06-18,PE3,,true
EC,0090,07,393024,366,524582,1,0,2026-06-18,PE3,,true
EC,0090,07,392972,366,524582,1,0,2026-06-18,PE3,,true
EC,0090,07,393264,366,524582,1,0,2026-06-18,PE3,,true
EC,0090,07,393236,366,524582,1,0,2026-06-18,PE3,,true
EC,0090,07,393217,366,524582,1,0,2026-06-18,PE3,,true
EC,0090,07,393176,366,524582,1,0,2026-06-18,PE3,,true
EC,0090,07,393152,366,524582,1,0,2026-06-18,PE3,,true
EC,0090,07,393151,366,524582,1,0,2026-06-18,PE3,,true
EC,0090,07,393150,366,524582,1,0,2026-06-18,PE3,,true
EC,0090,07,393143,366,524582,1,0,2026-06-18,PE3,,true
EC,0090,07,393361,366,524582,1,0,2026-06-18,PE3,,true
EC,0090,07,393354,366,524582,1,0,2026-06-18,PE3,,true
EC,0090,07,393353,366,524582,1,0,2026-06-18,PE3,,true
EC,0090,07,393327,366,524582,1,0,2026-06-18,PE3,,true
EC,0090,07,393983,366,524582,1,0,2026-06-18,PE3,,true
EC,0090,07,393515,366,524582,1,0,2026-06-18,PE3,,true
EC,0090,07,395155,366,524582,1,0,2026-06-18,PE3,,true
EC,0090,07,406781,366,524582,1,0,2026-06-18,PE3,,true
EC,0090,07,406779,366,524582,1,0,2026-06-18,PE3,,true
EC,0090,07,406694,366,524582,1,0,2026-06-18,PE3,,true
EC,0090,07,406556,366,524582,1,0,2026-06-18,PE3,,true
EC,0090,07,400260,366,524582,1,0,2026-06-18,PE3,,true
EC,0090,07,400163,366,524582,1,0,2026-06-18,PE3,,true
EC,0090,07,415398,366,524582,1,0,2026-06-18,PE3,,true
EC,0090,07,414854,366,524582,1,0,2026-06-18,PE3,,true
EC,0090,07,414851,366,524582,1,0,2026-06-18,PE3,,true
EC,0090,07,414695,366,524582,1,0,2026-06-18,PE3,,true
EC,0090,07,419252,366,524582,1,0,2026-06-18,PE3,,true
EC,0090,07,418708,366,524582,1,0,2026-06-18,PE3,,true
EC,0090,07,419478,366,524582,1,0,2026-06-18,PE3,,true
EC,0090,07,421579,366,524582,1,0,2026-06-18,PE3,,true
EC,0090,07,428754,366,524582,1,0,2026-06-18,PE3,,true
EC,0090,07,424495,366,524582,1,0,2026-06-18,PE3,,true
EC,0090,07,433999,366,524582,1,0,2026-06-18,PE3,,true
EC,0090,07,439851,366,524582,1,0,2026-06-18,PE3,,true
EC,0090,07,439654,366,524582,1,0,2026-06-18,PE3,,true
EC,0090,07,439185,366,524582,1,0,2026-06-18,PE3,,true
EC,0090,07,441139,366,524582,1,0,2026-06-18,PE3,,true
EC,0090,07,441135,366,524582,1,0,2026-06-18,PE3,,true
EC,0090,07,441131,366,524582,1,0,2026-06-18,PE3,,true
EC,0090,07,441428,366,524582,1,0,2026-06-18,PE3,,true
EC,0090,07,446164,366,524582,1,0,2026-06-18,PE3,,true
EC,0090,07,453611,366,524582,1,0,2026-06-18,PE3,,true
EC,0090,07,457820,366,524582,1,0,2026-06-18,PE3,,true
EC,0090,07,456885,366,524582,1,0,2026-06-18,PE3,,true
EC,0090,07,458172,366,524582,1,0,2026-06-18,PE3,,true
EC,0090,07,465680,366,524582,1,0,2026-06-18,PE3,,true
EC,0090,07,467593,366,524582,1,0,2026-06-18,PE3,,true
EC,0090,07,468993,366,524582,1,0,2026-06-18,PE3,,true
EC,0090,07,472475,366,524582,1,0,2026-06-18,PE3,,true
EC,0090,07,473572,366,524582,1,0,2026-06-18,PE3,,true
EC,0090,07,472987,366,524582,1,0,2026-06-18,PE3,,true
EC,0090,07,472850,366,524582,1,0,2026-06-18,PE3,,true
EC,0090,07,472565,366,524582,1,0,2026-06-18,PE3,,true
EC,0090,07,475010,366,524582,1,0,2026-06-18,PE3,,true
EC,0090,07,479048,366,524582,1,0,2026-06-18,PE3,,true
EC,0090,07,478417,366,524582,1,0,2026-06-18,PE3,,true
EC,0090,07,480102,366,524582,1,0,2026-06-18,PE3,,true
EC,0090,07,479737,366,524582,1,0,2026-06-18,PE3,,true
EC,0090,07,482263,366,524582,1,0,2026-06-18,PE3,,true
EC,0090,07,482393,366,524582,1,0,2026-06-18,PE3,,true
EC,0090,07,484940,366,524582,1,0,2026-06-18,PE3,,true
EC,0090,07,487657,366,524582,1,0,2026-06-18,PE3,,true
EC,0090,07,487597,366,524582,1,0,2026-06-18,PE3,,true
EC,0090,07,487030,366,524582,1,0,2026-06-18,PE3,,true
EC,0090,07,392045,368,524582,1,0,2026-06-18,PE3,,true
EC,0090,07,392202,368,524582,1,0,2026-06-18,PE3,,true
EC,0090,07,392559,368,524582,1,0,2026-06-18,PE3,,true
EC,0090,07,392623,368,524582,1,0,2026-06-18,PE3,,true
EC,0090,07,392845,368,524582,1,0,2026-06-18,PE3,,true
EC,0090,07,393114,368,524582,1,0,2026-06-18,PE3,,true
EC,0090,07,393060,368,524582,1,0,2026-06-18,PE3,,true
EC,0090,07,392978,368,524582,1,0,2026-06-18,PE3,,true
EC,0090,07,393214,368,524582,1,0,2026-06-18,PE3,,true
EC,0090,07,393125,368,524582,1,0,2026-06-18,PE3,,true
EC,0090,07,394137,368,524582,1,0,2026-06-18,PE3,,true
EC,0090,07,393561,368,524582,1,0,2026-06-18,PE3,,true
EC,0090,07,399868,368,524582,1,0,2026-06-18,PE3,,true
EC,0090,07,398962,368,524582,1,0,2026-06-18,PE3,,true
EC,0090,07,394436,368,524582,1,0,2026-06-18,PE3,,true
EC,0090,07,394431,368,524582,1,0,2026-06-18,PE3,,true
EC,0090,07,400040,368,524582,1,0,2026-06-18,PE3,,true
EC,0090,07,414689,368,524582,1,0,2026-06-18,PE3,,true
EC,0090,07,414577,368,524582,1,0,2026-06-18,PE3,,true
EC,0090,07,414446,368,524582,1,0,2026-06-18,PE3,,true
EC,0090,07,413561,368,524582,1,0,2026-06-18,PE3,,true
EC,0090,07,413113,368,524582,1,0,2026-06-18,PE3,,true
EC,0090,07,414797,368,524582,1,0,2026-06-18,PE3,,true
EC,0090,07,419112,368,524582,1,0,2026-06-18,PE3,,true
EC,0090,07,422465,368,524582,1,0,2026-06-18,PE3,,true
EC,0090,07,421618,368,524582,1,0,2026-06-18,PE3,,true
EC,0090,07,425699,368,524582,1,0,2026-06-18,PE3,,true
EC,0090,07,431485,368,524582,1,0,2026-06-18,PE3,,true
EC,0090,07,434463,368,524582,1,0,2026-06-18,PE3,,true
EC,0090,07,441111,368,524582,1,0,2026-06-18,PE3,,true
EC,0090,07,441110,368,524582,1,0,2026-06-18,PE3,,true
EC,0090,07,441108,368,524582,1,0,2026-06-18,PE3,,true
EC,0090,07,441105,368,524582,1,0,2026-06-18,PE3,,true
EC,0090,07,441104,368,524582,1,0,2026-06-18,PE3,,true
EC,0090,07,441103,368,524582,1,0,2026-06-18,PE3,,true
EC,0090,07,441072,368,524582,1,0,2026-06-18,PE3,,true
EC,0090,07,441065,368,524582,1,0,2026-06-18,PE3,,true
EC,0090,07,441063,368,524582,1,0,2026-06-18,PE3,,true
EC,0090,07,441062,368,524582,1,0,2026-06-18,PE3,,true
EC,0090,07,441061,368,524582,1,0,2026-06-18,PE3,,true
EC,0090,07,441059,368,524582,1,0,2026-06-18,PE3,,true
EC,0090,07,441058,368,524582,1,0,2026-06-18,PE3,,true
EC,0090,07,441052,368,524582,1,0,2026-06-18,PE3,,true
EC,0090,07,441141,368,524582,1,0,2026-06-18,PE3,,true
EC,0090,07,441127,368,524582,1,0,2026-06-18,PE3,,true
EC,0090,07,441426,368,524582,1,0,2026-06-18,PE3,,true
EC,0090,07,441425,368,524582,1,0,2026-06-18,PE3,,true
EC,0090,07,441424,368,524582,1,0,2026-06-18,PE3,,true
EC,0090,07,441418,368,524582,1,0,2026-06-18,PE3,,true
EC,0090,07,441417,368,524582,1,0,2026-06-18,PE3,,true
EC,0090,07,441412,368,524582,1,0,2026-06-18,PE3,,true
EC,0090,07,441404,368,524582,1,0,2026-06-18,PE3,,true
EC,0090,07,441402,368,524582,1,0,2026-06-18,PE3,,true
EC,0090,07,441401,368,524582,1,0,2026-06-18,PE3,,true
EC,0090,07,441399,368,524582,1,0,2026-06-18,PE3,,true
EC,0090,07,441398,368,524582,1,0,2026-06-18,PE3,,true
EC,0090,07,441392,368,524582,1,0,2026-06-18,PE3,,true
EC,0090,07,441378,368,524582,1,0,2026-06-18,PE3,,true
EC,0090,07,441676,368,524582,1,0,2026-06-18,PE3,,true
EC,0090,07,441668,368,524582,1,0,2026-06-18,PE3,,true
EC,0090,07,441667,368,524582,1,0,2026-06-18,PE3,,true
EC,0090,07,441666,368,524582,1,0,2026-06-18,PE3,,true
EC,0090,07,441657,368,524582,1,0,2026-06-18,PE3,,true
EC,0090,07,441655,368,524582,1,0,2026-06-18,PE3,,true
EC,0090,07,441654,368,524582,1,0,2026-06-18,PE3,,true
EC,0090,07,441653,368,524582,1,0,2026-06-18,PE3,,true
EC,0090,07,441652,368,524582,1,0,2026-06-18,PE3,,true
EC,0090,07,441651,368,524582,1,0,2026-06-18,PE3,,true
EC,0090,07,441649,368,524582,1,0,2026-06-18,PE3,,true
EC,0090,07,445313,368,524582,1,0,2026-06-18,PE3,,true
EC,0090,07,445274,368,524582,1,0,2026-06-18,PE3,,true
EC,0090,07,453212,368,524582,1,0,2026-06-18,PE3,,true
EC,0090,07,459230,368,524582,1,0,2026-06-18,PE3,,true
EC,0090,07,458797,368,524582,1,0,2026-06-18,PE3,,true
EC,0090,07,468376,368,524582,1,0,2026-06-18,PE3,,true
EC,0090,07,467177,368,524582,1,0,2026-06-18,PE3,,true
EC,0090,07,469440,368,524582,1,0,2026-06-18,PE3,,true
EC,0090,07,469416,368,524582,1,0,2026-06-18,PE3,,true
EC,0090,07,472020,368,524582,1,0,2026-06-18,PE3,,true
EC,0090,07,472019,368,524582,1,0,2026-06-18,PE3,,true
EC,0090,07,475731,368,524582,1,0,2026-06-18,PE3,,true
EC,0090,07,475674,368,524582,1,0,2026-06-18,PE3,,true
EC,0090,07,475261,368,524582,1,0,2026-06-18,PE3,,true
EC,0090,07,480219,368,524582,1,0,2026-06-18,PE3,,true
EC,0090,07,481915,368,524582,1,0,2026-06-18,PE3,,true
EC,0090,07,481521,368,524582,1,0,2026-06-18,PE3,,true
EC,0090,07,481463,368,524582,1,0,2026-06-18,PE3,,true
EC,0090,07,482295,368,524582,1,0,2026-06-18,PE3,,true
EC,0090,07,481916,368,524582,1,0,2026-06-18,PE3,,true
EC,0090,07,482807,368,524582,1,0,2026-06-18,PE3,,true
EC,0090,07,482629,368,524582,1,0,2026-06-18,PE3,,true
EC,0090,07,482553,368,524582,1,0,2026-06-18,PE3,,true
EC,0090,07,482449,368,524582,1,0,2026-06-18,PE3,,true
EC,0090,07,484230,368,524582,1,0,2026-06-18,PE3,,true
EC,0090,07,483768,368,524582,1,0,2026-06-18,PE3,,true
EC,0090,07,483450,368,524582,1,0,2026-06-18,PE3,,true
EC,0090,07,483013,368,524582,1,0,2026-06-18,PE3,,true
EC,0090,07,485868,368,524582,1,0,2026-06-18,PE3,,true
EC,0090,07,485443,368,524582,1,0,2026-06-18,PE3,,true
EC,0090,07,485375,368,524582,1,0,2026-06-18,PE3,,true
EC,0090,07,486491,368,524582,1,0,2026-06-18,PE3,,true
EC,0090,07,441256,370,524582,1,0,2026-06-18,PE3,,true
EC,0090,07,441253,370,524582,1,0,2026-06-18,PE3,,true
EC,0090,07,441252,370,524582,1,0,2026-06-18,PE3,,true
EC,0090,07,441246,370,524582,1,0,2026-06-18,PE3,,true
EC,0090,07,441245,370,524582,1,0,2026-06-18,PE3,,true
EC,0090,07,441244,370,524582,1,0,2026-06-18,PE3,,true
EC,0090,07,441242,370,524582,1,0,2026-06-18,PE3,,true
EC,0090,07,441240,370,524582,1,0,2026-06-18,PE3,,true
EC,0090,07,441239,370,524582,1,0,2026-06-18,PE3,,true
EC,0090,07,441238,370,524582,1,0,2026-06-18,PE3,,true
EC,0090,07,441237,370,524582,1,0,2026-06-18,PE3,,true
EC,0090,07,441236,370,524582,1,0,2026-06-18,PE3,,true
EC,0090,07,441234,370,524582,1,0,2026-06-18,PE3,,true
EC,0090,07,441232,370,524582,1,0,2026-06-18,PE3,,true
EC,0090,07,441231,370,524582,1,0,2026-06-18,PE3,,true
EC,0090,07,441229,370,524582,1,0,2026-06-18,PE3,,true
EC,0090,07,441226,370,524582,1,0,2026-06-18,PE3,,true
EC,0090,07,441225,370,524582,1,0,2026-06-18,PE3,,true
EC,0090,07,441224,370,524582,1,0,2026-06-18,PE3,,true
EC,0090,07,441266,370,524582,1,0,2026-06-18,PE3,,true
EC,0090,07,441260,370,524582,1,0,2026-06-18,PE3,,true
EC,0090,07,441537,370,524582,1,0,2026-06-18,PE3,,true
EC,0090,07,441784,370,524582,1,0,2026-06-18,PE3,,true
EC,0090,07,441783,370,524582,1,0,2026-06-18,PE3,,true
EC,0090,07,441780,370,524582,1,0,2026-06-18,PE3,,true
EC,0090,07,441778,370,524582,1,0,2026-06-18,PE3,,true
EC,0090,07,441776,370,524582,1,0,2026-06-18,PE3,,true
EC,0090,07,441773,370,524582,1,0,2026-06-18,PE3,,true
EC,0090,07,441772,370,524582,1,0,2026-06-18,PE3,,true
EC,0090,07,441771,370,524582,1,0,2026-06-18,PE3,,true
EC,0090,07,441770,370,524582,1,0,2026-06-18,PE3,,true
EC,0090,07,441769,370,524582,1,0,2026-06-18,PE3,,true
EC,0090,07,441763,370,524582,1,0,2026-06-18,PE3,,true
EC,0090,07,441761,370,524582,1,0,2026-06-18,PE3,,true
EC,0090,07,441760,370,524582,1,0,2026-06-18,PE3,,true
EC,0090,07,441759,370,524582,1,0,2026-06-18,PE3,,true
EC,0090,07,441755,370,524582,1,0,2026-06-18,PE3,,true
EC,0090,07,441754,370,524582,1,0,2026-06-18,PE3,,true
EC,0090,07,441753,370,524582,1,0,2026-06-18,PE3,,true
EC,0090,07,441752,370,524582,1,0,2026-06-18,PE3,,true
EC,0090,07,441751,370,524582,1,0,2026-06-18,PE3,,true
EC,0090,07,443458,370,524582,1,0,2026-06-18,PE3,,true
EC,0090,07,444763,370,524582,1,0,2026-06-18,PE3,,true
EC,0090,07,444692,370,524582,1,0,2026-06-18,PE3,,true
EC,0090,07,269827,370,524582,1,0,2026-06-18,PE3,,true
EC,0090,07,444690,370,524582,1,0,2026-06-18,PE3,,true
EC,0090,07,446898,370,524582,1,0,2026-06-18,PE3,,true
EC,0090,07,446817,370,524582,1,0,2026-06-18,PE3,,true
EC,0090,07,449170,370,524582,1,0,2026-06-18,PE3,,true
EC,0090,07,453550,370,524582,1,0,2026-06-18,PE3,,true
EC,0090,07,458457,370,524582,1,0,2026-06-18,PE3,,true
EC,0090,07,456635,370,524582,1,0,2026-06-18,PE3,,true
EC,0090,07,463028,370,524582,1,0,2026-06-18,PE3,,true
EC,0090,07,466303,370,524582,1,0,2026-06-18,PE3,,true
EC,0090,07,466305,370,524582,1,0,2026-06-18,PE3,,true
EC,0090,07,466127,370,524582,1,0,2026-06-18,PE3,,true
EC,0090,07,466126,370,524582,1,0,2026-06-18,PE3,,true
EC,0090,07,465947,370,524582,1,0,2026-06-18,PE3,,true
EC,0090,07,463912,370,524582,1,0,2026-06-18,PE3,,true
EC,0090,07,468024,370,524582,1,0,2026-06-18,PE3,,true
EC,0090,07,466359,370,524582,1,0,2026-06-18,PE3,,true
EC,0090,07,470401,370,524582,1,0,2026-06-18,PE3,,true
EC,0090,07,469265,370,524582,1,0,2026-06-18,PE3,,true
EC,0090,07,471361,370,524582,1,0,2026-06-18,PE3,,true
EC,0090,07,473222,370,524582,1,0,2026-06-18,PE3,,true
EC,0090,07,473810,370,524582,1,0,2026-06-18,PE3,,true
EC,0090,07,473798,370,524582,1,0,2026-06-18,PE3,,true
EC,0090,07,474465,370,524582,1,0,2026-06-18,PE3,,true
EC,0090,07,478068,370,524582,1,0,2026-06-18,PE3,,true
EC,0090,07,478051,370,524582,1,0,2026-06-18,PE3,,true
EC,0090,07,480671,370,524582,1,0,2026-06-18,PE3,,true
EC,0090,07,480663,370,524582,1,0,2026-06-18,PE3,,true
EC,0090,07,480512,370,524582,1,0,2026-06-18,PE3,,true
EC,0090,07,480436,370,524582,1,0,2026-06-18,PE3,,true
EC,0090,07,480089,370,524582,1,0,2026-06-18,PE3,,true
EC,0090,07,479790,370,524582,1,0,2026-06-18,PE3,,true
EC,0090,07,479373,370,524582,1,0,2026-06-18,PE3,,true
EC,0090,07,481772,370,524582,1,0,2026-06-18,PE3,,true
EC,0090,07,481128,370,524582,1,0,2026-06-18,PE3,,true
EC,0090,07,482290,370,524582,1,0,2026-06-18,PE3,,true
EC,0090,07,482689,370,524582,1,0,2026-06-18,PE3,,true
EC,0090,07,483249,370,524582,1,0,2026-06-18,PE3,,true
EC,0090,07,486110,370,524582,1,0,2026-06-18,PE3,,true
EC,0090,07,486092,370,524582,1,0,2026-06-18,PE3,,true
EC,0090,07,486090,370,524582,1,0,2026-06-18,PE3,,true
EC,0090,07,486948,370,524582,1,0,2026-06-18,PE3,,true
EC,0090,07,486949,370,524582,1,0,2026-06-18,PE3,,true
EC,0090,07,486735,370,524582,1,0,2026-06-18,PE3,,true
EC,0090,07,486541,370,524582,1,0,2026-06-18,PE3,,true
EC,0090,07,486537,370,524582,1,0,2026-06-18,PE3,,true
EC,0090,07,486476,370,524582,1,0,2026-06-18,PE3,,true
EC,0090,07,486478,370,524582,1,0,2026-06-18,PE3,,true
EC,0090,07,486345,370,524582,1,0,2026-06-18,PE3,,true
EC,0090,07,486276,370,524582,1,0,2026-06-18,PE3,,true
EC,0090,07,486275,370,524582,1,0,2026-06-18,PE3,,true
EC,0090,07,486200,370,524582,1,0,2026-06-18,PE3,,true
EC,0090,07,486190,370,524582,1,0,2026-06-18,PE3,,true
EC,0090,07,486129,370,524582,1,0,2026-06-18,PE3,,true
EC,0090,07,486117,370,524582,1,0,2026-06-18,PE3,,true
EC,0090,07,487878,370,524582,1,0,2026-06-18,PE3,,true
EC,0090,07,487484,370,524582,1,0,2026-06-18,PE3,,true
EC,0090,07,488249,370,524582,1,0,2026-06-18,PE3,,true
EC,0090,07,391921,371,524582,1,0,2026-06-18,PE3,,true
EC,0090,07,391906,371,524582,1,0,2026-06-18,PE3,,true
EC,0090,07,392092,371,524582,1,0,2026-06-18,PE3,,true
EC,0090,07,392354,371,524582,1,0,2026-06-18,PE3,,true
EC,0090,07,392344,371,524582,1,0,2026-06-18,PE3,,true
EC,0090,07,392235,371,524582,1,0,2026-06-18,PE3,,true
EC,0090,07,392213,371,524582,1,0,2026-06-18,PE3,,true
EC,0090,07,392576,371,524582,1,0,2026-06-18,PE3,,true
EC,0090,07,392732,371,524582,1,0,2026-06-18,PE3,,true
EC,0090,07,392955,371,524582,1,0,2026-06-18,PE3,,true
EC,0090,07,392823,371,524582,1,0,2026-06-18,PE3,,true
EC,0090,07,393234,371,524582,1,0,2026-06-18,PE3,,true
EC,0090,07,393203,371,524582,1,0,2026-06-18,PE3,,true
EC,0090,07,393195,371,524582,1,0,2026-06-18,PE3,,true
EC,0090,07,393116,371,524582,1,0,2026-06-18,PE3,,true
EC,0090,07,393374,371,524582,1,0,2026-06-18,PE3,,true
EC,0090,07,393333,371,524582,1,0,2026-06-18,PE3,,true
EC,0090,07,393310,371,524582,1,0,2026-06-18,PE3,,true
EC,0090,07,393284,371,524582,1,0,2026-06-18,PE3,,true
EC,0090,07,393519,371,524582,1,0,2026-06-18,PE3,,true
EC,0090,07,393513,371,524582,1,0,2026-06-18,PE3,,true
EC,0090,07,393493,371,524582,1,0,2026-06-18,PE3,,true
EC,0090,07,399867,371,524582,1,0,2026-06-18,PE3,,true
EC,0090,07,399769,371,524582,1,0,2026-06-18,PE3,,true
EC,0090,07,397965,371,524582,1,0,2026-06-18,PE3,,true
EC,0090,07,394844,371,524582,1,0,2026-06-18,PE3,,true
EC,0090,07,414579,371,524582,1,0,2026-06-18,PE3,,true
EC,0090,07,416172,371,524582,1,0,2026-06-18,PE3,,true
EC,0090,07,414986,371,524582,1,0,2026-06-18,PE3,,true
EC,0090,07,414785,371,524582,1,0,2026-06-18,PE3,,true
EC,0090,07,418920,371,524582,1,0,2026-06-18,PE3,,true
EC,0090,07,417171,371,524582,1,0,2026-06-18,PE3,,true
EC,0090,07,421851,371,524582,1,0,2026-06-18,PE3,,true
EC,0090,07,426284,371,524582,1,0,2026-06-18,PE3,,true
EC,0090,07,425930,371,524582,1,0,2026-06-18,PE3,,true
EC,0090,07,424110,371,524582,1,0,2026-06-18,PE3,,true
EC,0090,07,432812,371,524582,1,0,2026-06-18,PE3,,true
EC,0090,07,437235,371,524582,1,0,2026-06-18,PE3,,true
EC,0090,07,441074,371,524582,1,0,2026-06-18,PE3,,true
EC,0090,07,441071,371,524582,1,0,2026-06-18,PE3,,true
EC,0090,07,438849,371,524582,1,0,2026-06-18,PE3,,true
EC,0090,07,441121,371,524582,1,0,2026-06-18,PE3,,true
EC,0090,07,441120,371,524582,1,0,2026-06-18,PE3,,true
EC,0090,07,441116,371,524582,1,0,2026-06-18,PE3,,true
EC,0090,07,441415,371,524582,1,0,2026-06-18,PE3,,true
EC,0090,07,441410,371,524582,1,0,2026-06-18,PE3,,true
EC,0090,07,441408,371,524582,1,0,2026-06-18,PE3,,true
EC,0090,07,441397,371,524582,1,0,2026-06-18,PE3,,true
EC,0090,07,441393,371,524582,1,0,2026-06-18,PE3,,true
EC,0090,07,441390,371,524582,1,0,2026-06-18,PE3,,true
EC,0090,07,441388,371,524582,1,0,2026-06-18,PE3,,true
EC,0090,07,441387,371,524582,1,0,2026-06-18,PE3,,true
EC,0090,07,441386,371,524582,1,0,2026-06-18,PE3,,true
EC,0090,07,441384,371,524582,1,0,2026-06-18,PE3,,true
EC,0090,07,441677,371,524582,1,0,2026-06-18,PE3,,true
EC,0090,07,441675,371,524582,1,0,2026-06-18,PE3,,true
EC,0090,07,441671,371,524582,1,0,2026-06-18,PE3,,true
EC,0090,07,444194,371,524582,1,0,2026-06-18,PE3,,true
EC,0090,07,443862,371,524582,1,0,2026-06-18,PE3,,true
EC,0090,07,448808,371,524582,1,0,2026-06-18,PE3,,true
EC,0090,07,449720,371,524582,1,0,2026-06-18,PE3,,true
EC,0090,07,454076,371,524582,1,0,2026-06-18,PE3,,true
EC,0090,07,455553,371,524582,1,0,2026-06-18,PE3,,true
EC,0090,07,454589,371,524582,1,0,2026-06-18,PE3,,true
EC,0090,07,454588,371,524582,1,0,2026-06-18,PE3,,true
EC,0090,07,454552,371,524582,1,0,2026-06-18,PE3,,true
EC,0090,07,454380,371,524582,1,0,2026-06-18,PE3,,true
EC,0090,07,456718,371,524582,1,0,2026-06-18,PE3,,true
EC,0090,07,458960,371,524582,1,0,2026-06-18,PE3,,true
EC,0090,07,465114,371,524582,1,0,2026-06-18,PE3,,true
EC,0090,07,469189,371,524582,1,0,2026-06-18,PE3,,true
EC,0090,07,468792,371,524582,1,0,2026-06-18,PE3,,true
EC,0090,07,471564,371,524582,1,0,2026-06-18,PE3,,true
EC,0090,07,471566,371,524582,1,0,2026-06-18,PE3,,true
EC,0090,07,473929,371,524582,1,0,2026-06-18,PE3,,true
EC,0090,07,473118,371,524582,1,0,2026-06-18,PE3,,true
EC,0090,07,473052,371,524582,1,0,2026-06-18,PE3,,true
EC,0090,07,474979,371,524582,1,0,2026-06-18,PE3,,true
EC,0090,07,474982,371,524582,1,0,2026-06-18,PE3,,true
EC,0090,07,474809,371,524582,1,0,2026-06-18,PE3,,true
EC,0090,07,474702,371,524582,1,0,2026-06-18,PE3,,true
EC,0090,07,477562,371,524582,1,0,2026-06-18,PE3,,true
EC,0090,07,477494,371,524582,1,0,2026-06-18,PE3,,true
EC,0090,07,477484,371,524582,1,0,2026-06-18,PE3,,true
EC,0090,07,482280,371,524582,1,0,2026-06-18,PE3,,true
EC,0090,07,482103,371,524582,1,0,2026-06-18,PE3,,true
EC,0090,07,323925,371,524582,1,0,2026-06-18,PE3,,true
EC,0090,07,482879,371,524582,1,0,2026-06-18,PE3,,true
EC,0090,07,483398,371,524582,1,0,2026-06-18,PE3,,true
EC,0090,07,485628,371,524582,1,0,2026-06-18,PE3,,true
EC,0090,07,486489,371,524582,1,0,2026-06-18,PE3,,true
EC,0090,07,486473,371,524582,1,0,2026-06-18,PE3,,true
EC,0090,07,486191,371,524582,1,0,2026-06-18,PE3,,true
EC,0090,07,487070,371,524582,1,0,2026-06-18,PE3,,true
EC,0090,07,489008,371,524582,1,0,2026-06-18,PE3,,true
EC,0090,07,488781,371,524582,1,0,2026-06-18,PE3,,true
EC,0090,07,441235,376,524582,1,0,2026-06-18,PE3,,true
EC,0090,07,441314,376,524582,1,0,2026-06-18,PE3,,true
EC,0090,07,441310,376,524582,1,0,2026-06-18,PE3,,true
EC,0090,07,441309,376,524582,1,0,2026-06-18,PE3,,true
EC,0090,07,441307,376,524582,1,0,2026-06-18,PE3,,true
EC,0090,07,441305,376,524582,1,0,2026-06-18,PE3,,true
EC,0090,07,441303,376,524582,1,0,2026-06-18,PE3,,true
EC,0090,07,441300,376,524582,1,0,2026-06-18,PE3,,true
EC,0090,07,441299,376,524582,1,0,2026-06-18,PE3,,true
EC,0090,07,441297,376,524582,1,0,2026-06-18,PE3,,true
EC,0090,07,441293,376,524582,1,0,2026-06-18,PE3,,true
EC,0090,07,441289,376,524582,1,0,2026-06-18,PE3,,true
EC,0090,07,441284,376,524582,1,0,2026-06-18,PE3,,true
EC,0090,07,441279,376,524582,1,0,2026-06-18,PE3,,true
EC,0090,07,441277,376,524582,1,0,2026-06-18,PE3,,true
EC,0090,07,441276,376,524582,1,0,2026-06-18,PE3,,true
EC,0090,07,441275,376,524582,1,0,2026-06-18,PE3,,true
EC,0090,07,441272,376,524582,1,0,2026-06-18,PE3,,true
EC,0090,07,441270,376,524582,1,0,2026-06-18,PE3,,true
EC,0090,07,441269,376,524582,1,0,2026-06-18,PE3,,true
EC,0090,07,441265,376,524582,1,0,2026-06-18,PE3,,true
EC,0090,07,441584,376,524582,1,0,2026-06-18,PE3,,true
EC,0090,07,441583,376,524582,1,0,2026-06-18,PE3,,true
EC,0090,07,441582,376,524582,1,0,2026-06-18,PE3,,true
EC,0090,07,441580,376,524582,1,0,2026-06-18,PE3,,true
EC,0090,07,441573,376,524582,1,0,2026-06-18,PE3,,true
EC,0090,07,441571,376,524582,1,0,2026-06-18,PE3,,true
EC,0090,07,441565,376,524582,1,0,2026-06-18,PE3,,true
EC,0090,07,441564,376,524582,1,0,2026-06-18,PE3,,true
EC,0090,07,441563,376,524582,1,0,2026-06-18,PE3,,true
EC,0090,07,441559,376,524582,1,0,2026-06-18,PE3,,true
EC,0090,07,441558,376,524582,1,0,2026-06-18,PE3,,true
EC,0090,07,441542,376,524582,1,0,2026-06-18,PE3,,true
EC,0090,07,444859,376,524582,1,0,2026-06-18,PE3,,true
EC,0090,07,444636,376,524582,1,0,2026-06-18,PE3,,true
EC,0090,07,168859,376,524582,1,0,2026-06-18,PE3,,true
EC,0090,07,444513,376,524582,1,0,2026-06-18,PE3,,true
EC,0090,07,444125,376,524582,1,0,2026-06-18,PE3,,true
EC,0090,07,446850,376,524582,1,0,2026-06-18,PE3,,true
EC,0090,07,444935,376,524582,1,0,2026-06-18,PE3,,true
EC,0090,07,449886,376,524582,1,0,2026-06-18,PE3,,true
EC,0090,07,449842,376,524582,1,0,2026-06-18,PE3,,true
EC,0090,07,449752,376,524582,1,0,2026-06-18,PE3,,true
EC,0090,07,452964,376,524582,1,0,2026-06-18,PE3,,true
EC,0090,07,456393,376,524582,1,0,2026-06-18,PE3,,true
EC,0090,07,455954,376,524582,1,0,2026-06-18,PE3,,true
EC,0090,07,455623,376,524582,1,0,2026-06-18,PE3,,true
EC,0090,07,458581,376,524582,1,0,2026-06-18,PE3,,true
EC,0090,07,168808,376,524582,1,0,2026-06-18,PE3,,true
EC,0090,07,464656,376,524582,1,0,2026-06-18,PE3,,true
EC,0090,07,468245,376,524582,1,0,2026-06-18,PE3,,true
EC,0090,07,467148,376,524582,1,0,2026-06-18,PE3,,true
EC,0090,07,469040,376,524582,1,0,2026-06-18,PE3,,true
EC,0090,07,474154,376,524582,1,0,2026-06-18,PE3,,true
EC,0090,07,473654,376,524582,1,0,2026-06-18,PE3,,true
EC,0090,07,475632,376,524582,1,0,2026-06-18,PE3,,true
EC,0090,07,479009,376,524582,1,0,2026-06-18,PE3,,true
EC,0090,07,479010,376,524582,1,0,2026-06-18,PE3,,true
EC,0090,07,478556,376,524582,1,0,2026-06-18,PE3,,true
EC,0090,07,478102,376,524582,1,0,2026-06-18,PE3,,true
EC,0090,07,482387,376,524582,1,0,2026-06-18,PE3,,true
EC,0090,07,482482,376,524582,1,0,2026-06-18,PE3,,true
EC,0090,07,485998,376,524582,1,0,2026-06-18,PE3,,true
EC,0090,07,485044,376,524582,1,0,2026-06-18,PE3,,true
EC,0090,07,486999,376,524582,1,0,2026-06-18,PE3,,true
EC,0090,07,488147,376,524582,1,0,2026-06-18,PE3,,true
EC,0090,07,487001,376,524582,1,0,2026-06-18,PE3,,true
EC,0090,07,488869,376,524582,1,0,2026-06-18,PE3,,true
EC,0090,07,488860,376,524582,1,0,2026-06-18,PE3,,true
EC,0090,07,488687,376,524582,1,0,2026-06-18,PE3,,true
EC,0090,07,222002,382,524582,1,0,2026-06-18,PE3,,true
EC,0090,07,211578,382,524582,1,0,2026-06-18,PE3,,true
EC,0090,07,175591,382,524582,1,0,2026-06-18,PE3,,true
EC,0090,07,146319,382,524582,1,0,2026-06-18,PE3,,true
EC,0090,07,82843,382,524582,1,0,2026-06-18,PE3,,true
EC,0090,07,82247,382,524582,1,0,2026-06-18,PE3,,true
EC,0090,07,82236,382,524582,1,0,2026-06-18,PE3,,true
EC,0090,07,82234,382,524582,1,0,2026-06-18,PE3,,true
EC,0090,07,82231,382,524582,1,0,2026-06-18,PE3,,true
EC,0090,07,82216,382,524582,1,0,2026-06-18,PE3,,true
EC,0090,07,85090,382,524582,1,0,2026-06-18,PE3,,true
EC,0090,07,85088,382,524582,1,0,2026-06-18,PE3,,true
EC,0090,07,119337,382,524582,1,0,2026-06-18,PE3,,true
EC,0090,07,205175,382,524582,1,0,2026-06-18,PE3,,true
EC,0090,07,174036,382,524582,1,0,2026-06-18,PE3,,true
EC,0090,07,240451,382,524582,1,0,2026-06-18,PE3,,true
EC,0090,07,332418,382,524582,1,0,2026-06-18,PE3,,true
EC,0090,07,323990,382,524582,1,0,2026-06-18,PE3,,true
EC,0090,07,322547,382,524582,1,0,2026-06-18,PE3,,true
EC,0090,07,355208,382,524582,1,0,2026-06-18,PE3,,true
EC,0090,07,334258,382,524582,1,0,2026-06-18,PE3,,true
EC,0090,07,375033,382,524582,1,0,2026-06-18,PE3,,true
EC,0090,07,380732,382,524582,1,0,2026-06-18,PE3,,true
EC,0090,07,389566,382,524582,1,0,2026-06-18,PE3,,true
EC,0090,07,387135,382,524582,1,0,2026-06-18,PE3,,true
EC,0090,07,382806,382,524582,1,0,2026-06-18,PE3,,true
EC,0090,07,382698,382,524582,1,0,2026-06-18,PE3,,true
EC,0090,07,399059,382,524582,1,0,2026-06-18,PE3,,true
EC,0090,07,398527,382,524582,1,0,2026-06-18,PE3,,true
EC,0090,07,413446,382,524582,1,0,2026-06-18,PE3,,true
EC,0090,07,414836,382,524582,1,0,2026-06-18,PE3,,true
EC,0090,07,82839,382,524582,1,0,2026-06-18,PE3,,true
EC,0090,07,82812,382,524582,1,0,2026-06-18,PE3,,true
EC,0090,07,82257,382,524582,1,0,2026-06-18,PE3,,true
EC,0090,07,82248,382,524582,1,0,2026-06-18,PE3,,true
EC,0090,07,82245,382,524582,1,0,2026-06-18,PE3,,true
EC,0090,07,82228,382,524582,1,0,2026-06-18,PE3,,true
EC,0090,07,82221,382,524582,1,0,2026-06-18,PE3,,true
EC,0090,07,82214,382,524582,1,0,2026-06-18,PE3,,true
EC,0090,07,85797,382,524582,1,0,2026-06-18,PE3,,true
EC,0090,07,422765,382,524582,1,0,2026-06-18,PE3,,true
EC,0090,07,425902,382,524582,1,0,2026-06-18,PE3,,true
EC,0090,07,423781,382,524582,1,0,2026-06-18,PE3,,true
EC,0090,07,429984,382,524582,1,0,2026-06-18,PE3,,true
EC,0090,07,429137,382,524582,1,0,2026-06-18,PE3,,true
EC,0090,07,434405,382,524582,1,0,2026-06-18,PE3,,true
EC,0090,07,437795,382,524582,1,0,2026-06-18,PE3,,true
EC,0090,07,436932,382,524582,1,0,2026-06-18,PE3,,true
EC,0090,07,447845,382,524582,1,0,2026-06-18,PE3,,true
EC,0090,07,448145,382,524582,1,0,2026-06-18,PE3,,true
EC,0090,07,267979,382,524582,1,0,2026-06-18,PE3,,true
EC,0090,07,450524,382,524582,1,0,2026-06-18,PE3,,true
EC,0090,07,450180,382,524582,1,0,2026-06-18,PE3,,true
EC,0090,07,240638,382,524582,1,0,2026-06-18,PE3,,true
EC,0090,07,449909,382,524582,1,0,2026-06-18,PE3,,true
EC,0090,07,453617,382,524582,1,0,2026-06-18,PE3,,true
EC,0090,07,463024,382,524582,1,0,2026-06-18,PE3,,true
EC,0090,07,464318,382,524582,1,0,2026-06-18,PE3,,true
EC,0090,07,326747,382,524582,1,0,2026-06-18,PE3,,true
EC,0090,07,468814,382,524582,1,0,2026-06-18,PE3,,true
EC,0090,07,472350,382,524582,1,0,2026-06-18,PE3,,true
EC,0090,07,471355,382,524582,1,0,2026-06-18,PE3,,true
EC,0090,07,478019,382,524582,1,0,2026-06-18,PE3,,true
EC,0090,07,477931,382,524582,1,0,2026-06-18,PE3,,true
EC,0090,07,477686,382,524582,1,0,2026-06-18,PE3,,true
EC,0090,07,479044,382,524582,1,0,2026-06-18,PE3,,true
EC,0090,07,478100,382,524582,1,0,2026-06-18,PE3,,true
EC,0090,07,478104,382,524582,1,0,2026-06-18,PE3,,true
EC,0090,07,480623,382,524582,1,0,2026-06-18,PE3,,true
EC,0090,07,480101,382,524582,1,0,2026-06-18,PE3,,true
EC,0090,07,480041,382,524582,1,0,2026-06-18,PE3,,true
EC,0090,07,481694,382,524582,1,0,2026-06-18,PE3,,true
EC,0090,07,481625,382,524582,1,0,2026-06-18,PE3,,true
EC,0090,07,482847,382,524582,1,0,2026-06-18,PE3,,true
EC,0090,07,242741,382,524582,1,0,2026-06-18,PE3,,true
EC,0090,07,483959,382,524582,1,0,2026-06-18,PE3,,true
EC,0090,07,483375,382,524582,1,0,2026-06-18,PE3,,true
EC,0090,07,483111,382,524582,1,0,2026-06-18,PE3,,true
EC,0090,07,483084,382,524582,1,0,2026-06-18,PE3,,true
EC,0090,07,485578,382,524582,1,0,2026-06-18,PE3,,true
EC,0090,07,486384,382,524582,1,0,2026-06-18,PE3,,true
EC,0090,07,489056,382,524582,1,0,2026-06-18,PE3,,true
EC,0090,07,157425,90701,524582,1,0,2026-06-18,PE3,,true
EC,0090,07,84286,90701,524582,1,0,2026-06-18,PE3,,true
EC,0090,07,84279,90701,524582,1,0,2026-06-18,PE3,,true
EC,0090,07,84271,90701,524582,1,0,2026-06-18,PE3,,true
EC,0090,07,84253,90701,524582,1,0,2026-06-18,PE3,,true
EC,0090,07,84247,90701,524582,1,0,2026-06-18,PE3,,true
EC,0090,07,84110,90701,524582,1,0,2026-06-18,PE3,,true
EC,0090,07,84106,90701,524582,1,0,2026-06-18,PE3,,true
EC,0090,07,84105,90701,524582,1,0,2026-06-18,PE3,,true
EC,0090,07,125559,90701,524582,1,0,2026-06-18,PE3,,true
EC,0090,07,122764,90701,524582,1,0,2026-06-18,PE3,,true
EC,0090,07,85337,90701,524582,1,0,2026-06-18,PE3,,true
EC,0090,07,85334,90701,524582,1,0,2026-06-18,PE3,,true
EC,0090,07,236401,90701,524582,1,0,2026-06-18,PE3,,true
EC,0090,07,245418,90701,524582,1,0,2026-06-18,PE3,,true
EC,0090,07,321237,90701,524582,1,0,2026-06-18,PE3,,true
EC,0090,07,360501,90701,524582,1,0,2026-06-18,PE3,,true
EC,0090,07,332906,90701,524582,1,0,2026-06-18,PE3,,true
EC,0090,07,372511,90701,524582,1,0,2026-06-18,PE3,,true
EC,0090,07,366756,90701,524582,1,0,2026-06-18,PE3,,true
EC,0090,07,360962,90701,524582,1,0,2026-06-18,PE3,,true
EC,0090,07,376656,90701,524582,1,0,2026-06-18,PE3,,true
EC,0090,07,376654,90701,524582,1,0,2026-06-18,PE3,,true
EC,0090,07,376282,90701,524582,1,0,2026-06-18,PE3,,true
EC,0090,07,375632,90701,524582,1,0,2026-06-18,PE3,,true
EC,0090,07,374567,90701,524582,1,0,2026-06-18,PE3,,true
EC,0090,07,380341,90701,524582,1,0,2026-06-18,PE3,,true
EC,0090,07,380335,90701,524582,1,0,2026-06-18,PE3,,true
EC,0090,07,389334,90701,524582,1,0,2026-06-18,PE3,,true
EC,0090,07,388580,90701,524582,1,0,2026-06-18,PE3,,true
EC,0090,07,390996,90701,524582,1,0,2026-06-18,PE3,,true
EC,0090,07,412916,90701,524582,1,0,2026-06-18,PE3,,true
EC,0090,07,418536,90701,524582,1,0,2026-06-18,PE3,,true
EC,0090,07,84380,90701,524582,1,0,2026-06-18,PE3,,true
EC,0090,07,84378,90701,524582,1,0,2026-06-18,PE3,,true
EC,0090,07,84376,90701,524582,1,0,2026-06-18,PE3,,true
EC,0090,07,84373,90701,524582,1,0,2026-06-18,PE3,,true
EC,0090,07,84370,90701,524582,1,0,2026-06-18,PE3,,true
EC,0090,07,84366,90701,524582,1,0,2026-06-18,PE3,,true
EC,0090,07,84278,90701,524582,1,0,2026-06-18,PE3,,true
EC,0090,07,84273,90701,524582,1,0,2026-06-18,PE3,,true
EC,0090,07,84267,90701,524582,1,0,2026-06-18,PE3,,true
EC,0090,07,84265,90701,524582,1,0,2026-06-18,PE3,,true
EC,0090,07,84252,90701,524582,1,0,2026-06-18,PE3,,true
EC,0090,07,421097,90701,524582,1,0,2026-06-18,PE3,,true
EC,0090,07,420961,90701,524582,1,0,2026-06-18,PE3,,true
EC,0090,07,434424,90701,524582,1,0,2026-06-18,PE3,,true
EC,0090,07,433986,90701,524582,1,0,2026-06-18,PE3,,true
EC,0090,07,436867,90701,524582,1,0,2026-06-18,PE3,,true
EC,0090,07,437817,90701,524582,1,0,2026-06-18,PE3,,true
EC,0090,07,442506,90701,524582,1,0,2026-06-18,PE3,,true
EC,0090,07,442476,90701,524582,1,0,2026-06-18,PE3,,true
EC,0090,07,446429,90701,524582,1,0,2026-06-18,PE3,,true
EC,0090,07,446302,90701,524582,1,0,2026-06-18,PE3,,true
EC,0090,07,450507,90701,524582,1,0,2026-06-18,PE3,,true
EC,0090,07,450364,90701,524582,1,0,2026-06-18,PE3,,true
EC,0090,07,454834,90701,524582,1,0,2026-06-18,PE3,,true
EC,0090,07,454586,90701,524582,1,0,2026-06-18,PE3,,true
EC,0090,07,458408,90701,524582,1,0,2026-06-18,PE3,,true
EC,0090,07,458409,90701,524582,1,0,2026-06-18,PE3,,true
EC,0090,07,459391,90701,524582,1,0,2026-06-18,PE3,,true
EC,0090,07,459153,90701,524582,1,0,2026-06-18,PE3,,true
EC,0090,07,466279,90701,524582,1,0,2026-06-18,PE3,,true
EC,0090,07,466128,90701,524582,1,0,2026-06-18,PE3,,true
EC,0090,07,465233,90701,524582,1,0,2026-06-18,PE3,,true
EC,0090,07,464307,90701,524582,1,0,2026-06-18,PE3,,true
EC,0090,07,464317,90701,524582,1,0,2026-06-18,PE3,,true
EC,0090,07,468706,90701,524582,1,0,2026-06-18,PE3,,true
EC,0090,07,469631,90701,524582,1,0,2026-06-18,PE3,,true
EC,0090,07,474783,90701,524582,1,0,2026-06-18,PE3,,true
EC,0090,07,478024,90701,524582,1,0,2026-06-18,PE3,,true
EC,0090,07,478667,90701,524582,1,0,2026-06-18,PE3,,true
EC,0090,07,480363,90701,524582,1,0,2026-06-18,PE3,,true
EC,0090,07,482355,90701,524582,1,0,2026-06-18,PE3,,true
EC,0090,07,482256,90701,524582,1,0,2026-06-18,PE3,,true
EC,0090,07,484994,90701,524582,1,0,2026-06-18,PE3,,true
EC,0090,07,486799,90701,524582,1,0,2026-06-18,PE3,,true
EC,0090,07,486444,90701,524582,1,0,2026-06-18,PE3,,true
EC,0090,07,85067,90706,524582,1,0,2026-06-18,PE3,,true
EC,0090,07,118990,90706,524582,1,0,2026-06-18,PE3,,true
EC,0090,07,205247,90706,524582,1,0,2026-06-18,PE3,,true
EC,0090,07,141518,90706,524582,1,0,2026-06-18,PE3,,true
EC,0090,07,138077,90706,524582,1,0,2026-06-18,PE3,,true
EC,0090,07,240648,90706,524582,1,0,2026-06-18,PE3,,true
EC,0090,07,228853,90706,524582,1,0,2026-06-18,PE3,,true
EC,0090,07,305394,90706,524582,1,0,2026-06-18,PE3,,true
EC,0090,07,289032,90706,524582,1,0,2026-06-18,PE3,,true
EC,0090,07,348699,90706,524582,1,0,2026-06-18,PE3,,true
EC,0090,07,366466,90706,524582,1,0,2026-06-18,PE3,,true
EC,0090,07,361319,90706,524582,1,0,2026-06-18,PE3,,true
EC,0090,07,361318,90706,524582,1,0,2026-06-18,PE3,,true
EC,0090,07,381727,90706,524582,1,0,2026-06-18,PE3,,true
EC,0090,07,380467,90706,524582,1,0,2026-06-18,PE3,,true
EC,0090,07,380315,90706,524582,1,0,2026-06-18,PE3,,true
EC,0090,07,389086,90706,524582,1,0,2026-06-18,PE3,,true
EC,0090,07,399560,90706,524582,1,0,2026-06-18,PE3,,true
EC,0090,07,398317,90706,524582,1,0,2026-06-18,PE3,,true
EC,0090,07,394933,90706,524582,1,0,2026-06-18,PE3,,true
EC,0090,07,403832,90706,524582,1,0,2026-06-18,PE3,,true
EC,0090,07,400964,90706,524582,1,0,2026-06-18,PE3,,true
EC,0090,07,410569,90706,524582,1,0,2026-06-18,PE3,,true
EC,0090,07,414933,90706,524582,1,0,2026-06-18,PE3,,true
EC,0090,07,416958,90706,524582,1,0,2026-06-18,PE3,,true
EC,0090,07,83183,90706,524582,1,0,2026-06-18,PE3,,true
EC,0090,07,82981,90706,524582,1,0,2026-06-18,PE3,,true
EC,0090,07,82979,90706,524582,1,0,2026-06-18,PE3,,true
EC,0090,07,82978,90706,524582,1,0,2026-06-18,PE3,,true
EC,0090,07,82977,90706,524582,1,0,2026-06-18,PE3,,true
EC,0090,07,82966,90706,524582,1,0,2026-06-18,PE3,,true
EC,0090,07,82329,90706,524582,1,0,2026-06-18,PE3,,true
EC,0090,07,419987,90706,524582,1,0,2026-06-18,PE3,,true
EC,0090,07,228994,90706,524582,1,0,2026-06-18,PE3,,true
EC,0090,07,85512,90706,524582,1,0,2026-06-18,PE3,,true
EC,0090,07,425033,90706,524582,1,0,2026-06-18,PE3,,true
EC,0090,07,428868,90706,524582,1,0,2026-06-18,PE3,,true
EC,0090,07,447157,90706,524582,1,0,2026-06-18,PE3,,true
EC,0090,07,446951,90706,524582,1,0,2026-06-18,PE3,,true
EC,0090,07,445956,90706,524582,1,0,2026-06-18,PE3,,true
EC,0090,07,445587,90706,524582,1,0,2026-06-18,PE3,,true
EC,0090,07,450030,90706,524582,1,0,2026-06-18,PE3,,true
EC,0090,07,449423,90706,524582,1,0,2026-06-18,PE3,,true
EC,0090,07,448033,90706,524582,1,0,2026-06-18,PE3,,true
EC,0090,07,453863,90706,524582,1,0,2026-06-18,PE3,,true
EC,0090,07,453862,90706,524582,1,0,2026-06-18,PE3,,true
EC,0090,07,453822,90706,524582,1,0,2026-06-18,PE3,,true
EC,0090,07,455882,90706,524582,1,0,2026-06-18,PE3,,true
EC,0090,07,455691,90706,524582,1,0,2026-06-18,PE3,,true
EC,0090,07,455688,90706,524582,1,0,2026-06-18,PE3,,true
EC,0090,07,465854,90706,524582,1,0,2026-06-18,PE3,,true
EC,0090,07,470399,90706,524582,1,0,2026-06-18,PE3,,true
EC,0090,07,470091,90706,524582,1,0,2026-06-18,PE3,,true
EC,0090,07,469691,90706,524582,1,0,2026-06-18,PE3,,true
EC,0090,07,475668,90706,524582,1,0,2026-06-18,PE3,,true
EC,0090,07,478017,90706,524582,1,0,2026-06-18,PE3,,true
EC,0090,07,477657,90706,524582,1,0,2026-06-18,PE3,,true
EC,0090,07,476991,90706,524582,1,0,2026-06-18,PE3,,true
EC,0090,07,478680,90706,524582,1,0,2026-06-18,PE3,,true
EC,0090,07,478507,90706,524582,1,0,2026-06-18,PE3,,true
EC,0090,07,480174,90706,524582,1,0,2026-06-18,PE3,,true
EC,0090,07,479146,90706,524582,1,0,2026-06-18,PE3,,true
EC,0090,07,482608,90706,524582,1,0,2026-06-18,PE3,,true
EC,0090,07,482483,90706,524582,1,0,2026-06-18,PE3,,true
EC,0090,07,484128,90706,524582,1,0,2026-06-18,PE3,,true
EC,0090,07,483899,90706,524582,1,0,2026-06-18,PE3,,true
EC,0090,07,483668,90706,524582,1,0,2026-06-18,PE3,,true
EC,0090,07,483365,90706,524582,1,0,2026-06-18,PE3,,true
EC,0090,07,483366,90706,524582,1,0,2026-06-18,PE3,,true
EC,0090,07,486638,90706,524582,1,0,2026-06-18,PE3,,true
EC,0090,07,486490,90706,524582,1,0,2026-06-18,PE3,,true
EC,0090,07,486409,90706,524582,1,0,2026-06-18,PE3,,true
EC,0090,07,486259,90706,524582,1,0,2026-06-18,PE3,,true
EC,0090,07,488598,90706,524582,1,0,2026-06-18,PE3,,true
EC,0090,07,488414,90706,524582,1,0,2026-06-18,PE3,,true
EC,0090,07,399536,90708,524582,1,0,2026-06-18,PE3,,true
EC,0090,07,391994,90708,524582,1,0,2026-06-18,PE3,,true
EC,0090,07,391992,90708,524582,1,0,2026-06-18,PE3,,true
EC,0090,07,392069,90708,524582,1,0,2026-06-18,PE3,,true
EC,0090,07,392047,90708,524582,1,0,2026-06-18,PE3,,true
EC,0090,07,392034,90708,524582,1,0,2026-06-18,PE3,,true
EC,0090,07,392340,90708,524582,1,0,2026-06-18,PE3,,true
EC,0090,07,392339,90708,524582,1,0,2026-06-18,PE3,,true
EC,0090,07,392299,90708,524582,1,0,2026-06-18,PE3,,true
EC,0090,07,392580,90708,524582,1,0,2026-06-18,PE3,,true
EC,0090,07,392500,90708,524582,1,0,2026-06-18,PE3,,true
EC,0090,07,392399,90708,524582,1,0,2026-06-18,PE3,,true
EC,0090,07,392391,90708,524582,1,0,2026-06-18,PE3,,true
EC,0090,07,392381,90708,524582,1,0,2026-06-18,PE3,,true
EC,0090,07,392767,90708,524582,1,0,2026-06-18,PE3,,true
EC,0090,07,392624,90708,524582,1,0,2026-06-18,PE3,,true
EC,0090,07,392915,90708,524582,1,0,2026-06-18,PE3,,true
EC,0090,07,392888,90708,524582,1,0,2026-06-18,PE3,,true
EC,0090,07,392886,90708,524582,1,0,2026-06-18,PE3,,true
EC,0090,07,392852,90708,524582,1,0,2026-06-18,PE3,,true
EC,0090,07,393061,90708,524582,1,0,2026-06-18,PE3,,true
EC,0090,07,393059,90708,524582,1,0,2026-06-18,PE3,,true
EC,0090,07,393049,90708,524582,1,0,2026-06-18,PE3,,true
EC,0090,07,393009,90708,524582,1,0,2026-06-18,PE3,,true
EC,0090,07,393005,90708,524582,1,0,2026-06-18,PE3,,true
EC,0090,07,393004,90708,524582,1,0,2026-06-18,PE3,,true
EC,0090,07,392997,90708,524582,1,0,2026-06-18,PE3,,true
EC,0090,07,392970,90708,524582,1,0,2026-06-18,PE3,,true
EC,0090,07,393229,90708,524582,1,0,2026-06-18,PE3,,true
EC,0090,07,393175,90708,524582,1,0,2026-06-18,PE3,,true
EC,0090,07,393133,90708,524582,1,0,2026-06-18,PE3,,true
EC,0090,07,393364,90708,524582,1,0,2026-06-18,PE3,,true
EC,0090,07,393314,90708,524582,1,0,2026-06-18,PE3,,true
EC,0090,07,394169,90708,524582,1,0,2026-06-18,PE3,,true
EC,0090,07,393502,90708,524582,1,0,2026-06-18,PE3,,true
EC,0090,07,393490,90708,524582,1,0,2026-06-18,PE3,,true
EC,0090,07,400000,90708,524582,1,0,2026-06-18,PE3,,true
EC,0090,07,399366,90708,524582,1,0,2026-06-18,PE3,,true
EC,0090,07,406721,90708,524582,1,0,2026-06-18,PE3,,true
EC,0090,07,403986,90708,524582,1,0,2026-06-18,PE3,,true
EC,0090,07,400420,90708,524582,1,0,2026-06-18,PE3,,true
EC,0090,07,400290,90708,524582,1,0,2026-06-18,PE3,,true
EC,0090,07,414155,90708,524582,1,0,2026-06-18,PE3,,true
EC,0090,07,410634,90708,524582,1,0,2026-06-18,PE3,,true
EC,0090,07,415308,90708,524582,1,0,2026-06-18,PE3,,true
EC,0090,07,427122,90708,524582,1,0,2026-06-18,PE3,,true
EC,0090,07,426365,90708,524582,1,0,2026-06-18,PE3,,true
EC,0090,07,425991,90708,524582,1,0,2026-06-18,PE3,,true
EC,0090,07,428963,90708,524582,1,0,2026-06-18,PE3,,true
EC,0090,07,428830,90708,524582,1,0,2026-06-18,PE3,,true
EC,0090,07,437912,90708,524582,1,0,2026-06-18,PE3,,true
EC,0090,07,437705,90708,524582,1,0,2026-06-18,PE3,,true
EC,0090,07,443583,90708,524582,1,0,2026-06-18,PE3,,true
EC,0090,07,443431,90708,524582,1,0,2026-06-18,PE3,,true
EC,0090,07,444463,90708,524582,1,0,2026-06-18,PE3,,true
EC,0090,07,444218,90708,524582,1,0,2026-06-18,PE3,,true
EC,0090,07,454472,90708,524582,1,0,2026-06-18,PE3,,true
EC,0090,07,457476,90708,524582,1,0,2026-06-18,PE3,,true
EC,0090,07,456814,90708,524582,1,0,2026-06-18,PE3,,true
EC,0090,07,456735,90708,524582,1,0,2026-06-18,PE3,,true
EC,0090,07,458253,90708,524582,1,0,2026-06-18,PE3,,true
EC,0090,07,458123,90708,524582,1,0,2026-06-18,PE3,,true
EC,0090,07,465997,90708,524582,1,0,2026-06-18,PE3,,true
EC,0090,07,468319,90708,524582,1,0,2026-06-18,PE3,,true
EC,0090,07,467590,90708,524582,1,0,2026-06-18,PE3,,true
EC,0090,07,472510,90708,524582,1,0,2026-06-18,PE3,,true
EC,0090,07,473830,90708,524582,1,0,2026-06-18,PE3,,true
EC,0090,07,475497,90708,524582,1,0,2026-06-18,PE3,,true
EC,0090,07,478607,90708,524582,1,0,2026-06-18,PE3,,true
EC,0090,07,481428,90708,524582,1,0,2026-06-18,PE3,,true
EC,0090,07,482353,90708,524582,1,0,2026-06-18,PE3,,true
EC,0090,07,483355,90708,524582,1,0,2026-06-18,PE3,,true
EC,0090,07,486938,90708,524582,1,0,2026-06-18,PE3,,true
EC,0090,07,486867,90708,524582,1,0,2026-06-18,PE3,,true
EC,0090,07,488250,90708,524582,1,0,2026-06-18,PE3,,true
EC,0090,07,487353,90708,524582,1,0,2026-06-18,PE3,,true
EC,0090,07,487279,90708,524582,1,0,2026-06-18,PE3,,true
EC,0090,07,487185,90708,524582,1,0,2026-06-18,PE3,,true
EC,0090,07,487160,90708,524582,1,0,2026-06-18,PE3,,true
EC,0090,07,489352,90708,524582,1,0,2026-06-18,PE3,,true
EC,0090,07,488511,90708,524582,1,0,2026-06-18,PE3,,true
EC,0090,07,488510,90708,524582,1,0,2026-06-18,PE3,,true
